<?xml version="1.0" encoding="UTF-8"?>

<AdministrableProductDefinition xmlns="http://hl7.org/fhir">
  <id value="f2d57482-53b6-4394-aed2-7f77ad20cb2f"/>
  <meta>
    <profile value="http://hl7.org/fhir/uv/emedicinal-product-info/StructureDefinition/AdministrableProductDefinition-uv-epi"/>
  </meta>
  <text>
    <status value="generated"/><div xmlns="http://www.w3.org/1999/xhtml"><p><b>Generated Narrative: AdministrableProductDefinition</b><a name="f2d57482-53b6-4394-aed2-7f77ad20cb2f"> </a></p><div style="display: inline-block; background-color: #d9e0e7; padding: 6px; margin: 4px; border: 1px solid #8da1b4; border-radius: 5px; line-height: 60%"><p style="margin-bottom: 0px">Resource AdministrableProductDefinition &quot;f2d57482-53b6-4394-aed2-7f77ad20cb2f&quot; </p><p style="margin-bottom: 0px">Profile: <a href="StructureDefinition-AdministrableProductDefinition-uv-epi.html">AdministrableProductDefinition (ePI)</a></p></div><p><b>identifier</b>: id: xx</p><p><b>status</b>: active</p><p><b>formOf</b>: <a href="MedicinalProductDefinition-0d1da9fc-0eac-48da-b62b-4ea041b1b8c6.html">MedicinalProductDefinition/0d1da9fc-0eac-48da-b62b-4ea041b1b8c6</a></p><p><b>administrableDoseForm</b>: Prolonged-release tablet <span style="background: LightGoldenRodYellow; margin: 4px; border: 1px solid khaki"> (rmswi#10226000)</span></p><p><b>unitOfPresentation</b>: tablet <span style="background: LightGoldenRodYellow; margin: 4px; border: 1px solid khaki"> (rmswi#200000002152)</span></p><p><b>producedFrom</b>: <a href="ManufacturedItemDefinition-8db3e31d-bc00-4b9c-9ad0-4e7c0cd7888a.html">ManufacturedItemDefinition/8db3e31d-bc00-4b9c-9ad0-4e7c0cd7888a</a></p><blockquote><p><b>routeOfAdministration</b></p><p><b>code</b>: Oral use <span style="background: LightGoldenRodYellow; margin: 4px; border: 1px solid khaki"> (rmswi#100000073619)</span></p><h3>TargetSpecies</h3><table class="grid"><tr><td>-</td><td><b>Code</b></td></tr><tr><td>*</td><td>Human <span style="background: LightGoldenRodYellow; margin: 4px; border: 1px solid khaki"> (rmswi#100000109093)</span></td></tr></table></blockquote></div>
  </text>
  <identifier>
    <system value="https://www.who-umc.org/phpid"/>
    <value value="xx"/>
  </identifier>
  <status value="active"/>
  <formOf>
    <reference value="MedicinalProductDefinition/0d1da9fc-0eac-48da-b62b-4ea041b1b8c6"/>
  </formOf>
  <administrableDoseForm>
    <coding>
      <system value="https://spor.ema.europa.eu/rmswi"/>
      <code value="10226000"/>
      <display value="Prolonged-release tablet"/>
    </coding>
  </administrableDoseForm>
  <unitOfPresentation>
    <coding>
      <system value="https://spor.ema.europa.eu/rmswi"/>
      <code value="200000002152"/>
      <display value="tablet"/>
    </coding>
  </unitOfPresentation>
  <producedFrom>
    <reference value="ManufacturedItemDefinition/8db3e31d-bc00-4b9c-9ad0-4e7c0cd7888a"/>
  </producedFrom>
  <routeOfAdministration>
    <code>
      <coding>
        <system value="https://spor.ema.europa.eu/rmswi"/>
        <code value="100000073619"/>
        <display value="Oral use"/>
      </coding>
    </code>
    <targetSpecies>
      <code>
        <coding>
          <system value="https://spor.ema.europa.eu/rmswi"/>
          <code value="100000109093"/>
          <display value="Human"/>
        </coding>
      </code>
    </targetSpecies>
  </routeOfAdministration>
</AdministrableProductDefinition>