<?xml version="1.0" encoding="UTF-8"?>

<Bundle xmlns="http://hl7.org/fhir">
  <id value="a8ecb6c6-a718-4880-b649-869bede50511"/>
  <meta>
    <profile value="http://hl7.org/fhir/uv/vulcan-eproduct-info/StructureDefinition/Bundle-uv-epi"/>
  </meta>
  <identifier>
    <system value="https://www.gravitatehealth.eu/sid/doc"/>
    <value value="EU/1/16/1157/003"/>
  </identifier>
  <type value="document"/>
  <timestamp value="2018-06-23T08:38:00+02:00"/>
  <entry>
    <fullUrl value="Composition/2fc7e6d1-f7e3-4223-acd2-f6232e1e6d54"/>
    <resource>
      <Composition>
        <id value="2fc7e6d1-f7e3-4223-acd2-f6232e1e6d54"/>
        <meta>
          <profile value="http://hl7.org/fhir/uv/vulcan-eproduct-info/StructureDefinition/Composition-uv-epi"/>
        </meta>
        <text>
          <status value="generated"/><div xmlns="http://www.w3.org/1999/xhtml"><p><b>Generated Narrative: Composition</b><a name="2fc7e6d1-f7e3-4223-acd2-f6232e1e6d54"> </a></p><div style="display: inline-block; background-color: #d9e0e7; padding: 6px; margin: 4px; border: 1px solid #8da1b4; border-radius: 5px; line-height: 60%"><p style="margin-bottom: 0px">Resource Composition &quot;2fc7e6d1-f7e3-4223-acd2-f6232e1e6d54&quot; </p><p style="margin-bottom: 0px">Profile: <a href="StructureDefinition-Composition-uv-epi.html">Composition (ePI)</a></p></div><p><b>identifier</b>: id: 0d69fdcb-33cf-407f-8209-a6529856ab4f</p><p><b>status</b>: final</p><p><b>type</b>: Package Leaflet <span style="background: LightGoldenRodYellow; margin: 4px; border: 1px solid khaki"> (#100000155538)</span></p><p><b>date</b>: 2022-02-16 01:28:17+0000</p><p><b>author</b>: <a href="#Organization_dcd39619-37ba-43b4-97f9-3219653315c4">See above (Organization/dcd39619-37ba-43b4-97f9-3219653315c4)</a></p><p><b>title</b>: TEST PURPOSES ONLY - Suliqua Vulcan ePI</p></div>
        </text>
        <identifier>
          <system value="https://spor.ema.europa.eu/rmswi/"/>
          <value value="0d69fdcb-33cf-407f-8209-a6529856ab4f"/>
        </identifier>
        <status value="final"/>
        <type>
          <coding>
            <system value="https://spor.ema.europa.eu/rmswi/"/>
            <code value="100000155538"/>
          </coding>
          <text value="Package Leaflet"/>
        </type>
        <subject>
          <reference value="MedicinalProductDefinition/5e55623d-87fe-4ac8-872a-97a3be4c7094"/>
        </subject>
        <date value="2022-02-16T13:28:17Z"/>
        <author>
          <reference value="Organization/dcd39619-37ba-43b4-97f9-3219653315c4"/>
        </author>
        <title value="TEST PURPOSES ONLY - Suliqua Vulcan ePI"/>
        <section>
          <title value="Product Information"/>
          <code>
            <text value="Product Info"/>
          </code>
          <entry>
            <reference value="ClinicalUseDefinition/3f59a272-23f3-4e78-a4eb-56ecdba0f770"/>
          </entry>
          <entry>
            <reference value="ClinicalUseDefinition/de27d445-8b4d-474b-8acf-cfb1107b0f74"/>
          </entry>
          <entry>
            <reference value="ClinicalUseDefinition/b0f4d667-bc1d-463b-87f3-81eb2c1ee6ce"/>
          </entry>
          <entry>
            <reference value="Ingredient/c9953c00-0a59-47ed-99fc-626bcac49c70"/>
          </entry>
          <entry>
            <reference value="Ingredient/c65d829d-0142-45f0-8fc2-954f266b8f0f"/>
          </entry>
          <entry>
            <reference value="Ingredient/c72c0b2e-b9bd-4512-a8a1-6160cf2ef072"/>
          </entry>
          <entry>
            <reference value="Ingredient/bae53c28-c126-4886-be49-0c12db852e85"/>
          </entry>
          <entry>
            <reference value="Ingredient/f64c14b9-fe07-42d2-b7e9-dbf57d47e32f"/>
          </entry>
          <entry>
            <reference value="Ingredient/25a5957a-ed23-44a7-b5bd-8dca58e6de78"/>
          </entry>
          <entry>
            <reference value="Ingredient/2c2f1842-84e4-4e18-b6d7-dd3264fb1150"/>
          </entry>
          <entry>
            <reference value="Ingredient/6690053a-fecc-4fc2-a247-10399b22753f"/>
          </entry>
          <entry>
            <reference value="Ingredient/02c66837-4d05-425e-853d-e28c063a1ae3"/>
          </entry>
          <entry>
            <reference value="AdministrableProductDefinition/cc81f083-40fb-4de3-8950-aeb3d4cf4606"/>
          </entry>
          <entry>
            <reference value="RegulatedAuthorization/a842129e-7b89-4082-b245-6a2466f85e73"/>
          </entry>
          <entry>
            <reference value="Organization/dcd39619-37ba-43b4-97f9-3219653315c4"/>
          </entry>
          <entry>
            <reference value="Organization/8c88a2fb-e8cb-4e04-af62-b7b38d7f4560"/>
          </entry>
          <entry>
            <reference value="Organization/cb740756-c762-43ae-8e7a-d296e4d447a7"/>
          </entry>
          <entry>
            <reference value="Organization/3c3cf920-92be-4506-b599-bb9d0bdcfc2b"/>
          </entry>
          <entry>
            <reference value="PackagedProductDefinition/b1690558-c82c-4c3d-b918-98978c113f0d"/>
          </entry>
          <entry>
            <reference value="MedicinalProductDefinition/5e55623d-87fe-4ac8-872a-97a3be4c7094"/>
          </entry>
          <entry>
            <reference value="ManufacturedItemDefinition/0c8100d9-2901-4d2b-aaa6-0e9c6f0079d8"/>
          </entry>
        </section>
        <section>
          <title value="Narrative Text"/>
          <code>
            <text value="Narrative"/>
          </code>
          <section>
            <title value="B. Package Leaflet"/>
            <code>
              <coding>
                <system value="https://spor.ema.europa.eu/rmswi/"/>
                <code value="100000155538"/>
              </coding>
              <text value="B. PACKAGE LEAFLET"/>
            </code>
            <text>
              <status value="additional"/><div xmlns="http://www.w3.org/1999/xhtml">unavailable</div>
            </text>
            <emptyReason>
              <coding>
                <system value="http://terminology.hl7.org/CodeSystem/list-empty-reason"/>
                <code value="unavailable"/>
              </coding>
            </emptyReason>
            <section>
              <title value="Package leaflet: Information for the user"/>
              <code>
                <coding>
                  <system value="https://spor.ema.europa.eu/rmswi/"/>
                  <code value="100000155538"/>
                </coding>
                <text value="Package leaflet: Information for the user"/>
              </code>
              <text>
                <status value="additional"/><div xmlns="http://www.w3.org/1999/xhtml">PACKAGE LEAFLET: INFORMATION FOR THE USER Humalog Mix50 100 units/ml suspension for injection in cartridge insulin lispro Read all of this leaflet carefully before you start taking this medicine because it contains important information for you.<ul><li>Keep this leaflet. You may need to read it again.</li><li>If you have any further questions, ask your doctor or pharmacist.</li><li>This medicine has been prescribed for you only. Do not pass it on to others. It may harm them, even if their signs of illness are the same as yours.</li><li>If you get any side effects talk to your doctor or pharmacist. This includes any possible side effects not listed in this leaflet. See section 4.</li></ul></div>
              </text>
            </section>
            <section>
              <title value="What is in this leaflet"/>
              <code>
                <coding>
                  <system value="https://spor.ema.europa.eu/rmswi/"/>
                  <code value="100000155538"/>
                </coding>
                <text value="What is in this leaflet"/>
              </code>
              <text>
                <status value="additional"/><div xmlns="http://www.w3.org/1999/xhtml">What in this leaflet<ol><li>What Humalog Mix50 is and what it is used for</li><li>What you need to know before you take Humalog Mix50</li><li>How to take Humalog Mix50</li><li>Possible side effects</li><li>How to store Humalog Mix50</li><li>Contents of the pack and other information</li></ol></div>
              </text>
            </section>
            <section>
              <title value="1. What Suliqua is and what it is used for"/>
              <code>
                <coding>
                  <system value="https://spor.ema.europa.eu/rmswi/"/>
                  <code value="100000155538"/>
                </coding>
                <text value="1. What Suliqua is and what it is used for"/>
              </code>
              <text>
                <status value="additional"/><div xmlns="http://www.w3.org/1999/xhtml">unavailable</div>
              </text>
              <emptyReason>
                <coding>
                  <system value="http://terminology.hl7.org/CodeSystem/list-empty-reason"/>
                  <code value="unavailable"/>
                </coding>
              </emptyReason>
            </section>
            <section>
              <title value="2. What you need to know before you take Suliqua"/>
              <code>
                <coding>
                  <system value="https://spor.ema.europa.eu/rmswi/"/>
                  <code value="100000155538"/>
                </coding>
                <text value="2. What you need to know before you take Suliqua"/>
              </code>
              <text>
                <status value="additional"/><div xmlns="http://www.w3.org/1999/xhtml"><b>2. What you need to know before you use Humalog Mix50</b> Do NOT use Humalog Mix50 if you</div>
              </text>
            </section>
            <section>
              <title value="3. How to take Suliqua"/>
              <code>
                <coding>
                  <system value="https://spor.ema.europa.eu/rmswi/"/>
                  <code value="100000155538"/>
                </coding>
                <text value="3. How to take Suliqua"/>
              </code>
              <text>
                <status value="additional"/><div xmlns="http://www.w3.org/1999/xhtml"><b>3. How to use Humalog Mix50</b> <b>The 3 ml cartridge is only for use in Lilly 3 ml pens. It is not for use in 1.5 ml pens.</b><p>Always use Humalog Mix50 exactly as your doctor has told you. You should check with your doctor if you are not sure. To prevent the possible transmission of disease, each cartridge must be used by you only, even if the needle on the delivery device is changed.</p></div>
              </text>
            </section>
            <section>
              <title value="4. Possible side effects"/>
              <code>
                <coding>
                  <system value="https://spor.ema.europa.eu/rmswi/"/>
                  <code value="100000155538"/>
                </coding>
                <text value="4. Possible side effects"/>
              </code>
              <text>
                <status value="additional"/><div xmlns="http://www.w3.org/1999/xhtml"><p><b>4. Possible side effects</b></p><p>Like all medicines, this medicine can cause side effects, although not everybody gets them.</p></div>
              </text>
            </section>
            <section>
              <title value="5. How to store Suliqua"/>
              <code>
                <coding>
                  <system value="https://spor.ema.europa.eu/rmswi/"/>
                  <code value="100000155538"/>
                </coding>
                <text value="5. How to store Suliqua"/>
              </code>
              <text>
                <status value="additional"/><div xmlns="http://www.w3.org/1999/xhtml"><p>Keep this medicine out of the sight and reach of children.</p><p>Do not use this medicine after the expiry date which is stated on the carton and on the blister after EXP. The expiry date refers to the last day of that month.</p><p>Do not store above 30°C.</p><p>Do not throw away any medicines via wastewater or household waste. Ask your pharmacist how to throw away of medicines you no longer use. These measures will help protect the environment.</p></div>
              </text>
            </section>
            <section>
              <title value="6. Contents of the pack and other information"/>
              <code>
                <coding>
                  <system value="https://spor.ema.europa.eu/rmswi/"/>
                  <code value="100000155538"/>
                </coding>
                <text value="6. Contents of the pack and other information"/>
              </code>
              <text>
                <status value="additional"/><div xmlns="http://www.w3.org/1999/xhtml"><b>6. Contents of the pack and other information</b> <b>What Humalog Mix50 100 units/ml suspension for injection in cartridge contains</b><p>The active substance is insulin lispro. Insulin lispro is made in the laboratory by a ‘recombinant DNA technology’ process. It is a changed form of human insulin and so is different from other human and animal insulins. Insulin lispro is closely related to human insulin which is a natural hormone made by the pancreas. The other ingredients are protamine sulphate, m-cresol, phenol, glycerol, dibasic sodium phosphate 7H2O, zinc oxide and water for injection. Sodium hydroxide or hydrochloric acid may have been used to adjust the acidity.</p></div>
              </text>
            </section>
          </section>
        </section>
      </Composition>
    </resource>
  </entry>
  <entry>
    <fullUrl value="ClinicalUseDefinition/3f59a272-23f3-4e78-a4eb-56ecdba0f770"/>
    <resource>
      <ClinicalUseDefinition>
        <id value="3f59a272-23f3-4e78-a4eb-56ecdba0f770"/>
        <meta>
          <profile value="http://hl7.org/fhir/uv/vulcan-eproduct-info/StructureDefinition/ClinicalUseDefinition-contraindication-uv-epi"/>
        </meta>
        <text>
          <status value="generated"/><div xmlns="http://www.w3.org/1999/xhtml"><p><b>Generated Narrative: ClinicalUseDefinition</b><a name="3f59a272-23f3-4e78-a4eb-56ecdba0f770"> </a></p><div style="display: inline-block; background-color: #d9e0e7; padding: 6px; margin: 4px; border: 1px solid #8da1b4; border-radius: 5px; line-height: 60%"><p style="margin-bottom: 0px">Resource ClinicalUseDefinition &quot;3f59a272-23f3-4e78-a4eb-56ecdba0f770&quot; </p><p style="margin-bottom: 0px">Profile: <a href="StructureDefinition-ClinicalUseDefinition-contraindication-uv-epi.html">ClinicalUseDefinition Contraindication (ePI)</a></p></div><p><b>identifier</b>: id: Hypersensitivity reaction (use: OFFICIAL)</p><p><b>type</b>: contraindication</p><p><b>subject</b>: <a href="#MedicinalProductDefinition_5e55623d-87fe-4ac8-872a-97a3be4c7094">See above (MedicinalProductDefinition/5e55623d-87fe-4ac8-872a-97a3be4c7094)</a></p><blockquote><p><b>contraindication</b></p><h3>DiseaseSymptomProcedures</h3><table class="grid"><tr><td>-</td><td><b>Concept</b></td></tr><tr><td>*</td><td>Contraindication <span style="background: LightGoldenRodYellow; margin: 4px; border: 1px solid khaki"> (<a href="http://terminology.hl7.org/5.0.0/CodeSystem-mdr.html">MedDRA</a>#nan)</span></td></tr></table></blockquote></div>
        </text>
        <identifier>
          <use value="official"/>
          <system value="https://spor.ema.europa.eu/rmswi/#/"/>
          <value value="Hypersensitivity reaction"/>
        </identifier>
        <type value="contraindication"/>
        <subject>
          <reference value="MedicinalProductDefinition/5e55623d-87fe-4ac8-872a-97a3be4c7094"/>
        </subject>
        <contraindication>
          <diseaseSymptomProcedure>
            <concept>
              <coding>
                <system value="http://terminology.hl7.org/CodeSystem/mdr"/>
                <code value="nan"/>
                <display value="Contraindication"/>
              </coding>
            </concept>
          </diseaseSymptomProcedure>
        </contraindication>
      </ClinicalUseDefinition>
    </resource>
  </entry>
  <entry>
    <fullUrl value="ClinicalUseDefinition/de27d445-8b4d-474b-8acf-cfb1107b0f74"/>
    <resource>
      <ClinicalUseDefinition>
        <id value="de27d445-8b4d-474b-8acf-cfb1107b0f74"/>
        <meta>
          <profile value="http://hl7.org/fhir/uv/vulcan-eproduct-info/StructureDefinition/ClinicalUseDefinition-indication-uv-epi"/>
        </meta>
        <text>
          <status value="generated"/><div xmlns="http://www.w3.org/1999/xhtml"><p><b>Generated Narrative: ClinicalUseDefinition</b><a name="de27d445-8b4d-474b-8acf-cfb1107b0f74"> </a></p><div style="display: inline-block; background-color: #d9e0e7; padding: 6px; margin: 4px; border: 1px solid #8da1b4; border-radius: 5px; line-height: 60%"><p style="margin-bottom: 0px">Resource ClinicalUseDefinition &quot;de27d445-8b4d-474b-8acf-cfb1107b0f74&quot; </p><p style="margin-bottom: 0px">Profile: <a href="StructureDefinition-ClinicalUseDefinition-indication-uv-epi.html">ClinicalUseDefinition Indication (ePI)</a></p></div><p><b>identifier</b>: id: Type 2 diabetes mellitus (use: OFFICIAL)</p><p><b>type</b>: indication</p><p><b>subject</b>: <a href="#MedicinalProductDefinition_5e55623d-87fe-4ac8-872a-97a3be4c7094">See above (MedicinalProductDefinition/5e55623d-87fe-4ac8-872a-97a3be4c7094)</a></p><blockquote><p><b>indication</b></p><h3>DiseaseSymptomProcedures</h3><table class="grid"><tr><td>-</td><td><b>Concept</b></td></tr><tr><td>*</td><td>Hypertension <span style="background: LightGoldenRodYellow; margin: 4px; border: 1px solid khaki"> (<a href="http://terminology.hl7.org/5.0.0/CodeSystem-mdr.html">MedDRA</a>#10020772)</span></td></tr></table></blockquote></div>
        </text>
        <identifier>
          <use value="official"/>
          <system value="https://spor.ema.europa.eu/rmswi/#/"/>
          <value value="Type 2 diabetes mellitus"/>
        </identifier>
        <type value="indication"/>
        <subject>
          <reference value="MedicinalProductDefinition/5e55623d-87fe-4ac8-872a-97a3be4c7094"/>
        </subject>
        <indication>
          <diseaseSymptomProcedure>
            <concept>
              <coding>
                <system value="http://terminology.hl7.org/CodeSystem/mdr"/>
                <code value="10020772"/>
                <display value="Hypertension"/>
              </coding>
            </concept>
          </diseaseSymptomProcedure>
        </indication>
      </ClinicalUseDefinition>
    </resource>
  </entry>
  <entry>
    <fullUrl value="ClinicalUseDefinition/b0f4d667-bc1d-463b-87f3-81eb2c1ee6ce"/>
    <resource>
      <ClinicalUseDefinition>
        <id value="b0f4d667-bc1d-463b-87f3-81eb2c1ee6ce"/>
        <meta>
          <profile value="http://hl7.org/fhir/uv/vulcan-eproduct-info/StructureDefinition/ClinicalUseDefinition-interaction-uv-epi"/>
        </meta>
        <text>
          <status value="generated"/><div xmlns="http://www.w3.org/1999/xhtml"><p><b>Generated Narrative: ClinicalUseDefinition</b><a name="b0f4d667-bc1d-463b-87f3-81eb2c1ee6ce"> </a></p><div style="display: inline-block; background-color: #d9e0e7; padding: 6px; margin: 4px; border: 1px solid #8da1b4; border-radius: 5px; line-height: 60%"><p style="margin-bottom: 0px">Resource ClinicalUseDefinition &quot;b0f4d667-bc1d-463b-87f3-81eb2c1ee6ce&quot; </p><p style="margin-bottom: 0px">Profile: <a href="StructureDefinition-ClinicalUseDefinition-interaction-uv-epi.html">ClinicalUseDefinition Interaction (ePI)</a></p></div><p><b>identifier</b>: id: Y9449Q51XH (use: OFFICIAL)</p><p><b>type</b>: interaction</p><p><b>subject</b>: <a href="#MedicinalProductDefinition_5e55623d-87fe-4ac8-872a-97a3be4c7094">See above (MedicinalProductDefinition/5e55623d-87fe-4ac8-872a-97a3be4c7094)</a></p><blockquote><p><b>interaction</b></p><h3>Interactants</h3><table class="grid"><tr><td>-</td><td><b>Item[x]</b></td></tr><tr><td>*</td><td>Bezafibrat <span style="background: LightGoldenRodYellow; margin: 4px; border: 1px solid khaki"> (#Y9449Q51XH)</span></td></tr></table></blockquote></div>
        </text>
        <identifier>
          <use value="official"/>
          <system value="https://gsrs.ncats.nih.gov/ginas/app/beta/"/>
          <value value="Y9449Q51XH"/>
        </identifier>
        <type value="interaction"/>
        <subject>
          <reference value="MedicinalProductDefinition/5e55623d-87fe-4ac8-872a-97a3be4c7094"/>
        </subject>
        <interaction>
          <interactant>
            <itemCodeableConcept>
              <coding>
                <system value="https://gsrs.ncats.nih.gov/ginas/app/beta/"/>
                <code value="Y9449Q51XH"/>
                <display value="Bezafibrat"/>
              </coding>
            </itemCodeableConcept>
          </interactant>
        </interaction>
      </ClinicalUseDefinition>
    </resource>
  </entry>
  <entry>
    <fullUrl value="Ingredient/c9953c00-0a59-47ed-99fc-626bcac49c70"/>
    <resource>
      <Ingredient>
        <id value="c9953c00-0a59-47ed-99fc-626bcac49c70"/>
        <meta>
          <profile value="http://hl7.org/fhir/uv/vulcan-eproduct-info/StructureDefinition/Ingredient-uv-epi"/>
        </meta>
        <text>
          <status value="generated"/><div xmlns="http://www.w3.org/1999/xhtml"><p><b>Generated Narrative: Ingredient</b><a name="c9953c00-0a59-47ed-99fc-626bcac49c70"> </a></p><div style="display: inline-block; background-color: #d9e0e7; padding: 6px; margin: 4px; border: 1px solid #8da1b4; border-radius: 5px; line-height: 60%"><p style="margin-bottom: 0px">Resource Ingredient &quot;c9953c00-0a59-47ed-99fc-626bcac49c70&quot; </p><p style="margin-bottom: 0px">Profile: <a href="StructureDefinition-Ingredient-uv-epi.html">Ingredient (ePI)</a></p></div><p><b>identifier</b>: id: 2ZM8CX04RZ (use: OFFICIAL)</p><p><b>status</b>: active</p><p><b>for</b>: <a href="#ManufacturedItemDefinition_0c8100d9-2901-4d2b-aaa6-0e9c6f0079d8">See above (ManufacturedItemDefinition/0c8100d9-2901-4d2b-aaa6-0e9c6f0079d8)</a></p><p><b>role</b>: active <span style="background: LightGoldenRodYellow; margin: 4px; border: 1px solid khaki"> (rmswi#72072)</span></p><h3>Manufacturers</h3><table class="grid"><tr><td>-</td><td><b>Manufacturer</b></td></tr><tr><td>*</td><td><a href="#Organization_8c88a2fb-e8cb-4e04-af62-b7b38d7f4560">See above (Organization/8c88a2fb-e8cb-4e04-af62-b7b38d7f4560)</a></td></tr></table><blockquote><p><b>substance</b></p><h3>Codes</h3><table class="grid"><tr><td>-</td><td><b>Concept</b></td></tr><tr><td>*</td><td>Insulin glargine <span style="background: LightGoldenRodYellow; margin: 4px; border: 1px solid khaki"> (<a href="http://terminology.hl7.org/5.0.0/CodeSystem-UNII.html">Unique Ingredient Identifier (UNII)</a>#2ZM8CX04RZ)</span></td></tr></table><h3>Strengths</h3><table class="grid"><tr><td>-</td><td><b>Presentation[x]</b></td><td><b>Basis</b></td></tr><tr><td>*</td><td>100 U/ml<span style="background: LightGoldenRodYellow"> (Details: UCUM code U/ml = 'U/ml')</span></td><td>active ingredient - basis of strength  <span style="background: LightGoldenRodYellow; margin: 4px; border: 1px solid khaki"> (<a href="http://terminology.hl7.org/5.0.0/CodeSystem-v3-RoleClass.html">RoleClass</a>#ACTIB)</span></td></tr></table></blockquote></div>
        </text>
        <identifier>
          <use value="official"/>
          <system value="http://fdasis.nlm.nih.gov"/>
          <value value="2ZM8CX04RZ"/>
        </identifier>
        <status value="active"/>
        <for>
          <reference value="ManufacturedItemDefinition/0c8100d9-2901-4d2b-aaa6-0e9c6f0079d8"/>
        </for>
        <role>
          <coding>
            <system value="https://spor.ema.europa.eu/rmswi"/>
            <code value="72072"/>
            <display value="active"/>
          </coding>
        </role>
        <manufacturer>
          <manufacturer>
            <reference value="Organization/8c88a2fb-e8cb-4e04-af62-b7b38d7f4560"/>
          </manufacturer>
        </manufacturer>
        <substance>
          <code>
            <concept>
              <coding>
                <system value="http://fdasis.nlm.nih.gov"/>
                <code value="2ZM8CX04RZ"/>
                <display value="Insulin glargine"/>
              </coding>
            </concept>
          </code>
          <strength>
            <presentationQuantity>
              <value value="100"/>
              <system value="http://unitsofmeasure.org"/>
              <code value="U/ml"/>
            </presentationQuantity>
            <basis>
              <coding>
                <system value="http://terminology.hl7.org/CodeSystem/v3-RoleClass"/>
                <code value="ACTIB"/>
                <display value="active ingredient - basis of strength "/>
              </coding>
            </basis>
          </strength>
        </substance>
      </Ingredient>
    </resource>
  </entry>
  <entry>
    <fullUrl value="Ingredient/c65d829d-0142-45f0-8fc2-954f266b8f0f"/>
    <resource>
      <Ingredient>
        <id value="c65d829d-0142-45f0-8fc2-954f266b8f0f"/>
        <meta>
          <profile value="http://hl7.org/fhir/uv/vulcan-eproduct-info/StructureDefinition/Ingredient-uv-epi"/>
        </meta>
        <text>
          <status value="generated"/><div xmlns="http://www.w3.org/1999/xhtml"><p><b>Generated Narrative: Ingredient</b><a name="c65d829d-0142-45f0-8fc2-954f266b8f0f"> </a></p><div style="display: inline-block; background-color: #d9e0e7; padding: 6px; margin: 4px; border: 1px solid #8da1b4; border-radius: 5px; line-height: 60%"><p style="margin-bottom: 0px">Resource Ingredient &quot;c65d829d-0142-45f0-8fc2-954f266b8f0f&quot; </p><p style="margin-bottom: 0px">Profile: <a href="StructureDefinition-Ingredient-uv-epi.html">Ingredient (ePI)</a></p></div><p><b>identifier</b>: id: 74O62BB01U (use: OFFICIAL)</p><p><b>status</b>: active</p><p><b>for</b>: <a href="#ManufacturedItemDefinition_0c8100d9-2901-4d2b-aaa6-0e9c6f0079d8">See above (ManufacturedItemDefinition/0c8100d9-2901-4d2b-aaa6-0e9c6f0079d8)</a></p><p><b>role</b>: active <span style="background: LightGoldenRodYellow; margin: 4px; border: 1px solid khaki"> (rmswi#72072)</span></p><h3>Manufacturers</h3><table class="grid"><tr><td>-</td><td><b>Manufacturer</b></td></tr><tr><td>*</td><td><a href="#Organization_8c88a2fb-e8cb-4e04-af62-b7b38d7f4560">See above (Organization/8c88a2fb-e8cb-4e04-af62-b7b38d7f4560)</a></td></tr></table><blockquote><p><b>substance</b></p><h3>Codes</h3><table class="grid"><tr><td>-</td><td><b>Concept</b></td></tr><tr><td>*</td><td>Lixisenatide <span style="background: LightGoldenRodYellow; margin: 4px; border: 1px solid khaki"> (<a href="http://terminology.hl7.org/5.0.0/CodeSystem-UNII.html">Unique Ingredient Identifier (UNII)</a>#74O62BB01U)</span></td></tr></table><h3>Strengths</h3><table class="grid"><tr><td>-</td><td><b>Presentation[x]</b></td><td><b>Basis</b></td></tr><tr><td>*</td><td>50 ug/ml<span style="background: LightGoldenRodYellow"> (Details: UCUM code ug/ml = 'ug/ml')</span></td><td>active ingredient - basis of strength  <span style="background: LightGoldenRodYellow; margin: 4px; border: 1px solid khaki"> (<a href="http://terminology.hl7.org/5.0.0/CodeSystem-v3-RoleClass.html">RoleClass</a>#ACTIB)</span></td></tr></table></blockquote></div>
        </text>
        <identifier>
          <use value="official"/>
          <system value="http://fdasis.nlm.nih.gov"/>
          <value value="74O62BB01U"/>
        </identifier>
        <status value="active"/>
        <for>
          <reference value="ManufacturedItemDefinition/0c8100d9-2901-4d2b-aaa6-0e9c6f0079d8"/>
        </for>
        <role>
          <coding>
            <system value="https://spor.ema.europa.eu/rmswi"/>
            <code value="72072"/>
            <display value="active"/>
          </coding>
        </role>
        <manufacturer>
          <manufacturer>
            <reference value="Organization/8c88a2fb-e8cb-4e04-af62-b7b38d7f4560"/>
          </manufacturer>
        </manufacturer>
        <substance>
          <code>
            <concept>
              <coding>
                <system value="http://fdasis.nlm.nih.gov"/>
                <code value="74O62BB01U"/>
                <display value="Lixisenatide"/>
              </coding>
            </concept>
          </code>
          <strength>
            <presentationQuantity>
              <value value="50"/>
              <system value="http://unitsofmeasure.org"/>
              <code value="ug/ml"/>
            </presentationQuantity>
            <basis>
              <coding>
                <system value="http://terminology.hl7.org/CodeSystem/v3-RoleClass"/>
                <code value="ACTIB"/>
                <display value="active ingredient - basis of strength "/>
              </coding>
            </basis>
          </strength>
        </substance>
      </Ingredient>
    </resource>
  </entry>
  <entry>
    <fullUrl value="Ingredient/c72c0b2e-b9bd-4512-a8a1-6160cf2ef072"/>
    <resource>
      <Ingredient>
        <id value="c72c0b2e-b9bd-4512-a8a1-6160cf2ef072"/>
        <meta>
          <profile value="http://hl7.org/fhir/uv/vulcan-eproduct-info/StructureDefinition/Ingredient-uv-epi"/>
        </meta>
        <text>
          <status value="generated"/><div xmlns="http://www.w3.org/1999/xhtml"><p><b>Generated Narrative: Ingredient</b><a name="c72c0b2e-b9bd-4512-a8a1-6160cf2ef072"> </a></p><div style="display: inline-block; background-color: #d9e0e7; padding: 6px; margin: 4px; border: 1px solid #8da1b4; border-radius: 5px; line-height: 60%"><p style="margin-bottom: 0px">Resource Ingredient &quot;c72c0b2e-b9bd-4512-a8a1-6160cf2ef072&quot; </p><p style="margin-bottom: 0px">Profile: <a href="StructureDefinition-Ingredient-uv-epi.html">Ingredient (ePI)</a></p></div><p><b>identifier</b>: id: PDC6A3C0OX (use: OFFICIAL)</p><p><b>status</b>: active</p><p><b>for</b>: <a href="#ManufacturedItemDefinition_0c8100d9-2901-4d2b-aaa6-0e9c6f0079d8">See above (ManufacturedItemDefinition/0c8100d9-2901-4d2b-aaa6-0e9c6f0079d8)</a></p><p><b>role</b>: Excipient <span style="background: LightGoldenRodYellow; margin: 4px; border: 1px solid khaki"> (rmswi#100000072082)</span></p><h3>Manufacturers</h3><table class="grid"><tr><td>-</td><td><b>Manufacturer</b></td></tr><tr><td>*</td><td><a href="#Organization_8c88a2fb-e8cb-4e04-af62-b7b38d7f4560">See above (Organization/8c88a2fb-e8cb-4e04-af62-b7b38d7f4560)</a></td></tr></table><blockquote><p><b>substance</b></p><h3>Codes</h3><table class="grid"><tr><td>-</td><td><b>Concept</b></td></tr><tr><td>*</td><td>Glycerol 85% <span style="background: LightGoldenRodYellow; margin: 4px; border: 1px solid khaki"> (<a href="http://terminology.hl7.org/5.0.0/CodeSystem-UNII.html">Unique Ingredient Identifier (UNII)</a>#PDC6A3C0OX)</span></td></tr></table></blockquote></div>
        </text>
        <identifier>
          <use value="official"/>
          <system value="http://fdasis.nlm.nih.gov"/>
          <value value="PDC6A3C0OX"/>
        </identifier>
        <status value="active"/>
        <for>
          <reference value="ManufacturedItemDefinition/0c8100d9-2901-4d2b-aaa6-0e9c6f0079d8"/>
        </for>
        <role>
          <coding>
            <system value="https://spor.ema.europa.eu/rmswi"/>
            <code value="100000072082"/>
            <display value="Excipient"/>
          </coding>
        </role>
        <manufacturer>
          <manufacturer>
            <reference value="Organization/8c88a2fb-e8cb-4e04-af62-b7b38d7f4560"/>
          </manufacturer>
        </manufacturer>
        <substance>
          <code>
            <concept>
              <coding>
                <system value="http://fdasis.nlm.nih.gov"/>
                <code value="PDC6A3C0OX"/>
                <display value="Glycerol 85%"/>
              </coding>
            </concept>
          </code>
        </substance>
      </Ingredient>
    </resource>
  </entry>
  <entry>
    <fullUrl value="Ingredient/bae53c28-c126-4886-be49-0c12db852e85"/>
    <resource>
      <Ingredient>
        <id value="bae53c28-c126-4886-be49-0c12db852e85"/>
        <meta>
          <profile value="http://hl7.org/fhir/uv/vulcan-eproduct-info/StructureDefinition/Ingredient-uv-epi"/>
        </meta>
        <text>
          <status value="generated"/><div xmlns="http://www.w3.org/1999/xhtml"><p><b>Generated Narrative: Ingredient</b><a name="bae53c28-c126-4886-be49-0c12db852e85"> </a></p><div style="display: inline-block; background-color: #d9e0e7; padding: 6px; margin: 4px; border: 1px solid #8da1b4; border-radius: 5px; line-height: 60%"><p style="margin-bottom: 0px">Resource Ingredient &quot;bae53c28-c126-4886-be49-0c12db852e85&quot; </p><p style="margin-bottom: 0px">Profile: <a href="StructureDefinition-Ingredient-uv-epi.html">Ingredient (ePI)</a></p></div><p><b>identifier</b>: id: AE28F7PNPL (use: OFFICIAL)</p><p><b>status</b>: active</p><p><b>for</b>: <a href="#ManufacturedItemDefinition_0c8100d9-2901-4d2b-aaa6-0e9c6f0079d8">See above (ManufacturedItemDefinition/0c8100d9-2901-4d2b-aaa6-0e9c6f0079d8)</a></p><p><b>role</b>: Excipient <span style="background: LightGoldenRodYellow; margin: 4px; border: 1px solid khaki"> (rmswi#100000072082)</span></p><h3>Manufacturers</h3><table class="grid"><tr><td>-</td><td><b>Manufacturer</b></td></tr><tr><td>*</td><td><a href="#Organization_8c88a2fb-e8cb-4e04-af62-b7b38d7f4560">See above (Organization/8c88a2fb-e8cb-4e04-af62-b7b38d7f4560)</a></td></tr></table><blockquote><p><b>substance</b></p><h3>Codes</h3><table class="grid"><tr><td>-</td><td><b>Concept</b></td></tr><tr><td>*</td><td>Methionine <span style="background: LightGoldenRodYellow; margin: 4px; border: 1px solid khaki"> (<a href="http://terminology.hl7.org/5.0.0/CodeSystem-UNII.html">Unique Ingredient Identifier (UNII)</a>#AE28F7PNPL)</span></td></tr></table></blockquote></div>
        </text>
        <identifier>
          <use value="official"/>
          <system value="http://fdasis.nlm.nih.gov"/>
          <value value="AE28F7PNPL"/>
        </identifier>
        <status value="active"/>
        <for>
          <reference value="ManufacturedItemDefinition/0c8100d9-2901-4d2b-aaa6-0e9c6f0079d8"/>
        </for>
        <role>
          <coding>
            <system value="https://spor.ema.europa.eu/rmswi"/>
            <code value="100000072082"/>
            <display value="Excipient"/>
          </coding>
        </role>
        <manufacturer>
          <manufacturer>
            <reference value="Organization/8c88a2fb-e8cb-4e04-af62-b7b38d7f4560"/>
          </manufacturer>
        </manufacturer>
        <substance>
          <code>
            <concept>
              <coding>
                <system value="http://fdasis.nlm.nih.gov"/>
                <code value="AE28F7PNPL"/>
                <display value="Methionine"/>
              </coding>
            </concept>
          </code>
        </substance>
      </Ingredient>
    </resource>
  </entry>
  <entry>
    <fullUrl value="Ingredient/f64c14b9-fe07-42d2-b7e9-dbf57d47e32f"/>
    <resource>
      <Ingredient>
        <id value="f64c14b9-fe07-42d2-b7e9-dbf57d47e32f"/>
        <meta>
          <profile value="http://hl7.org/fhir/uv/vulcan-eproduct-info/StructureDefinition/Ingredient-uv-epi"/>
        </meta>
        <text>
          <status value="generated"/><div xmlns="http://www.w3.org/1999/xhtml"><p><b>Generated Narrative: Ingredient</b><a name="f64c14b9-fe07-42d2-b7e9-dbf57d47e32f"> </a></p><div style="display: inline-block; background-color: #d9e0e7; padding: 6px; margin: 4px; border: 1px solid #8da1b4; border-radius: 5px; line-height: 60%"><p style="margin-bottom: 0px">Resource Ingredient &quot;f64c14b9-fe07-42d2-b7e9-dbf57d47e32f&quot; </p><p style="margin-bottom: 0px">Profile: <a href="StructureDefinition-Ingredient-uv-epi.html">Ingredient (ePI)</a></p></div><p><b>identifier</b>: id: GGO4Y809LO (use: OFFICIAL)</p><p><b>status</b>: active</p><p><b>for</b>: <a href="#ManufacturedItemDefinition_0c8100d9-2901-4d2b-aaa6-0e9c6f0079d8">See above (ManufacturedItemDefinition/0c8100d9-2901-4d2b-aaa6-0e9c6f0079d8)</a></p><p><b>role</b>: Excipient <span style="background: LightGoldenRodYellow; margin: 4px; border: 1px solid khaki"> (rmswi#100000072082)</span></p><h3>Manufacturers</h3><table class="grid"><tr><td>-</td><td><b>Manufacturer</b></td></tr><tr><td>*</td><td><a href="#Organization_8c88a2fb-e8cb-4e04-af62-b7b38d7f4560">See above (Organization/8c88a2fb-e8cb-4e04-af62-b7b38d7f4560)</a></td></tr></table><blockquote><p><b>substance</b></p><h3>Codes</h3><table class="grid"><tr><td>-</td><td><b>Concept</b></td></tr><tr><td>*</td><td>Metacresol <span style="background: LightGoldenRodYellow; margin: 4px; border: 1px solid khaki"> (<a href="http://terminology.hl7.org/5.0.0/CodeSystem-UNII.html">Unique Ingredient Identifier (UNII)</a>#GGO4Y809LO)</span></td></tr></table></blockquote></div>
        </text>
        <identifier>
          <use value="official"/>
          <system value="http://fdasis.nlm.nih.gov"/>
          <value value="GGO4Y809LO"/>
        </identifier>
        <status value="active"/>
        <for>
          <reference value="ManufacturedItemDefinition/0c8100d9-2901-4d2b-aaa6-0e9c6f0079d8"/>
        </for>
        <role>
          <coding>
            <system value="https://spor.ema.europa.eu/rmswi"/>
            <code value="100000072082"/>
            <display value="Excipient"/>
          </coding>
        </role>
        <manufacturer>
          <manufacturer>
            <reference value="Organization/8c88a2fb-e8cb-4e04-af62-b7b38d7f4560"/>
          </manufacturer>
        </manufacturer>
        <substance>
          <code>
            <concept>
              <coding>
                <system value="http://fdasis.nlm.nih.gov"/>
                <code value="GGO4Y809LO"/>
                <display value="Metacresol"/>
              </coding>
            </concept>
          </code>
        </substance>
      </Ingredient>
    </resource>
  </entry>
  <entry>
    <fullUrl value="Ingredient/25a5957a-ed23-44a7-b5bd-8dca58e6de78"/>
    <resource>
      <Ingredient>
        <id value="25a5957a-ed23-44a7-b5bd-8dca58e6de78"/>
        <meta>
          <profile value="http://hl7.org/fhir/uv/vulcan-eproduct-info/StructureDefinition/Ingredient-uv-epi"/>
        </meta>
        <text>
          <status value="generated"/><div xmlns="http://www.w3.org/1999/xhtml"><p><b>Generated Narrative: Ingredient</b><a name="25a5957a-ed23-44a7-b5bd-8dca58e6de78"> </a></p><div style="display: inline-block; background-color: #d9e0e7; padding: 6px; margin: 4px; border: 1px solid #8da1b4; border-radius: 5px; line-height: 60%"><p style="margin-bottom: 0px">Resource Ingredient &quot;25a5957a-ed23-44a7-b5bd-8dca58e6de78&quot; </p><p style="margin-bottom: 0px">Profile: <a href="StructureDefinition-Ingredient-uv-epi.html">Ingredient (ePI)</a></p></div><p><b>identifier</b>: id: 86Q357L16B (use: OFFICIAL)</p><p><b>status</b>: active</p><p><b>for</b>: <a href="#ManufacturedItemDefinition_0c8100d9-2901-4d2b-aaa6-0e9c6f0079d8">See above (ManufacturedItemDefinition/0c8100d9-2901-4d2b-aaa6-0e9c6f0079d8)</a></p><p><b>role</b>: Excipient <span style="background: LightGoldenRodYellow; margin: 4px; border: 1px solid khaki"> (rmswi#100000072082)</span></p><h3>Manufacturers</h3><table class="grid"><tr><td>-</td><td><b>Manufacturer</b></td></tr><tr><td>*</td><td><a href="#Organization_8c88a2fb-e8cb-4e04-af62-b7b38d7f4560">See above (Organization/8c88a2fb-e8cb-4e04-af62-b7b38d7f4560)</a></td></tr></table><blockquote><p><b>substance</b></p><h3>Codes</h3><table class="grid"><tr><td>-</td><td><b>Concept</b></td></tr><tr><td>*</td><td>Zinc chloride <span style="background: LightGoldenRodYellow; margin: 4px; border: 1px solid khaki"> (<a href="http://terminology.hl7.org/5.0.0/CodeSystem-UNII.html">Unique Ingredient Identifier (UNII)</a>#86Q357L16B)</span></td></tr></table></blockquote></div>
        </text>
        <identifier>
          <use value="official"/>
          <system value="http://fdasis.nlm.nih.gov"/>
          <value value="86Q357L16B"/>
        </identifier>
        <status value="active"/>
        <for>
          <reference value="ManufacturedItemDefinition/0c8100d9-2901-4d2b-aaa6-0e9c6f0079d8"/>
        </for>
        <role>
          <coding>
            <system value="https://spor.ema.europa.eu/rmswi"/>
            <code value="100000072082"/>
            <display value="Excipient"/>
          </coding>
        </role>
        <manufacturer>
          <manufacturer>
            <reference value="Organization/8c88a2fb-e8cb-4e04-af62-b7b38d7f4560"/>
          </manufacturer>
        </manufacturer>
        <substance>
          <code>
            <concept>
              <coding>
                <system value="http://fdasis.nlm.nih.gov"/>
                <code value="86Q357L16B"/>
                <display value="Zinc chloride"/>
              </coding>
            </concept>
          </code>
        </substance>
      </Ingredient>
    </resource>
  </entry>
  <entry>
    <fullUrl value="Ingredient/2c2f1842-84e4-4e18-b6d7-dd3264fb1150"/>
    <resource>
      <Ingredient>
        <id value="2c2f1842-84e4-4e18-b6d7-dd3264fb1150"/>
        <meta>
          <profile value="http://hl7.org/fhir/uv/vulcan-eproduct-info/StructureDefinition/Ingredient-uv-epi"/>
        </meta>
        <text>
          <status value="generated"/><div xmlns="http://www.w3.org/1999/xhtml"><p><b>Generated Narrative: Ingredient</b><a name="2c2f1842-84e4-4e18-b6d7-dd3264fb1150"> </a></p><div style="display: inline-block; background-color: #d9e0e7; padding: 6px; margin: 4px; border: 1px solid #8da1b4; border-radius: 5px; line-height: 60%"><p style="margin-bottom: 0px">Resource Ingredient &quot;2c2f1842-84e4-4e18-b6d7-dd3264fb1150&quot; </p><p style="margin-bottom: 0px">Profile: <a href="StructureDefinition-Ingredient-uv-epi.html">Ingredient (ePI)</a></p></div><p><b>identifier</b>: id: QTT17582CB (use: OFFICIAL)</p><p><b>status</b>: active</p><p><b>for</b>: <a href="#ManufacturedItemDefinition_0c8100d9-2901-4d2b-aaa6-0e9c6f0079d8">See above (ManufacturedItemDefinition/0c8100d9-2901-4d2b-aaa6-0e9c6f0079d8)</a></p><p><b>role</b>: Excipient <span style="background: LightGoldenRodYellow; margin: 4px; border: 1px solid khaki"> (rmswi#100000072082)</span></p><h3>Manufacturers</h3><table class="grid"><tr><td>-</td><td><b>Manufacturer</b></td></tr><tr><td>*</td><td><a href="#Organization_8c88a2fb-e8cb-4e04-af62-b7b38d7f4560">See above (Organization/8c88a2fb-e8cb-4e04-af62-b7b38d7f4560)</a></td></tr></table><blockquote><p><b>substance</b></p><h3>Codes</h3><table class="grid"><tr><td>-</td><td><b>Concept</b></td></tr><tr><td>*</td><td>Concentrated hydrochloric acid <span style="background: LightGoldenRodYellow; margin: 4px; border: 1px solid khaki"> (<a href="http://terminology.hl7.org/5.0.0/CodeSystem-UNII.html">Unique Ingredient Identifier (UNII)</a>#QTT17582CB)</span></td></tr></table></blockquote></div>
        </text>
        <identifier>
          <use value="official"/>
          <system value="http://fdasis.nlm.nih.gov"/>
          <value value="QTT17582CB"/>
        </identifier>
        <status value="active"/>
        <for>
          <reference value="ManufacturedItemDefinition/0c8100d9-2901-4d2b-aaa6-0e9c6f0079d8"/>
        </for>
        <role>
          <coding>
            <system value="https://spor.ema.europa.eu/rmswi"/>
            <code value="100000072082"/>
            <display value="Excipient"/>
          </coding>
        </role>
        <manufacturer>
          <manufacturer>
            <reference value="Organization/8c88a2fb-e8cb-4e04-af62-b7b38d7f4560"/>
          </manufacturer>
        </manufacturer>
        <substance>
          <code>
            <concept>
              <coding>
                <system value="http://fdasis.nlm.nih.gov"/>
                <code value="QTT17582CB"/>
                <display value="Concentrated hydrochloric acid"/>
              </coding>
            </concept>
          </code>
        </substance>
      </Ingredient>
    </resource>
  </entry>
  <entry>
    <fullUrl value="Ingredient/6690053a-fecc-4fc2-a247-10399b22753f"/>
    <resource>
      <Ingredient>
        <id value="6690053a-fecc-4fc2-a247-10399b22753f"/>
        <meta>
          <profile value="http://hl7.org/fhir/uv/vulcan-eproduct-info/StructureDefinition/Ingredient-uv-epi"/>
        </meta>
        <text>
          <status value="generated"/><div xmlns="http://www.w3.org/1999/xhtml"><p><b>Generated Narrative: Ingredient</b><a name="6690053a-fecc-4fc2-a247-10399b22753f"> </a></p><div style="display: inline-block; background-color: #d9e0e7; padding: 6px; margin: 4px; border: 1px solid #8da1b4; border-radius: 5px; line-height: 60%"><p style="margin-bottom: 0px">Resource Ingredient &quot;6690053a-fecc-4fc2-a247-10399b22753f&quot; </p><p style="margin-bottom: 0px">Profile: <a href="StructureDefinition-Ingredient-uv-epi.html">Ingredient (ePI)</a></p></div><p><b>identifier</b>: id: 059QF0KO0R (use: OFFICIAL)</p><p><b>status</b>: active</p><p><b>for</b>: <a href="#ManufacturedItemDefinition_0c8100d9-2901-4d2b-aaa6-0e9c6f0079d8">See above (ManufacturedItemDefinition/0c8100d9-2901-4d2b-aaa6-0e9c6f0079d8)</a></p><p><b>role</b>: Excipient <span style="background: LightGoldenRodYellow; margin: 4px; border: 1px solid khaki"> (rmswi#100000072082)</span></p><h3>Manufacturers</h3><table class="grid"><tr><td>-</td><td><b>Manufacturer</b></td></tr><tr><td>*</td><td><a href="#Organization_8c88a2fb-e8cb-4e04-af62-b7b38d7f4560">See above (Organization/8c88a2fb-e8cb-4e04-af62-b7b38d7f4560)</a></td></tr></table><blockquote><p><b>substance</b></p><h3>Codes</h3><table class="grid"><tr><td>-</td><td><b>Concept</b></td></tr><tr><td>*</td><td>Water for injections <span style="background: LightGoldenRodYellow; margin: 4px; border: 1px solid khaki"> (<a href="http://terminology.hl7.org/5.0.0/CodeSystem-UNII.html">Unique Ingredient Identifier (UNII)</a>#059QF0KO0R)</span></td></tr></table></blockquote></div>
        </text>
        <identifier>
          <use value="official"/>
          <system value="http://fdasis.nlm.nih.gov"/>
          <value value="059QF0KO0R"/>
        </identifier>
        <status value="active"/>
        <for>
          <reference value="ManufacturedItemDefinition/0c8100d9-2901-4d2b-aaa6-0e9c6f0079d8"/>
        </for>
        <role>
          <coding>
            <system value="https://spor.ema.europa.eu/rmswi"/>
            <code value="100000072082"/>
            <display value="Excipient"/>
          </coding>
        </role>
        <manufacturer>
          <manufacturer>
            <reference value="Organization/8c88a2fb-e8cb-4e04-af62-b7b38d7f4560"/>
          </manufacturer>
        </manufacturer>
        <substance>
          <code>
            <concept>
              <coding>
                <system value="http://fdasis.nlm.nih.gov"/>
                <code value="059QF0KO0R"/>
                <display value="Water for injections"/>
              </coding>
            </concept>
          </code>
        </substance>
      </Ingredient>
    </resource>
  </entry>
  <entry>
    <fullUrl value="Ingredient/02c66837-4d05-425e-853d-e28c063a1ae3"/>
    <resource>
      <Ingredient>
        <id value="02c66837-4d05-425e-853d-e28c063a1ae3"/>
        <meta>
          <profile value="http://hl7.org/fhir/uv/vulcan-eproduct-info/StructureDefinition/Ingredient-uv-epi"/>
        </meta>
        <text>
          <status value="generated"/><div xmlns="http://www.w3.org/1999/xhtml"><p><b>Generated Narrative: Ingredient</b><a name="02c66837-4d05-425e-853d-e28c063a1ae3"> </a></p><div style="display: inline-block; background-color: #d9e0e7; padding: 6px; margin: 4px; border: 1px solid #8da1b4; border-radius: 5px; line-height: 60%"><p style="margin-bottom: 0px">Resource Ingredient &quot;02c66837-4d05-425e-853d-e28c063a1ae3&quot; </p><p style="margin-bottom: 0px">Profile: <a href="StructureDefinition-Ingredient-uv-epi.html">Ingredient (ePI)</a></p></div><p><b>identifier</b>: id: 55X04QC32I (use: OFFICIAL)</p><p><b>status</b>: active</p><p><b>for</b>: <a href="#ManufacturedItemDefinition_0c8100d9-2901-4d2b-aaa6-0e9c6f0079d8">See above (ManufacturedItemDefinition/0c8100d9-2901-4d2b-aaa6-0e9c6f0079d8)</a></p><p><b>role</b>: Excipient <span style="background: LightGoldenRodYellow; margin: 4px; border: 1px solid khaki"> (rmswi#100000072082)</span></p><h3>Manufacturers</h3><table class="grid"><tr><td>-</td><td><b>Manufacturer</b></td></tr><tr><td>*</td><td><a href="#Organization_8c88a2fb-e8cb-4e04-af62-b7b38d7f4560">See above (Organization/8c88a2fb-e8cb-4e04-af62-b7b38d7f4560)</a></td></tr></table><blockquote><p><b>substance</b></p><h3>Codes</h3><table class="grid"><tr><td>-</td><td><b>Concept</b></td></tr><tr><td>*</td><td>Sodium hydroxide <span style="background: LightGoldenRodYellow; margin: 4px; border: 1px solid khaki"> (<a href="http://terminology.hl7.org/5.0.0/CodeSystem-UNII.html">Unique Ingredient Identifier (UNII)</a>#55X04QC32I)</span></td></tr></table></blockquote></div>
        </text>
        <identifier>
          <use value="official"/>
          <system value="http://fdasis.nlm.nih.gov"/>
          <value value="55X04QC32I"/>
        </identifier>
        <status value="active"/>
        <for>
          <reference value="ManufacturedItemDefinition/0c8100d9-2901-4d2b-aaa6-0e9c6f0079d8"/>
        </for>
        <role>
          <coding>
            <system value="https://spor.ema.europa.eu/rmswi"/>
            <code value="100000072082"/>
            <display value="Excipient"/>
          </coding>
        </role>
        <manufacturer>
          <manufacturer>
            <reference value="Organization/8c88a2fb-e8cb-4e04-af62-b7b38d7f4560"/>
          </manufacturer>
        </manufacturer>
        <substance>
          <code>
            <concept>
              <coding>
                <system value="http://fdasis.nlm.nih.gov"/>
                <code value="55X04QC32I"/>
                <display value="Sodium hydroxide"/>
              </coding>
            </concept>
          </code>
        </substance>
      </Ingredient>
    </resource>
  </entry>
  <entry>
    <fullUrl value="AdministrableProductDefinition/cc81f083-40fb-4de3-8950-aeb3d4cf4606"/>
    <resource>
      <AdministrableProductDefinition>
        <id value="cc81f083-40fb-4de3-8950-aeb3d4cf4606"/>
        <meta>
          <profile value="http://hl7.org/fhir/uv/vulcan-eproduct-info/StructureDefinition/AdministrableProductDefinition-uv-epi"/>
        </meta>
        <text>
          <status value="generated"/><div xmlns="http://www.w3.org/1999/xhtml"><p><b>Generated Narrative: AdministrableProductDefinition</b><a name="cc81f083-40fb-4de3-8950-aeb3d4cf4606"> </a></p><div style="display: inline-block; background-color: #d9e0e7; padding: 6px; margin: 4px; border: 1px solid #8da1b4; border-radius: 5px; line-height: 60%"><p style="margin-bottom: 0px">Resource AdministrableProductDefinition &quot;cc81f083-40fb-4de3-8950-aeb3d4cf4606&quot; </p><p style="margin-bottom: 0px">Profile: <a href="StructureDefinition-AdministrableProductDefinition-uv-epi.html">AdministrableProductDefinition (ePI)</a></p></div><p><b>identifier</b>: id: TBD</p><p><b>status</b>: active</p><p><b>formOf</b>: <a href="#MedicinalProductDefinition_5e55623d-87fe-4ac8-872a-97a3be4c7094">See above (MedicinalProductDefinition/5e55623d-87fe-4ac8-872a-97a3be4c7094)</a></p><p><b>administrableDoseForm</b>: Solution for injection <span style="background: LightGoldenRodYellow; margin: 4px; border: 1px solid khaki"> (rmswi#100000073863)</span></p><p><b>unitOfPresentation</b>: Pen <span style="background: LightGoldenRodYellow; margin: 4px; border: 1px solid khaki"> (rmswi#200000002135)</span></p><p><b>producedFrom</b>: <a href="#ManufacturedItemDefinition_0c8100d9-2901-4d2b-aaa6-0e9c6f0079d8">See above (ManufacturedItemDefinition/0c8100d9-2901-4d2b-aaa6-0e9c6f0079d8)</a></p><blockquote><p><b>routeOfAdministration</b></p><p><b>code</b>: Subcutaneous use <span style="background: LightGoldenRodYellow; margin: 4px; border: 1px solid khaki"> (rmswi#100000073633)</span></p><h3>TargetSpecies</h3><table class="grid"><tr><td>-</td><td><b>Code</b></td></tr><tr><td>*</td><td>Human <span style="background: LightGoldenRodYellow; margin: 4px; border: 1px solid khaki"> (rmswi#100000109093)</span></td></tr></table></blockquote></div>
        </text>
        <identifier>
          <system value="https://www.who-umc.org/phpid"/>
          <value value="TBD"/>
        </identifier>
        <status value="active"/>
        <formOf>
          <reference value="MedicinalProductDefinition/5e55623d-87fe-4ac8-872a-97a3be4c7094"/>
        </formOf>
        <administrableDoseForm>
          <coding>
            <system value="https://spor.ema.europa.eu/rmswi"/>
            <code value="100000073863"/>
            <display value="Solution for injection"/>
          </coding>
        </administrableDoseForm>
        <unitOfPresentation>
          <coding>
            <system value="https://spor.ema.europa.eu/rmswi"/>
            <code value="200000002135"/>
            <display value="Pen"/>
          </coding>
        </unitOfPresentation>
        <producedFrom>
          <reference value="ManufacturedItemDefinition/0c8100d9-2901-4d2b-aaa6-0e9c6f0079d8"/>
        </producedFrom>
        <routeOfAdministration>
          <code>
            <coding>
              <system value="https://spor.ema.europa.eu/rmswi"/>
              <code value="100000073633"/>
              <display value="Subcutaneous use"/>
            </coding>
          </code>
          <targetSpecies>
            <code>
              <coding>
                <system value="https://spor.ema.europa.eu/rmswi"/>
                <code value="100000109093"/>
                <display value="Human"/>
              </coding>
            </code>
          </targetSpecies>
        </routeOfAdministration>
      </AdministrableProductDefinition>
    </resource>
  </entry>
  <entry>
    <fullUrl value="RegulatedAuthorization/a842129e-7b89-4082-b245-6a2466f85e73"/>
    <resource>
      <RegulatedAuthorization>
        <id value="a842129e-7b89-4082-b245-6a2466f85e73"/>
        <meta>
          <profile value="http://hl7.org/fhir/uv/vulcan-eproduct-info/StructureDefinition/RegulatedAuthorization-uv-epi"/>
        </meta>
        <text>
          <status value="generated"/><div xmlns="http://www.w3.org/1999/xhtml"><p><b>Generated Narrative: RegulatedAuthorization</b><a name="a842129e-7b89-4082-b245-6a2466f85e73"> </a></p><div style="display: inline-block; background-color: #d9e0e7; padding: 6px; margin: 4px; border: 1px solid #8da1b4; border-radius: 5px; line-height: 60%"><p style="margin-bottom: 0px">Resource RegulatedAuthorization &quot;a842129e-7b89-4082-b245-6a2466f85e73&quot; </p><p style="margin-bottom: 0px">Profile: <a href="StructureDefinition-RegulatedAuthorization-uv-epi.html">RegulatedAuthorization (ePI)</a></p></div><p><b>identifier</b>: id: EU/1/16/1157/002 (use: OFFICIAL)</p><p><b>subject</b>: <a href="#MedicinalProductDefinition_5e55623d-87fe-4ac8-872a-97a3be4c7094">See above (MedicinalProductDefinition/5e55623d-87fe-4ac8-872a-97a3be4c7094)</a></p><p><b>type</b>: Marketing Authorisation <span style="background: LightGoldenRodYellow; margin: 4px; border: 1px solid khaki"> (rmswi#100000072062)</span></p><p><b>region</b>: European Union <span style="background: LightGoldenRodYellow; margin: 4px; border: 1px solid khaki"> (<a href="http://terminology.hl7.org/5.0.0/CodeSystem-ISO3166Part1.html">ISO 3166-1 Codes for the representation of names of countries and their subdivisions — Part 1: Country code</a>#eu)</span></p><p><b>status</b>: Active <span style="background: LightGoldenRodYellow; margin: 4px; border: 1px solid khaki"> (<a href="http://build.fhir.org/codesystem-publication-status.html">PublicationStatus</a>#active)</span></p><p><b>statusDate</b>: 2017-01-11 01:28:17+0000</p><p><b>holder</b>: <a href="#Organization_dcd39619-37ba-43b4-97f9-3219653315c4">See above (Organization/dcd39619-37ba-43b4-97f9-3219653315c4)</a></p><p><b>regulator</b>: <a href="#Organization_3c3cf920-92be-4506-b599-bb9d0bdcfc2b">See above (Organization/3c3cf920-92be-4506-b599-bb9d0bdcfc2b)</a></p></div>
        </text>
        <identifier>
          <use value="official"/>
          <system value="https://spor.ema.europa.eu/pmswi"/>
          <value value="EU/1/16/1157/002"/>
        </identifier>
        <subject>
          <reference value="MedicinalProductDefinition/5e55623d-87fe-4ac8-872a-97a3be4c7094"/>
        </subject>
        <type>
          <coding>
            <system value="https://spor.ema.europa.eu/rmswi"/>
            <code value="100000072062"/>
            <display value="Marketing Authorisation"/>
          </coding>
        </type>
        <region>
          <coding>
            <system value="urn:iso:std:iso:3166"/>
            <code value="eu"/>
            <display value="European Union"/>
          </coding>
        </region>
        <status>
          <coding>
            <system value="http://hl7.org/fhir/publication-status"/>
            <code value="active"/>
            <display value="Active"/>
          </coding>
        </status>
        <statusDate value="2017-01-11T13:28:17Z"/>
        <holder>
          <reference value="Organization/dcd39619-37ba-43b4-97f9-3219653315c4"/>
        </holder>
        <regulator>
          <reference value="Organization/3c3cf920-92be-4506-b599-bb9d0bdcfc2b"/>
        </regulator>
      </RegulatedAuthorization>
    </resource>
  </entry>
  <entry>
    <fullUrl value="Organization/dcd39619-37ba-43b4-97f9-3219653315c4"/>
    <resource>
      <Organization>
        <id value="dcd39619-37ba-43b4-97f9-3219653315c4"/>
        <meta>
          <profile value="http://hl7.org/fhir/uv/vulcan-eproduct-info/StructureDefinition/Organization-uv-epi"/>
        </meta>
        <text>
          <status value="generated"/><div xmlns="http://www.w3.org/1999/xhtml"><p><b>Generated Narrative: Organization</b><a name="dcd39619-37ba-43b4-97f9-3219653315c4"> </a></p><div style="display: inline-block; background-color: #d9e0e7; padding: 6px; margin: 4px; border: 1px solid #8da1b4; border-radius: 5px; line-height: 60%"><p style="margin-bottom: 0px">Resource Organization &quot;dcd39619-37ba-43b4-97f9-3219653315c4&quot; </p><p style="margin-bottom: 0px">Profile: <a href="StructureDefinition-Organization-uv-epi.html">Organization (ePI)</a></p></div><p><b>identifier</b>: id: ORG-100000789 (use: OFFICIAL)</p><p><b>active</b>: true</p><p><b>type</b>: Marketing authorisation holder <span style="background: LightGoldenRodYellow; margin: 4px; border: 1px solid khaki"> (rmswi#220000000034)</span></p><p><b>name</b>: Sanofi-Aventis Groupe</p><h3>Contacts</h3><table class="grid"><tr><td>-</td><td><b>Address</b></td></tr><tr><td>*</td><td>54, rue La Boétie F-75008 Paris - France(WORK)</td></tr></table></div>
        </text>
        <identifier>
          <use value="official"/>
          <system value="https://spor.ema.europa.eu/omswi"/>
          <value value="ORG-100000789"/>
        </identifier>
        <active value="true"/>
        <type>
          <coding>
            <system value="https://spor.ema.europa.eu/rmswi"/>
            <code value="220000000034"/>
            <display value="Marketing authorisation holder"/>
          </coding>
          <text value="Marketing authorisation holder"/>
        </type>
        <name value="Sanofi-Aventis Groupe"/>
        <contact>
          <address>
            <use value="work"/>
            <type value="physical"/>
            <text value="54, rue La Boétie F-75008 Paris - France"/>
            <line value="54, rue La Boétie F-75008"/>
            <city value="Paris"/>
            <country value="FR"/>
          </address>
        </contact>
      </Organization>
    </resource>
  </entry>
  <entry>
    <fullUrl value="Organization/8c88a2fb-e8cb-4e04-af62-b7b38d7f4560"/>
    <resource>
      <Organization>
        <id value="8c88a2fb-e8cb-4e04-af62-b7b38d7f4560"/>
        <meta>
          <profile value="http://hl7.org/fhir/uv/vulcan-eproduct-info/StructureDefinition/Organization-uv-epi"/>
        </meta>
        <text>
          <status value="generated"/><div xmlns="http://www.w3.org/1999/xhtml"><p><b>Generated Narrative: Organization</b><a name="8c88a2fb-e8cb-4e04-af62-b7b38d7f4560"> </a></p><div style="display: inline-block; background-color: #d9e0e7; padding: 6px; margin: 4px; border: 1px solid #8da1b4; border-radius: 5px; line-height: 60%"><p style="margin-bottom: 0px">Resource Organization &quot;8c88a2fb-e8cb-4e04-af62-b7b38d7f4560&quot; </p><p style="margin-bottom: 0px">Profile: <a href="StructureDefinition-Organization-uv-epi.html">Organization (ePI)</a></p></div><p><b>identifier</b>: id: ORG-100001175 (use: OFFICIAL)</p><p><b>active</b>: true</p><p><b>type</b>: Manufacturer API <span style="background: LightGoldenRodYellow; margin: 4px; border: 1px solid khaki"> (rmswi#220000000033)</span></p><p><b>name</b>: Sanofi-Aventis Deutschland GmbH</p><h3>Contacts</h3><table class="grid"><tr><td>-</td><td><b>Address</b></td></tr><tr><td>*</td><td>Brueningstrasse 50, Industriepark Höchst, 65926 Frankfurt am Main, GERMANY(WORK)</td></tr></table></div>
        </text>
        <identifier>
          <use value="official"/>
          <system value="https://spor.ema.europa.eu/omswi"/>
          <value value="ORG-100001175"/>
        </identifier>
        <active value="true"/>
        <type>
          <coding>
            <system value="https://spor.ema.europa.eu/rmswi"/>
            <code value="220000000033"/>
            <display value="Manufacturer API"/>
          </coding>
          <text value="Manufacturer API"/>
        </type>
        <name value="Sanofi-Aventis Deutschland GmbH"/>
        <contact>
          <address>
            <use value="work"/>
            <type value="physical"/>
            <text value="Brueningstrasse 50, Industriepark Höchst, 65926 Frankfurt am Main, GERMANY"/>
            <line value="Brueningstrasse 50, Industriepark Höchst"/>
            <city value="Frankfurt am Main"/>
            <postalCode value="65926"/>
            <country value="de"/>
          </address>
        </contact>
      </Organization>
    </resource>
  </entry>
  <entry>
    <fullUrl value="Organization/cb740756-c762-43ae-8e7a-d296e4d447a7"/>
    <resource>
      <Organization>
        <id value="cb740756-c762-43ae-8e7a-d296e4d447a7"/>
        <meta>
          <profile value="http://hl7.org/fhir/uv/vulcan-eproduct-info/StructureDefinition/Organization-uv-epi"/>
        </meta>
        <text>
          <status value="generated"/><div xmlns="http://www.w3.org/1999/xhtml"><p><b>Generated Narrative: Organization</b><a name="cb740756-c762-43ae-8e7a-d296e4d447a7"> </a></p><div style="display: inline-block; background-color: #d9e0e7; padding: 6px; margin: 4px; border: 1px solid #8da1b4; border-radius: 5px; line-height: 60%"><p style="margin-bottom: 0px">Resource Organization &quot;cb740756-c762-43ae-8e7a-d296e4d447a7&quot; </p><p style="margin-bottom: 0px">Profile: <a href="StructureDefinition-Organization-uv-epi.html">Organization (ePI)</a></p></div><p><b>identifier</b>: id: ORG-100001175 (use: OFFICIAL)</p><p><b>active</b>: true</p><p><b>type</b>: Manufacturer Batch release <span style="background: LightGoldenRodYellow; margin: 4px; border: 1px solid khaki"> (rmswi#220000000033)</span></p><p><b>name</b>: Sanofi-Aventis Deutschland GmbH</p><h3>Contacts</h3><table class="grid"><tr><td>-</td><td><b>Address</b></td></tr><tr><td>*</td><td>Brueningstrasse 50, Industriepark Höchst, 65926 Frankfurt am Main, GERMANY(WORK)</td></tr></table></div>
        </text>
        <identifier>
          <use value="official"/>
          <system value="https://spor.ema.europa.eu/omswi"/>
          <value value="ORG-100001175"/>
        </identifier>
        <active value="true"/>
        <type>
          <coding>
            <system value="https://spor.ema.europa.eu/rmswi"/>
            <code value="220000000033"/>
            <display value="Manufacturer Batch release"/>
          </coding>
          <text value="Manufacturer Batch release"/>
        </type>
        <name value="Sanofi-Aventis Deutschland GmbH"/>
        <contact>
          <address>
            <use value="work"/>
            <type value="physical"/>
            <text value="Brueningstrasse 50, Industriepark Höchst, 65926 Frankfurt am Main, GERMANY"/>
            <line value="Brueningstrasse 50, Industriepark Höchst"/>
            <city value="Frankfurt am Main"/>
            <postalCode value="65927"/>
            <country value="de"/>
          </address>
        </contact>
      </Organization>
    </resource>
  </entry>
  <entry>
    <fullUrl value="Organization/3c3cf920-92be-4506-b599-bb9d0bdcfc2b"/>
    <resource>
      <Organization>
        <id value="3c3cf920-92be-4506-b599-bb9d0bdcfc2b"/>
        <meta>
          <profile value="http://hl7.org/fhir/uv/vulcan-eproduct-info/StructureDefinition/Organization-uv-epi"/>
        </meta>
        <text>
          <status value="generated"/><div xmlns="http://www.w3.org/1999/xhtml"><p><b>Generated Narrative: Organization</b><a name="3c3cf920-92be-4506-b599-bb9d0bdcfc2b"> </a></p><div style="display: inline-block; background-color: #d9e0e7; padding: 6px; margin: 4px; border: 1px solid #8da1b4; border-radius: 5px; line-height: 60%"><p style="margin-bottom: 0px">Resource Organization &quot;3c3cf920-92be-4506-b599-bb9d0bdcfc2b&quot; </p><p style="margin-bottom: 0px">Profile: <a href="StructureDefinition-Organization-uv-epi.html">Organization (ePI)</a></p></div><p><b>identifier</b>: id: ORG-100013412 (use: OFFICIAL)</p><p><b>active</b>: true</p><p><b>type</b>: Medicines Regulatory Authority <span style="background: LightGoldenRodYellow; margin: 4px; border: 1px solid khaki"> (rmswi#220000000033)</span></p><p><b>name</b>: European Medicines Agency</p><h3>Contacts</h3><table class="grid"><tr><td>-</td><td><b>Address</b></td></tr><tr><td>*</td><td>Domenico Scarlattilaan 6 1083 HS Amsterdam The Netherlands(WORK)</td></tr></table></div>
        </text>
        <identifier>
          <use value="official"/>
          <system value="https://spor.ema.europa.eu/omswi"/>
          <value value="ORG-100013412"/>
        </identifier>
        <active value="true"/>
        <type>
          <coding>
            <system value="https://spor.ema.europa.eu/rmswi"/>
            <code value="220000000033"/>
            <display value="Medicines Regulatory Authority"/>
          </coding>
          <text value="Medicines Regulatory Authority"/>
        </type>
        <name value="European Medicines Agency"/>
        <contact>
          <address>
            <use value="work"/>
            <type value="physical"/>
            <text value="Domenico Scarlattilaan 6 1083 HS Amsterdam The Netherlands"/>
            <line value="Carretera De Martorell 41 61, Poligono Industrial Nord-Est"/>
            <city value="Amsterdam"/>
            <postalCode value="1083 HS"/>
            <country value="nl"/>
          </address>
        </contact>
      </Organization>
    </resource>
  </entry>
  <entry>
    <fullUrl value="PackagedProductDefinition/b1690558-c82c-4c3d-b918-98978c113f0d"/>
    <resource>
      <PackagedProductDefinition>
        <id value="b1690558-c82c-4c3d-b918-98978c113f0d"/>
        <meta>
          <profile value="http://hl7.org/fhir/uv/vulcan-eproduct-info/StructureDefinition/PackagedProductDefinition-uv-epi"/>
        </meta>
        <text>
          <status value="generated"/><div xmlns="http://www.w3.org/1999/xhtml"><p><b>Generated Narrative: PackagedProductDefinition</b><a name="b1690558-c82c-4c3d-b918-98978c113f0d"> </a></p><div style="display: inline-block; background-color: #d9e0e7; padding: 6px; margin: 4px; border: 1px solid #8da1b4; border-radius: 5px; line-height: 60%"><p style="margin-bottom: 0px">Resource PackagedProductDefinition &quot;b1690558-c82c-4c3d-b918-98978c113f0d&quot; </p><p style="margin-bottom: 0px">Profile: <a href="StructureDefinition-PackagedProductDefinition-uv-epi.html">PackagedProductDefinition (ePI)</a></p></div><p><b>identifier</b>: id: EU/1/16/1157/002 (use: OFFICIAL)</p><p><b>name</b>: 3 ml cartridge (glass) in a pre-filled pen</p><p><b>type</b>: Chemical Medicinal Prodcut <span style="background: LightGoldenRodYellow; margin: 4px; border: 1px solid khaki"> (rmswi#100000155527)</span></p><p><b>packageFor</b>: <a href="#MedicinalProductDefinition_5e55623d-87fe-4ac8-872a-97a3be4c7094">See above (MedicinalProductDefinition/5e55623d-87fe-4ac8-872a-97a3be4c7094)</a></p><p><b>status</b>: active <span style="background: LightGoldenRodYellow; margin: 4px; border: 1px solid khaki"> ([not stated]#active)</span></p><p><b>statusDate</b>: 2015-02-07 01:28:17+0000</p><p><b>containedItemQuantity</b>: 3 ml<span style="background: LightGoldenRodYellow"> (Details: UCUM code ml = 'ml')</span></p><p><b>description</b>: Type I colourless glass cartridge with a black plunger (bromobutyl rubber) and a flanged cap (aluminium) with inserted laminated sealing disks (bromobutyl rubber on the medicinal product side and polyisoprene on the outside) containing 3 ml of solution. Each cartridge is assembled into a disposable pen.</p><p><b>copackagedIndicator</b>: false</p><p><b>manufacturer</b>: <a href="#Organization_dcd39619-37ba-43b4-97f9-3219653315c4">See above (Organization/dcd39619-37ba-43b4-97f9-3219653315c4)</a></p><h3>Packagings</h3><table class="grid"><tr><td>-</td><td><b>Identifier</b></td><td><b>Type</b></td><td><b>Quantity</b></td><td><b>Material</b></td></tr><tr><td>*</td><td>id: EU/1/16/1157/002</td><td>Pre-filled pen <span style="background: LightGoldenRodYellow; margin: 4px; border: 1px solid khaki"> (rmswi#100000073543)</span></td><td>5</td><td>Glass type 1 <span style="background: LightGoldenRodYellow; margin: 4px; border: 1px solid khaki"> (rmswi#200000003204)</span></td></tr></table></div>
        </text>
        <identifier>
          <use value="official"/>
          <system value="https://spor.ema.europa.eu/pmswi"/>
          <value value="EU/1/16/1157/002"/>
        </identifier>
        <name value="3 ml cartridge (glass) in a pre-filled pen"/>
        <type>
          <coding>
            <system value="https://spor.ema.europa.eu/rmswi"/>
            <code value="100000155527"/>
            <display value="Chemical Medicinal Prodcut"/>
          </coding>
        </type>
        <packageFor>
          <reference value="MedicinalProductDefinition/5e55623d-87fe-4ac8-872a-97a3be4c7094"/>
        </packageFor>
        <status>
          <coding>
            <code value="active"/>
          </coding>
        </status>
        <statusDate value="2015-02-07T13:28:17Z"/>
        <containedItemQuantity>
          <value value="3"/>
          <system value="http://unitsofmeasure.org"/>
          <code value="ml"/>
        </containedItemQuantity>
        <description value="Type I colourless glass cartridge with a black plunger (bromobutyl rubber) and a flanged cap (aluminium) with inserted laminated sealing disks (bromobutyl rubber on the medicinal product side and polyisoprene on the outside) containing 3 ml of solution. Each cartridge is assembled into a disposable pen."/>
        <copackagedIndicator value="false"/>
        <manufacturer>
          <reference value="Organization/dcd39619-37ba-43b4-97f9-3219653315c4"/>
        </manufacturer>
        <packaging>
          <identifier>
            <system value="https://spor.ema.europa.eu/pmswi"/>
            <value value="EU/1/16/1157/002"/>
          </identifier>
          <type>
            <coding>
              <system value="https://spor.ema.europa.eu/rmswi"/>
              <code value="100000073543"/>
              <display value="Pre-filled pen"/>
            </coding>
          </type>
          <quantity value="5"/>
          <material>
            <coding>
              <system value="https://spor.ema.europa.eu/rmswi"/>
              <code value="200000003204"/>
              <display value="Glass type 1"/>
            </coding>
          </material>
        </packaging>
      </PackagedProductDefinition>
    </resource>
  </entry>
  <entry>
    <fullUrl value="MedicinalProductDefinition/5e55623d-87fe-4ac8-872a-97a3be4c7094"/>
    <resource>
      <MedicinalProductDefinition>
        <id value="5e55623d-87fe-4ac8-872a-97a3be4c7094"/>
        <meta>
          <profile value="http://hl7.org/fhir/uv/vulcan-eproduct-info/StructureDefinition/MedicinalProductDefinition-uv-epi"/>
        </meta>
        <text>
          <status value="generated"/><div xmlns="http://www.w3.org/1999/xhtml"><p><b>Generated Narrative: MedicinalProductDefinition</b><a name="5e55623d-87fe-4ac8-872a-97a3be4c7094"> </a></p><div style="display: inline-block; background-color: #d9e0e7; padding: 6px; margin: 4px; border: 1px solid #8da1b4; border-radius: 5px; line-height: 60%"><p style="margin-bottom: 0px">Resource MedicinalProductDefinition &quot;5e55623d-87fe-4ac8-872a-97a3be4c7094&quot; </p><p style="margin-bottom: 0px">Profile: <a href="StructureDefinition-MedicinalProductDefinition-uv-epi.html">MedicinalProductDefinition (ePI)</a></p></div><p><b>identifier</b>: id: EU/1/16/1157/002</p><p><b>type</b>: Medicinal Product <span style="background: LightGoldenRodYellow; margin: 4px; border: 1px solid khaki"> (<a href="http://build.fhir.org/codesystem-medicinal-product-type.html">MedicinalProductType</a>#MedicinalProduct)</span></p><p><b>domain</b>: Human use <span style="background: LightGoldenRodYellow; margin: 4px; border: 1px solid khaki"> (<a href="http://build.fhir.org/codesystem-medicinal-product-domain.html">MedicinalProductDomain</a>#Human)</span></p><p><b>status</b>: active <span style="background: LightGoldenRodYellow; margin: 4px; border: 1px solid khaki"> (<a href="http://build.fhir.org/codesystem-publication-status.html">PublicationStatus</a>#active)</span></p><p><b>indication</b>: Suliqua is indicated for the treatment of adults with insufficiently controlled type 2 diabetes mellitus to improve glycaemic control as an adjunct to diet and exercise in addition to metformin with or without SGLT-2 inhibitors.</p><p><b>legalStatusOfSupply</b>: Medicinal product subject to medical prescription <span style="background: LightGoldenRodYellow; margin: 4px; border: 1px solid khaki"> (rmswi#100000072084)</span></p><p><b>classification</b>: insulin glargine and lixisenatide <span style="background: LightGoldenRodYellow; margin: 4px; border: 1px solid khaki"> (#A10AE54)</span>, Diabetes mellitus inadequate control <span style="background: LightGoldenRodYellow; margin: 4px; border: 1px solid khaki"> (#/#100000019249)</span></p><blockquote><p><b>name</b></p><p><b>productName</b>: Suliqua 100 units/ml + 50 micrograms/ml solution for injection in a pre-filled pen</p><p><b>type</b>: Full name <span style="background: LightGoldenRodYellow; margin: 4px; border: 1px solid khaki"> (220000000000#220000000001)</span></p><blockquote><p><b>part</b></p><p><b>part</b>: Suliqua</p><p><b>type</b>: Invented name part <span style="background: LightGoldenRodYellow; margin: 4px; border: 1px solid khaki"> (220000000000#220000000002)</span></p></blockquote><blockquote><p><b>part</b></p><p><b>part</b>: Insulin glargine, Lixisenatide</p><p><b>type</b>: Scientific name part <span style="background: LightGoldenRodYellow; margin: 4px; border: 1px solid khaki"> (220000000000#220000000003)</span></p></blockquote><blockquote><p><b>part</b></p><p><b>part</b>: 100 units/ml + 50 ug/ml</p><p><b>type</b>: Strength part <span style="background: LightGoldenRodYellow; margin: 4px; border: 1px solid khaki"> (220000000000#220000000004)</span></p></blockquote><blockquote><p><b>part</b></p><p><b>part</b>: Solution for injection</p><p><b>type</b>: Pharmaceutical dose form part <span style="background: LightGoldenRodYellow; margin: 4px; border: 1px solid khaki"> (220000000000#220000000005)</span></p></blockquote><h3>Usages</h3><table class="grid"><tr><td>-</td><td><b>Country</b></td><td><b>Jurisdiction</b></td><td><b>Language</b></td></tr><tr><td>*</td><td>European Union <span style="background: LightGoldenRodYellow; margin: 4px; border: 1px solid khaki"> (<a href="http://terminology.hl7.org/5.0.0/CodeSystem-ISO3166Part1.html">ISO 3166-1 Codes for the representation of names of countries and their subdivisions — Part 1: Country code</a>#eu)</span></td><td>European Union <span style="background: LightGoldenRodYellow; margin: 4px; border: 1px solid khaki"> (<a href="http://terminology.hl7.org/5.0.0/CodeSystem-ISO3166Part1.html">ISO 3166-1 Codes for the representation of names of countries and their subdivisions — Part 1: Country code</a>#eu)</span></td><td>English <span style="background: LightGoldenRodYellow; margin: 4px; border: 1px solid khaki"> (<a href="http://terminology.hl7.org/5.0.0/CodeSystem-v3-ietf3066.html">Tags for the Identification of Languages</a>#en)</span></td></tr></table></blockquote></div>
        </text>
        <identifier>
          <system value="https://spor.ema.europa.eu/pmswi"/>
          <value value="EU/1/16/1157/002"/>
        </identifier>
        <type>
          <coding>
            <system value="http://hl7.org/fhir/medicinal-product-type"/>
            <code value="MedicinalProduct"/>
            <display value="Medicinal Product"/>
          </coding>
        </type>
        <domain>
          <coding>
            <system value="http://hl7.org/fhir/medicinal-product-domain"/>
            <code value="Human"/>
            <display value="Human use"/>
          </coding>
        </domain>
        <status>
          <coding>
            <system value="http://hl7.org/fhir/publication-status"/>
            <code value="active"/>
            <display value="active"/>
          </coding>
        </status>
        <indication value="Suliqua is indicated for the treatment of adults with insufficiently controlled type 2 diabetes mellitus to improve glycaemic control as an adjunct to diet and exercise in addition to metformin with or without SGLT-2 inhibitors."/>
        <legalStatusOfSupply>
          <coding>
            <system value="https://spor.ema.europa.eu/rmswi"/>
            <code value="100000072084"/>
            <display value="Medicinal product subject to medical prescription"/>
          </coding>
        </legalStatusOfSupply>
        <classification>
          <coding>
            <system value="https://www.whocc.no/atc_ddd_index/"/>
            <code value="A10AE54"/>
            <display value="insulin glargine and lixisenatide"/>
          </coding>
        </classification>
        <classification>
          <coding>
            <system value="https://spor.ema.europa.eu/rmswi/"/>
            <code value="/#100000019249"/>
            <display value="Diabetes mellitus inadequate control"/>
          </coding>
        </classification>
        <name>
          <productName value="Suliqua 100 units/ml + 50 micrograms/ml solution for injection in a pre-filled pen"/>
          <type>
            <coding>
              <system value="https://spor.ema.europa.eu/rmswi/220000000000"/>
              <code value="220000000001"/>
            </coding>
            <text value="Full name"/>
          </type>
          <part>
            <part value="Suliqua"/>
            <type>
              <coding>
                <system value="https://spor.ema.europa.eu/rmswi/220000000000"/>
                <code value="220000000002"/>
              </coding>
              <text value="Invented name part"/>
            </type>
          </part>
          <part>
            <part value="Insulin glargine, Lixisenatide"/>
            <type>
              <coding>
                <system value="https://spor.ema.europa.eu/rmswi/220000000000"/>
                <code value="220000000003"/>
              </coding>
              <text value="Scientific name part"/>
            </type>
          </part>
          <part>
            <part value="100 units/ml + 50 ug/ml"/>
            <type>
              <coding>
                <system value="https://spor.ema.europa.eu/rmswi/220000000000"/>
                <code value="220000000004"/>
              </coding>
              <text value="Strength part"/>
            </type>
          </part>
          <part>
            <part value="Solution for injection"/>
            <type>
              <coding>
                <system value="https://spor.ema.europa.eu/rmswi/220000000000"/>
                <code value="220000000005"/>
              </coding>
              <text value="Pharmaceutical dose form part"/>
            </type>
          </part>
          <usage>
            <country>
              <coding>
                <system value="urn:iso:std:iso:3166"/>
                <code value="eu"/>
                <display value="European Union"/>
              </coding>
            </country>
            <jurisdiction>
              <coding>
                <system value="urn:iso:std:iso:3166"/>
                <code value="eu"/>
                <display value="European Union"/>
              </coding>
            </jurisdiction>
            <language>
              <coding>
                <system value="urn:ietf:bcp:47"/>
                <code value="en"/>
                <display value="English"/>
              </coding>
            </language>
          </usage>
        </name>
      </MedicinalProductDefinition>
    </resource>
  </entry>
  <entry>
    <fullUrl value="ManufacturedItemDefinition/0c8100d9-2901-4d2b-aaa6-0e9c6f0079d8"/>
    <resource>
      <ManufacturedItemDefinition>
        <id value="0c8100d9-2901-4d2b-aaa6-0e9c6f0079d8"/>
        <meta>
          <profile value="http://hl7.org/fhir/uv/vulcan-eproduct-info/StructureDefinition/ManufacturedItemDefinition-uv-epi"/>
        </meta>
        <text>
          <status value="generated"/><div xmlns="http://www.w3.org/1999/xhtml"><p><b>Generated Narrative: ManufacturedItemDefinition</b><a name="0c8100d9-2901-4d2b-aaa6-0e9c6f0079d8"> </a></p><div style="display: inline-block; background-color: #d9e0e7; padding: 6px; margin: 4px; border: 1px solid #8da1b4; border-radius: 5px; line-height: 60%"><p style="margin-bottom: 0px">Resource ManufacturedItemDefinition &quot;0c8100d9-2901-4d2b-aaa6-0e9c6f0079d8&quot; </p><p style="margin-bottom: 0px">Profile: <a href="StructureDefinition-ManufacturedItemDefinition-uv-epi.html">ManufacturedItemDefinition (ePI)</a></p></div><p><b>identifier</b>: id: EU/1/16/1157/003 (use: OFFICIAL)</p><p><b>status</b>: active</p><p><b>manufacturedDoseForm</b>: Solution <span style="background: LightGoldenRodYellow; margin: 4px; border: 1px solid khaki"> (#200000002007)</span></p><p><b>unitOfPresentation</b>: Pen <span style="background: LightGoldenRodYellow; margin: 4px; border: 1px solid khaki"> (rmswi#200000002135)</span></p><p><b>manufacturer</b>: <a href="#Organization_cb740756-c762-43ae-8e7a-d296e4d447a7">See above (Organization/cb740756-c762-43ae-8e7a-d296e4d447a7)</a></p></div>
        </text>
        <identifier>
          <use value="official"/>
          <system value="https://spor.ema.europa.eu/pmswi/#/"/>
          <value value="EU/1/16/1157/003"/>
        </identifier>
        <status value="active"/>
        <manufacturedDoseForm>
          <coding>
            <system value="https://spor.ema.europa.eu/rmswi/"/>
            <code value="200000002007"/>
            <display value="Solution"/>
          </coding>
        </manufacturedDoseForm>
        <unitOfPresentation>
          <coding>
            <system value="https://spor.ema.europa.eu/rmswi"/>
            <code value="200000002135"/>
            <display value="Pen"/>
          </coding>
        </unitOfPresentation>
        <manufacturer>
          <reference value="Organization/cb740756-c762-43ae-8e7a-d296e4d447a7"/>
        </manufacturer>
      </ManufacturedItemDefinition>
    </resource>
  </entry>
</Bundle>