<?xml version="1.0" encoding="UTF-8"?>

<Bundle xmlns="http://hl7.org/fhir">
  <id value="bundlepackageleaflet-31887cbcd4c018e35f958e5f8547dd66"/>
  <meta>
    <profile value="http://hl7.org/fhir/uv/emedicinal-product-info/StructureDefinition/Bundle-uv-epi"/>
  </meta>
  <identifier>
    <system value="https://www.gravitatehealth.eu/sid/doc"/>
    <value value="xx"/>
  </identifier>
  <type value="document"/>
  <timestamp value="2023-01-14T16:33:59Z"/>
  <entry>
    <fullUrl value="Composition/composition45f3604d61f93f5f026bea5d5824af10"/>
    <resource>
      <Composition>
        <id value="composition45f3604d61f93f5f026bea5d5824af10"/>
        <meta>
          <profile value="http://hl7.org/fhir/uv/emedicinal-product-info/StructureDefinition/Composition-uv-epi"/>
        </meta>
        <text>
          <status value="generated"/><div xmlns="http://www.w3.org/1999/xhtml"><p><b>Generated Narrative: Composition</b><a name="composition45f3604d61f93f5f026bea5d5824af10"> </a></p><div style="display: inline-block; background-color: #d9e0e7; padding: 6px; margin: 4px; border: 1px solid #8da1b4; border-radius: 5px; line-height: 60%"><p style="margin-bottom: 0px">Resource Composition &quot;composition45f3604d61f93f5f026bea5d5824af10&quot; </p><p style="margin-bottom: 0px">Profile: <a href="StructureDefinition-Composition-uv-epi.html">Composition (ePI)</a></p></div><p><b>identifier</b>: id: 0d69fdcb-33cf-407f-8209-a6529856ab4f</p><p><b>status</b>: final</p><p><b>type</b>: Package Leaflet <span style="background: LightGoldenRodYellow; margin: 4px; border: 1px solid khaki"> (#100000155538)</span></p><p><b>date</b>: 2022-02-16 13:28:17+0000</p><p><b>author</b>: <a href="#Organization_org-3fdc76794516d7826890ab9f893e99c1">See above (Organization/org-3fdc76794516d7826890ab9f893e99c1)</a></p><p><b>title</b>: TEST PURPOSES ONLY - Humalog</p></div>
        </text>
        <identifier>
          <system value="https://spor.ema.europa.eu/rmswi/"/>
          <value value="0d69fdcb-33cf-407f-8209-a6529856ab4f"/>
        </identifier>
        <status value="final"/>
        <type>
          <coding>
            <system value="https://spor.ema.europa.eu/rmswi/"/>
            <code value="100000155538"/>
          </coding>
          <text value="Package Leaflet"/>
        </type>
        <subject>
          <reference value="MedicinalProductDefinition/mpf6b4fcaaf21ddd70f011f383780f7bf3"/>
        </subject>
        <date value="2022-02-16T13:28:17Z"/>
        <author>
          <reference value="Organization/org-3fdc76794516d7826890ab9f893e99c1"/>
        </author>
        <title value="TEST PURPOSES ONLY - Humalog"/>
        <section>
          <title value="Product Information"/>
          <code>
            <text value="Product Info"/>
          </code>
          <entry>
            <reference value="Ingredient/ingredient-for-humalog-glycerol"/>
          </entry>
          <entry>
            <reference value="Ingredient/ingredient-for-humalog-hydrochloricacid"/>
          </entry>
          <entry>
            <reference value="Ingredient/ingredient-for-humalog-sodiumhydroxide"/>
          </entry>
          <entry>
            <reference value="Ingredient/ingredient-for-humalog-sterilewaterforinjection"/>
          </entry>
          <entry>
            <reference value="Ingredient/ingredient-for-humalog-insulinlispro"/>
          </entry>
          <entry>
            <reference value="Ingredient/ingredient-for-humalog-zincoxide"/>
          </entry>
          <entry>
            <reference value="Ingredient/ingredient-for-humalog-metacresol"/>
          </entry>
          <entry>
            <reference value="Ingredient/ingredient-for-humalog-trometamol"/>
          </entry>
          <entry>
            <reference value="SubstanceDefinition/substance-insulinlispro"/>
          </entry>
          <entry>
            <reference value="AdministrableProductDefinition/ap-fa2090b7ce9bdf87e24a9d05bbb51677"/>
          </entry>
          <entry>
            <reference value="RegulatedAuthorization/authorization35570a7ffa4ad1ddf8a920b1728d4cd2"/>
          </entry>
          <entry>
            <reference value="Organization/org-3fdc76794516d7826890ab9f893e99c1"/>
          </entry>
          <entry>
            <reference value="Organization/org-6f4987de7be1bbfa4ee92c07de7e94d4"/>
          </entry>
          <entry>
            <reference value="Organization/org-e3ef26dd2c7a0847d92d3bb1a64855b9"/>
          </entry>
          <entry>
            <reference value="PackagedProductDefinition/ppd-a9955d128989ce310e64a9fb99c8a9ac"/>
          </entry>
          <entry>
            <reference value="MedicinalProductDefinition/mpf6b4fcaaf21ddd70f011f383780f7bf3"/>
          </entry>
          <entry>
            <reference value="ManufacturedItemDefinition/mid-fa2090b7ce9bdf87e24a9d05bbb51677"/>
          </entry>
        </section>
        <section>
          <title value="Narrative Text"/>
          <code>
            <text value="Narrative"/>
          </code>
          <section>
            <title value="B. Package Leaflet"/>
            <code>
              <coding>
                <system value="https://spor.ema.europa.eu/rmswi/"/>
                <code value="100000155538"/>
              </coding>
              <text value="B. PACKAGE LEAFLET"/>
            </code>
            <text>
              <status value="additional"/><div xmlns="http://www.w3.org/1999/xhtml">unavailable</div>
            </text>
            <emptyReason>
              <coding>
                <system value="http://terminology.hl7.org/CodeSystem/list-empty-reason"/>
                <code value="unavailable"/>
              </coding>
            </emptyReason>
            <section>
              <title value="Package leaflet: Information for the user"/>
              <code>
                <coding>
                  <system value="https://spor.ema.europa.eu/rmswi/"/>
                  <code value="100000155538"/>
                </coding>
                <text value="Package leaflet: Information for the user"/>
              </code>
              <text>
                <status value="additional"/><div xmlns="http://www.w3.org/1999/xhtml"><div xmlns="http://www.w3.org/1999/xhtml">PACKAGE LEAFLET: INFORMATION FOR THE USER Humalog Mix50 100 units/ml suspension for injection in cartridge insulin lispro Read all of this leaflet carefully before you start taking this medicine because it contains important information for you.<ul><li>Keep this leaflet. You may need to read it again.</li><li>If you have any further questions, ask your doctor or pharmacist.</li><li>This medicine has been prescribed for you only. Do not pass it on to others. It may harm them, even if their signs of illness are the same as yours.</li><li>If you get any side effects talk to your doctor or pharmacist. This includes any possible side effects not listed in this leaflet. See section 4.</li></ul></div></div>
              </text>
            </section>
            <section>
              <title value="What is in this leaflet"/>
              <code>
                <coding>
                  <system value="https://spor.ema.europa.eu/rmswi/"/>
                  <code value="100000155538"/>
                </coding>
                <text value="What is in this leaflet"/>
              </code>
              <text>
                <status value="additional"/><div xmlns="http://www.w3.org/1999/xhtml"><div xmlns="http://www.w3.org/1999/xhtml">What in this leaflet<ol><li>What Humalog Mix50 is and what it is used for</li><li>What you need to know before you take Humalog Mix50</li><li>How to take Humalog Mix50</li><li>Possible side effects</li><li>How to store Humalog Mix50</li><li>Contents of the pack and other information</li></ol></div></div>
              </text>
            </section>
            <section>
              <title value="1. What Humalog is and what it is used for"/>
              <code>
                <coding>
                  <system value="https://spor.ema.europa.eu/rmswi/"/>
                  <code value="100000155538"/>
                </coding>
                <text value="1. What Humalog is and what it is used for"/>
              </code>
              <text>
                <status value="additional"/><div xmlns="http://www.w3.org/1999/xhtml">unavailable</div>
              </text>
              <emptyReason>
                <coding>
                  <system value="http://terminology.hl7.org/CodeSystem/list-empty-reason"/>
                  <code value="unavailable"/>
                </coding>
              </emptyReason>
            </section>
            <section>
              <title value="2. What you need to know before you take Humalog"/>
              <code>
                <coding>
                  <system value="https://spor.ema.europa.eu/rmswi/"/>
                  <code value="100000155538"/>
                </coding>
                <text value="2. What you need to know before you take Humalog"/>
              </code>
              <text>
                <status value="additional"/><div xmlns="http://www.w3.org/1999/xhtml"><div xmlns="http://www.w3.org/1999/xhtml"><b>2. What you need to know before you use Humalog Mix50</b> Do NOT use Humalog Mix50 if you</div></div>
              </text>
            </section>
            <section>
              <title value="3. How to take Humalog"/>
              <code>
                <coding>
                  <system value="https://spor.ema.europa.eu/rmswi/"/>
                  <code value="100000155538"/>
                </coding>
                <text value="3. How to take Humalog"/>
              </code>
              <text>
                <status value="additional"/><div xmlns="http://www.w3.org/1999/xhtml"><div xmlns="http://www.w3.org/1999/xhtml"><b>3. How to use Humalog Mix50</b> <b>The 3 ml cartridge is only for use in Lilly 3 ml pens. It is not for use in 1.5 ml pens.</b><p>Always use Humalog Mix50 exactly as your doctor has told you. You should check with your doctor if you are not sure. To prevent the possible transmission of disease, each cartridge must be used by you only, even if the needle on the delivery device is changed.</p></div></div>
              </text>
            </section>
            <section>
              <title value="4. Possible side effects"/>
              <code>
                <coding>
                  <system value="https://spor.ema.europa.eu/rmswi/"/>
                  <code value="100000155538"/>
                </coding>
                <text value="4. Possible side effects"/>
              </code>
              <text>
                <status value="additional"/><div xmlns="http://www.w3.org/1999/xhtml"><div xmlns="http://www.w3.org/1999/xhtml"><p><b>4. Possible side effects</b></p><p>Like all medicines, this medicine can cause side effects, although not everybody gets them.</p></div></div>
              </text>
            </section>
            <section>
              <title value="5. How to store Humalog"/>
              <code>
                <coding>
                  <system value="https://spor.ema.europa.eu/rmswi/"/>
                  <code value="100000155538"/>
                </coding>
                <text value="5. How to store Humalog"/>
              </code>
              <text>
                <status value="additional"/><div xmlns="http://www.w3.org/1999/xhtml"><div xmlns="http://www.w3.org/1999/xhtml"><p>Keep this medicine out of the sight and reach of children.</p><p>Do not use this medicine after the expiry date which is stated on the carton and on the blister after EXP. The expiry date refers to the last day of that month.</p><p>Do not store above 30°C.</p><p>Do not throw away any medicines via wastewater or household waste. Ask your pharmacist how to throw away of medicines you no longer use. These measures will help protect the environment.</p></div></div>
              </text>
            </section>
            <section>
              <title value="6. Contents of the pack and other information"/>
              <code>
                <coding>
                  <system value="https://spor.ema.europa.eu/rmswi/"/>
                  <code value="100000155538"/>
                </coding>
                <text value="6. Contents of the pack and other information"/>
              </code>
              <text>
                <status value="additional"/><div xmlns="http://www.w3.org/1999/xhtml"><div xmlns="http://www.w3.org/1999/xhtml"><b>6. Contents of the pack and other information</b> <b>What Humalog Mix50 100 units/ml suspension for injection in cartridge contains</b><p>The active substance is insulin lispro. Insulin lispro is made in the laboratory by a ‘recombinant DNA technology’ process. It is a changed form of human insulin and so is different from other human and animal insulins. Insulin lispro is closely related to human insulin which is a natural hormone made by the pancreas. The other ingredients are protamine sulphate, m-cresol, phenol, glycerol, dibasic sodium phosphate 7H2O, zinc oxide and water for injection. Sodium hydroxide or hydrochloric acid may have been used to adjust the acidity.</p></div></div>
              </text>
            </section>
          </section>
        </section>
      </Composition>
    </resource>
  </entry>
  <entry>
    <fullUrl value="Ingredient/ingredient-for-humalog-glycerol"/>
    <resource>
      <Ingredient>
        <id value="ingredient-for-humalog-glycerol"/>
        <meta>
          <profile value="http://hl7.org/fhir/uv/emedicinal-product-info/StructureDefinition/Ingredient-uv-epi"/>
        </meta>
        <text>
          <status value="generated"/><div xmlns="http://www.w3.org/1999/xhtml"><p><b>Generated Narrative: Ingredient</b><a name="ingredient-for-humalog-glycerol"> </a></p><div style="display: inline-block; background-color: #d9e0e7; padding: 6px; margin: 4px; border: 1px solid #8da1b4; border-radius: 5px; line-height: 60%"><p style="margin-bottom: 0px">Resource Ingredient &quot;ingredient-for-humalog-glycerol&quot; </p><p style="margin-bottom: 0px">Profile: <a href="StructureDefinition-Ingredient-uv-epi.html">Ingredient (ePI)</a></p></div><p><b>identifier</b>: id: PDC6A3C0OX (use: OFFICIAL)</p><p><b>status</b>: active</p><p><b>for</b>: </p><ul><li><a href="#ManufacturedItemDefinition_mid-fa2090b7ce9bdf87e24a9d05bbb51677">See above (ManufacturedItemDefinition/mid-fa2090b7ce9bdf87e24a9d05bbb51677)</a></li><li><a href="#MedicinalProductDefinition_mpf6b4fcaaf21ddd70f011f383780f7bf3">See above (MedicinalProductDefinition/mpf6b4fcaaf21ddd70f011f383780f7bf3)</a></li><li><a href="#AdministrableProductDefinition_ap-fa2090b7ce9bdf87e24a9d05bbb51677">See above (AdministrableProductDefinition/ap-fa2090b7ce9bdf87e24a9d05bbb51677)</a></li></ul><p><b>role</b>: Excipient <span style="background: LightGoldenRodYellow; margin: 4px; border: 1px solid khaki"> (rmswi#100000072082)</span></p><h3>Manufacturers</h3><table class="grid"><tr><td>-</td><td><b>Manufacturer</b></td></tr><tr><td>*</td><td><a href="#Organization_org-3fdc76794516d7826890ab9f893e99c1">See above (Organization/org-3fdc76794516d7826890ab9f893e99c1)</a></td></tr></table><blockquote><p><b>substance</b></p><h3>Codes</h3><table class="grid"><tr><td>-</td><td><b>Concept</b></td></tr><tr><td>*</td><td>Glycerol <span style="background: LightGoldenRodYellow; margin: 4px; border: 1px solid khaki"> (<a href="http://terminology.hl7.org/5.0.0/CodeSystem-UNII.html">Unique Ingredient Identifier (UNII)</a>#PDC6A3C0OX)</span></td></tr></table></blockquote></div>
        </text>
        <identifier>
          <use value="official"/>
          <system value="http://fdasis.nlm.nih.gov"/>
          <value value="PDC6A3C0OX"/>
        </identifier>
        <status value="active"/>
        <for>
          <reference value="ManufacturedItemDefinition/mid-fa2090b7ce9bdf87e24a9d05bbb51677"/>
        </for>
        <for>
          <reference value="MedicinalProductDefinition/mpf6b4fcaaf21ddd70f011f383780f7bf3"/>
        </for>
        <for>
          <reference value="AdministrableProductDefinition/ap-fa2090b7ce9bdf87e24a9d05bbb51677"/>
        </for>
        <role>
          <coding>
            <system value="https://spor.ema.europa.eu/rmswi"/>
            <code value="100000072082"/>
            <display value="Excipient"/>
          </coding>
        </role>
        <manufacturer>
          <manufacturer>
            <reference value="Organization/org-3fdc76794516d7826890ab9f893e99c1"/>
          </manufacturer>
        </manufacturer>
        <substance>
          <code>
            <concept>
              <coding>
                <system value="http://fdasis.nlm.nih.gov"/>
                <code value="PDC6A3C0OX"/>
                <display value="Glycerol"/>
              </coding>
            </concept>
          </code>
        </substance>
      </Ingredient>
    </resource>
  </entry>
  <entry>
    <fullUrl value="Ingredient/ingredient-for-humalog-hydrochloricacid"/>
    <resource>
      <Ingredient>
        <id value="ingredient-for-humalog-hydrochloricacid"/>
        <meta>
          <profile value="http://hl7.org/fhir/uv/emedicinal-product-info/StructureDefinition/Ingredient-uv-epi"/>
        </meta>
        <text>
          <status value="generated"/><div xmlns="http://www.w3.org/1999/xhtml"><p><b>Generated Narrative: Ingredient</b><a name="ingredient-for-humalog-hydrochloricacid"> </a></p><div style="display: inline-block; background-color: #d9e0e7; padding: 6px; margin: 4px; border: 1px solid #8da1b4; border-radius: 5px; line-height: 60%"><p style="margin-bottom: 0px">Resource Ingredient &quot;ingredient-for-humalog-hydrochloricacid&quot; </p><p style="margin-bottom: 0px">Profile: <a href="StructureDefinition-Ingredient-uv-epi.html">Ingredient (ePI)</a></p></div><p><b>identifier</b>: id: QTT17582CB (use: OFFICIAL)</p><p><b>status</b>: active</p><p><b>for</b>: </p><ul><li><a href="#ManufacturedItemDefinition_mid-fa2090b7ce9bdf87e24a9d05bbb51677">See above (ManufacturedItemDefinition/mid-fa2090b7ce9bdf87e24a9d05bbb51677)</a></li><li><a href="#MedicinalProductDefinition_mpf6b4fcaaf21ddd70f011f383780f7bf3">See above (MedicinalProductDefinition/mpf6b4fcaaf21ddd70f011f383780f7bf3)</a></li><li><a href="#AdministrableProductDefinition_ap-fa2090b7ce9bdf87e24a9d05bbb51677">See above (AdministrableProductDefinition/ap-fa2090b7ce9bdf87e24a9d05bbb51677)</a></li></ul><p><b>role</b>: Excipient <span style="background: LightGoldenRodYellow; margin: 4px; border: 1px solid khaki"> (rmswi#100000072082)</span></p><h3>Manufacturers</h3><table class="grid"><tr><td>-</td><td><b>Manufacturer</b></td></tr><tr><td>*</td><td><a href="#Organization_org-3fdc76794516d7826890ab9f893e99c1">See above (Organization/org-3fdc76794516d7826890ab9f893e99c1)</a></td></tr></table><blockquote><p><b>substance</b></p><h3>Codes</h3><table class="grid"><tr><td>-</td><td><b>Concept</b></td></tr><tr><td>*</td><td>Hydrochloric acid <span style="background: LightGoldenRodYellow; margin: 4px; border: 1px solid khaki"> (<a href="http://terminology.hl7.org/5.0.0/CodeSystem-UNII.html">Unique Ingredient Identifier (UNII)</a>#QTT17582CB)</span></td></tr></table></blockquote></div>
        </text>
        <identifier>
          <use value="official"/>
          <system value="http://fdasis.nlm.nih.gov"/>
          <value value="QTT17582CB"/>
        </identifier>
        <status value="active"/>
        <for>
          <reference value="ManufacturedItemDefinition/mid-fa2090b7ce9bdf87e24a9d05bbb51677"/>
        </for>
        <for>
          <reference value="MedicinalProductDefinition/mpf6b4fcaaf21ddd70f011f383780f7bf3"/>
        </for>
        <for>
          <reference value="AdministrableProductDefinition/ap-fa2090b7ce9bdf87e24a9d05bbb51677"/>
        </for>
        <role>
          <coding>
            <system value="https://spor.ema.europa.eu/rmswi"/>
            <code value="100000072082"/>
            <display value="Excipient"/>
          </coding>
        </role>
        <manufacturer>
          <manufacturer>
            <reference value="Organization/org-3fdc76794516d7826890ab9f893e99c1"/>
          </manufacturer>
        </manufacturer>
        <substance>
          <code>
            <concept>
              <coding>
                <system value="http://fdasis.nlm.nih.gov"/>
                <code value="QTT17582CB"/>
                <display value="Hydrochloric acid"/>
              </coding>
            </concept>
          </code>
        </substance>
      </Ingredient>
    </resource>
  </entry>
  <entry>
    <fullUrl value="Ingredient/ingredient-for-humalog-sodiumhydroxide"/>
    <resource>
      <Ingredient>
        <id value="ingredient-for-humalog-sodiumhydroxide"/>
        <meta>
          <profile value="http://hl7.org/fhir/uv/emedicinal-product-info/StructureDefinition/Ingredient-uv-epi"/>
        </meta>
        <text>
          <status value="generated"/><div xmlns="http://www.w3.org/1999/xhtml"><p><b>Generated Narrative: Ingredient</b><a name="ingredient-for-humalog-sodiumhydroxide"> </a></p><div style="display: inline-block; background-color: #d9e0e7; padding: 6px; margin: 4px; border: 1px solid #8da1b4; border-radius: 5px; line-height: 60%"><p style="margin-bottom: 0px">Resource Ingredient &quot;ingredient-for-humalog-sodiumhydroxide&quot; </p><p style="margin-bottom: 0px">Profile: <a href="StructureDefinition-Ingredient-uv-epi.html">Ingredient (ePI)</a></p></div><p><b>identifier</b>: id: 55X04QC32I (use: OFFICIAL)</p><p><b>status</b>: active</p><p><b>for</b>: </p><ul><li><a href="#ManufacturedItemDefinition_mid-fa2090b7ce9bdf87e24a9d05bbb51677">See above (ManufacturedItemDefinition/mid-fa2090b7ce9bdf87e24a9d05bbb51677)</a></li><li><a href="#MedicinalProductDefinition_mpf6b4fcaaf21ddd70f011f383780f7bf3">See above (MedicinalProductDefinition/mpf6b4fcaaf21ddd70f011f383780f7bf3)</a></li><li><a href="#AdministrableProductDefinition_ap-fa2090b7ce9bdf87e24a9d05bbb51677">See above (AdministrableProductDefinition/ap-fa2090b7ce9bdf87e24a9d05bbb51677)</a></li></ul><p><b>role</b>: Excipient <span style="background: LightGoldenRodYellow; margin: 4px; border: 1px solid khaki"> (rmswi#100000072082)</span></p><h3>Manufacturers</h3><table class="grid"><tr><td>-</td><td><b>Manufacturer</b></td></tr><tr><td>*</td><td><a href="#Organization_org-3fdc76794516d7826890ab9f893e99c1">See above (Organization/org-3fdc76794516d7826890ab9f893e99c1)</a></td></tr></table><blockquote><p><b>substance</b></p><h3>Codes</h3><table class="grid"><tr><td>-</td><td><b>Concept</b></td></tr><tr><td>*</td><td>Sodium Hydroxide <span style="background: LightGoldenRodYellow; margin: 4px; border: 1px solid khaki"> (<a href="http://terminology.hl7.org/5.0.0/CodeSystem-UNII.html">Unique Ingredient Identifier (UNII)</a>#55X04QC32I)</span></td></tr></table></blockquote></div>
        </text>
        <identifier>
          <use value="official"/>
          <system value="http://fdasis.nlm.nih.gov"/>
          <value value="55X04QC32I"/>
        </identifier>
        <status value="active"/>
        <for>
          <reference value="ManufacturedItemDefinition/mid-fa2090b7ce9bdf87e24a9d05bbb51677"/>
        </for>
        <for>
          <reference value="MedicinalProductDefinition/mpf6b4fcaaf21ddd70f011f383780f7bf3"/>
        </for>
        <for>
          <reference value="AdministrableProductDefinition/ap-fa2090b7ce9bdf87e24a9d05bbb51677"/>
        </for>
        <role>
          <coding>
            <system value="https://spor.ema.europa.eu/rmswi"/>
            <code value="100000072082"/>
            <display value="Excipient"/>
          </coding>
        </role>
        <manufacturer>
          <manufacturer>
            <reference value="Organization/org-3fdc76794516d7826890ab9f893e99c1"/>
          </manufacturer>
        </manufacturer>
        <substance>
          <code>
            <concept>
              <coding>
                <system value="http://fdasis.nlm.nih.gov"/>
                <code value="55X04QC32I"/>
                <display value="Sodium Hydroxide"/>
              </coding>
            </concept>
          </code>
        </substance>
      </Ingredient>
    </resource>
  </entry>
  <entry>
    <fullUrl value="Ingredient/ingredient-for-humalog-sterilewaterforinjection"/>
    <resource>
      <Ingredient>
        <id value="ingredient-for-humalog-sterilewaterforinjection"/>
        <meta>
          <profile value="http://hl7.org/fhir/uv/emedicinal-product-info/StructureDefinition/Ingredient-uv-epi"/>
        </meta>
        <text>
          <status value="generated"/><div xmlns="http://www.w3.org/1999/xhtml"><p><b>Generated Narrative: Ingredient</b><a name="ingredient-for-humalog-sterilewaterforinjection"> </a></p><div style="display: inline-block; background-color: #d9e0e7; padding: 6px; margin: 4px; border: 1px solid #8da1b4; border-radius: 5px; line-height: 60%"><p style="margin-bottom: 0px">Resource Ingredient &quot;ingredient-for-humalog-sterilewaterforinjection&quot; </p><p style="margin-bottom: 0px">Profile: <a href="StructureDefinition-Ingredient-uv-epi.html">Ingredient (ePI)</a></p></div><p><b>identifier</b>: id: 059QF0KO0R (use: OFFICIAL)</p><p><b>status</b>: active</p><p><b>for</b>: </p><ul><li><a href="#ManufacturedItemDefinition_mid-fa2090b7ce9bdf87e24a9d05bbb51677">See above (ManufacturedItemDefinition/mid-fa2090b7ce9bdf87e24a9d05bbb51677)</a></li><li><a href="#MedicinalProductDefinition_mpf6b4fcaaf21ddd70f011f383780f7bf3">See above (MedicinalProductDefinition/mpf6b4fcaaf21ddd70f011f383780f7bf3)</a></li><li><a href="#AdministrableProductDefinition_ap-fa2090b7ce9bdf87e24a9d05bbb51677">See above (AdministrableProductDefinition/ap-fa2090b7ce9bdf87e24a9d05bbb51677)</a></li></ul><p><b>role</b>: Excipient <span style="background: LightGoldenRodYellow; margin: 4px; border: 1px solid khaki"> (rmswi#100000072082)</span></p><h3>Manufacturers</h3><table class="grid"><tr><td>-</td><td><b>Manufacturer</b></td></tr><tr><td>*</td><td><a href="#Organization_org-3fdc76794516d7826890ab9f893e99c1">See above (Organization/org-3fdc76794516d7826890ab9f893e99c1)</a></td></tr></table><blockquote><p><b>substance</b></p><h3>Codes</h3><table class="grid"><tr><td>-</td><td><b>Concept</b></td></tr><tr><td>*</td><td>STERILE WATER FOR INJECTION <span style="background: LightGoldenRodYellow; margin: 4px; border: 1px solid khaki"> (<a href="http://terminology.hl7.org/5.0.0/CodeSystem-UNII.html">Unique Ingredient Identifier (UNII)</a>#059QF0KO0R)</span></td></tr></table></blockquote></div>
        </text>
        <identifier>
          <use value="official"/>
          <system value="http://fdasis.nlm.nih.gov"/>
          <value value="059QF0KO0R"/>
        </identifier>
        <status value="active"/>
        <for>
          <reference value="ManufacturedItemDefinition/mid-fa2090b7ce9bdf87e24a9d05bbb51677"/>
        </for>
        <for>
          <reference value="MedicinalProductDefinition/mpf6b4fcaaf21ddd70f011f383780f7bf3"/>
        </for>
        <for>
          <reference value="AdministrableProductDefinition/ap-fa2090b7ce9bdf87e24a9d05bbb51677"/>
        </for>
        <role>
          <coding>
            <system value="https://spor.ema.europa.eu/rmswi"/>
            <code value="100000072082"/>
            <display value="Excipient"/>
          </coding>
        </role>
        <manufacturer>
          <manufacturer>
            <reference value="Organization/org-3fdc76794516d7826890ab9f893e99c1"/>
          </manufacturer>
        </manufacturer>
        <substance>
          <code>
            <concept>
              <coding>
                <system value="http://fdasis.nlm.nih.gov"/>
                <code value="059QF0KO0R"/>
                <display value="STERILE WATER FOR INJECTION"/>
              </coding>
            </concept>
          </code>
        </substance>
      </Ingredient>
    </resource>
  </entry>
  <entry>
    <fullUrl value="Ingredient/ingredient-for-humalog-insulinlispro"/>
    <resource>
      <Ingredient>
        <id value="ingredient-for-humalog-insulinlispro"/>
        <meta>
          <profile value="http://hl7.org/fhir/uv/emedicinal-product-info/StructureDefinition/Ingredient-uv-epi"/>
        </meta>
        <text>
          <status value="generated"/><div xmlns="http://www.w3.org/1999/xhtml"><p><b>Generated Narrative: Ingredient</b><a name="ingredient-for-humalog-insulinlispro"> </a></p><div style="display: inline-block; background-color: #d9e0e7; padding: 6px; margin: 4px; border: 1px solid #8da1b4; border-radius: 5px; line-height: 60%"><p style="margin-bottom: 0px">Resource Ingredient &quot;ingredient-for-humalog-insulinlispro&quot; </p><p style="margin-bottom: 0px">Profile: <a href="StructureDefinition-Ingredient-uv-epi.html">Ingredient (ePI)</a></p></div><p><b>identifier</b>: id: GFX7QIS1II (use: OFFICIAL)</p><p><b>status</b>: active</p><p><b>for</b>: </p><ul><li><a href="#ManufacturedItemDefinition_mid-fa2090b7ce9bdf87e24a9d05bbb51677">See above (ManufacturedItemDefinition/mid-fa2090b7ce9bdf87e24a9d05bbb51677)</a></li><li><a href="#MedicinalProductDefinition_mpf6b4fcaaf21ddd70f011f383780f7bf3">See above (MedicinalProductDefinition/mpf6b4fcaaf21ddd70f011f383780f7bf3)</a></li><li><a href="#AdministrableProductDefinition_ap-fa2090b7ce9bdf87e24a9d05bbb51677">See above (AdministrableProductDefinition/ap-fa2090b7ce9bdf87e24a9d05bbb51677)</a></li></ul><p><b>role</b>: active <span style="background: LightGoldenRodYellow; margin: 4px; border: 1px solid khaki"> (rmswi#72072)</span></p><h3>Manufacturers</h3><table class="grid"><tr><td>-</td><td><b>Manufacturer</b></td></tr><tr><td>*</td><td><a href="#Organization_org-3fdc76794516d7826890ab9f893e99c1">See above (Organization/org-3fdc76794516d7826890ab9f893e99c1)</a></td></tr></table><blockquote><p><b>substance</b></p><h3>Codes</h3><table class="grid"><tr><td>-</td><td><b>Concept</b></td></tr><tr><td>*</td><td>Insulin Lispro <span style="background: LightGoldenRodYellow; margin: 4px; border: 1px solid khaki"> (<a href="http://terminology.hl7.org/5.0.0/CodeSystem-UNII.html">Unique Ingredient Identifier (UNII)</a>#GFX7QIS1II)</span></td></tr></table><h3>Strengths</h3><table class="grid"><tr><td>-</td><td><b>Presentation[x]</b></td><td><b>Basis</b></td></tr><tr><td>*</td><td>100 U/ml<span style="background: LightGoldenRodYellow"> (Details: UCUM code U/ml = 'U/ml')</span></td><td>active ingredient - basis of strength <span style="background: LightGoldenRodYellow; margin: 4px; border: 1px solid khaki"> (<a href="http://terminology.hl7.org/5.0.0/CodeSystem-v3-RoleClass.html">RoleClass</a>#ACTIB)</span></td></tr></table></blockquote></div>
        </text>
        <identifier>
          <use value="official"/>
          <system value="http://fdasis.nlm.nih.gov"/>
          <value value="GFX7QIS1II"/>
        </identifier>
        <status value="active"/>
        <for>
          <reference value="ManufacturedItemDefinition/mid-fa2090b7ce9bdf87e24a9d05bbb51677"/>
        </for>
        <for>
          <reference value="MedicinalProductDefinition/mpf6b4fcaaf21ddd70f011f383780f7bf3"/>
        </for>
        <for>
          <reference value="AdministrableProductDefinition/ap-fa2090b7ce9bdf87e24a9d05bbb51677"/>
        </for>
        <role>
          <coding>
            <system value="https://spor.ema.europa.eu/rmswi"/>
            <code value="72072"/>
            <display value="active"/>
          </coding>
        </role>
        <manufacturer>
          <manufacturer>
            <reference value="Organization/org-3fdc76794516d7826890ab9f893e99c1"/>
          </manufacturer>
        </manufacturer>
        <substance>
          <code>
            <concept>
              <coding>
                <system value="http://fdasis.nlm.nih.gov"/>
                <code value="GFX7QIS1II"/>
                <display value="Insulin Lispro"/>
              </coding>
            </concept>
          </code>
          <strength>
            <presentationQuantity>
              <value value="100"/>
              <system value="http://unitsofmeasure.org"/>
              <code value="U/ml"/>
            </presentationQuantity>
            <basis>
              <coding>
                <system value="http://terminology.hl7.org/CodeSystem/v3-RoleClass"/>
                <code value="ACTIB"/>
                <display value="active ingredient - basis of strength"/>
              </coding>
            </basis>
          </strength>
        </substance>
      </Ingredient>
    </resource>
  </entry>
  <entry>
    <fullUrl value="Ingredient/ingredient-for-humalog-zincoxide"/>
    <resource>
      <Ingredient>
        <id value="ingredient-for-humalog-zincoxide"/>
        <meta>
          <profile value="http://hl7.org/fhir/uv/emedicinal-product-info/StructureDefinition/Ingredient-uv-epi"/>
        </meta>
        <text>
          <status value="generated"/><div xmlns="http://www.w3.org/1999/xhtml"><p><b>Generated Narrative: Ingredient</b><a name="ingredient-for-humalog-zincoxide"> </a></p><div style="display: inline-block; background-color: #d9e0e7; padding: 6px; margin: 4px; border: 1px solid #8da1b4; border-radius: 5px; line-height: 60%"><p style="margin-bottom: 0px">Resource Ingredient &quot;ingredient-for-humalog-zincoxide&quot; </p><p style="margin-bottom: 0px">Profile: <a href="StructureDefinition-Ingredient-uv-epi.html">Ingredient (ePI)</a></p></div><p><b>identifier</b>: id: SOI2LOH54Z (use: OFFICIAL)</p><p><b>status</b>: active</p><p><b>for</b>: </p><ul><li><a href="#ManufacturedItemDefinition_mid-fa2090b7ce9bdf87e24a9d05bbb51677">See above (ManufacturedItemDefinition/mid-fa2090b7ce9bdf87e24a9d05bbb51677)</a></li><li><a href="#MedicinalProductDefinition_mpf6b4fcaaf21ddd70f011f383780f7bf3">See above (MedicinalProductDefinition/mpf6b4fcaaf21ddd70f011f383780f7bf3)</a></li><li><a href="#AdministrableProductDefinition_ap-fa2090b7ce9bdf87e24a9d05bbb51677">See above (AdministrableProductDefinition/ap-fa2090b7ce9bdf87e24a9d05bbb51677)</a></li></ul><p><b>role</b>: Excipient <span style="background: LightGoldenRodYellow; margin: 4px; border: 1px solid khaki"> (rmswi#100000072082)</span></p><h3>Manufacturers</h3><table class="grid"><tr><td>-</td><td><b>Manufacturer</b></td></tr><tr><td>*</td><td><a href="#Organization_org-3fdc76794516d7826890ab9f893e99c1">See above (Organization/org-3fdc76794516d7826890ab9f893e99c1)</a></td></tr></table><blockquote><p><b>substance</b></p><h3>Codes</h3><table class="grid"><tr><td>-</td><td><b>Concept</b></td></tr><tr><td>*</td><td>Zinc Oxide <span style="background: LightGoldenRodYellow; margin: 4px; border: 1px solid khaki"> (<a href="http://terminology.hl7.org/5.0.0/CodeSystem-UNII.html">Unique Ingredient Identifier (UNII)</a>#SOI2LOH54Z)</span></td></tr></table></blockquote></div>
        </text>
        <identifier>
          <use value="official"/>
          <system value="http://fdasis.nlm.nih.gov"/>
          <value value="SOI2LOH54Z"/>
        </identifier>
        <status value="active"/>
        <for>
          <reference value="ManufacturedItemDefinition/mid-fa2090b7ce9bdf87e24a9d05bbb51677"/>
        </for>
        <for>
          <reference value="MedicinalProductDefinition/mpf6b4fcaaf21ddd70f011f383780f7bf3"/>
        </for>
        <for>
          <reference value="AdministrableProductDefinition/ap-fa2090b7ce9bdf87e24a9d05bbb51677"/>
        </for>
        <role>
          <coding>
            <system value="https://spor.ema.europa.eu/rmswi"/>
            <code value="100000072082"/>
            <display value="Excipient"/>
          </coding>
        </role>
        <manufacturer>
          <manufacturer>
            <reference value="Organization/org-3fdc76794516d7826890ab9f893e99c1"/>
          </manufacturer>
        </manufacturer>
        <substance>
          <code>
            <concept>
              <coding>
                <system value="http://fdasis.nlm.nih.gov"/>
                <code value="SOI2LOH54Z"/>
                <display value="Zinc Oxide"/>
              </coding>
            </concept>
          </code>
        </substance>
      </Ingredient>
    </resource>
  </entry>
  <entry>
    <fullUrl value="Ingredient/ingredient-for-humalog-metacresol"/>
    <resource>
      <Ingredient>
        <id value="ingredient-for-humalog-metacresol"/>
        <meta>
          <profile value="http://hl7.org/fhir/uv/emedicinal-product-info/StructureDefinition/Ingredient-uv-epi"/>
        </meta>
        <text>
          <status value="generated"/><div xmlns="http://www.w3.org/1999/xhtml"><p><b>Generated Narrative: Ingredient</b><a name="ingredient-for-humalog-metacresol"> </a></p><div style="display: inline-block; background-color: #d9e0e7; padding: 6px; margin: 4px; border: 1px solid #8da1b4; border-radius: 5px; line-height: 60%"><p style="margin-bottom: 0px">Resource Ingredient &quot;ingredient-for-humalog-metacresol&quot; </p><p style="margin-bottom: 0px">Profile: <a href="StructureDefinition-Ingredient-uv-epi.html">Ingredient (ePI)</a></p></div><p><b>identifier</b>: id: GGO4Y809LO (use: OFFICIAL)</p><p><b>status</b>: active</p><p><b>for</b>: </p><ul><li><a href="#ManufacturedItemDefinition_mid-fa2090b7ce9bdf87e24a9d05bbb51677">See above (ManufacturedItemDefinition/mid-fa2090b7ce9bdf87e24a9d05bbb51677)</a></li><li><a href="#MedicinalProductDefinition_mpf6b4fcaaf21ddd70f011f383780f7bf3">See above (MedicinalProductDefinition/mpf6b4fcaaf21ddd70f011f383780f7bf3)</a></li><li><a href="#AdministrableProductDefinition_ap-fa2090b7ce9bdf87e24a9d05bbb51677">See above (AdministrableProductDefinition/ap-fa2090b7ce9bdf87e24a9d05bbb51677)</a></li></ul><p><b>role</b>: Excipient <span style="background: LightGoldenRodYellow; margin: 4px; border: 1px solid khaki"> (rmswi#100000072082)</span></p><h3>Manufacturers</h3><table class="grid"><tr><td>-</td><td><b>Manufacturer</b></td></tr><tr><td>*</td><td><a href="#Organization_org-3fdc76794516d7826890ab9f893e99c1">See above (Organization/org-3fdc76794516d7826890ab9f893e99c1)</a></td></tr></table><blockquote><p><b>substance</b></p><h3>Codes</h3><table class="grid"><tr><td>-</td><td><b>Concept</b></td></tr><tr><td>*</td><td>Metacresol <span style="background: LightGoldenRodYellow; margin: 4px; border: 1px solid khaki"> (<a href="http://terminology.hl7.org/5.0.0/CodeSystem-UNII.html">Unique Ingredient Identifier (UNII)</a>#GGO4Y809LO)</span></td></tr></table></blockquote></div>
        </text>
        <identifier>
          <use value="official"/>
          <system value="http://fdasis.nlm.nih.gov"/>
          <value value="GGO4Y809LO"/>
        </identifier>
        <status value="active"/>
        <for>
          <reference value="ManufacturedItemDefinition/mid-fa2090b7ce9bdf87e24a9d05bbb51677"/>
        </for>
        <for>
          <reference value="MedicinalProductDefinition/mpf6b4fcaaf21ddd70f011f383780f7bf3"/>
        </for>
        <for>
          <reference value="AdministrableProductDefinition/ap-fa2090b7ce9bdf87e24a9d05bbb51677"/>
        </for>
        <role>
          <coding>
            <system value="https://spor.ema.europa.eu/rmswi"/>
            <code value="100000072082"/>
            <display value="Excipient"/>
          </coding>
        </role>
        <manufacturer>
          <manufacturer>
            <reference value="Organization/org-3fdc76794516d7826890ab9f893e99c1"/>
          </manufacturer>
        </manufacturer>
        <substance>
          <code>
            <concept>
              <coding>
                <system value="http://fdasis.nlm.nih.gov"/>
                <code value="GGO4Y809LO"/>
                <display value="Metacresol"/>
              </coding>
            </concept>
          </code>
        </substance>
      </Ingredient>
    </resource>
  </entry>
  <entry>
    <fullUrl value="Ingredient/ingredient-for-humalog-trometamol"/>
    <resource>
      <Ingredient>
        <id value="ingredient-for-humalog-trometamol"/>
        <meta>
          <profile value="http://hl7.org/fhir/uv/emedicinal-product-info/StructureDefinition/Ingredient-uv-epi"/>
        </meta>
        <text>
          <status value="generated"/><div xmlns="http://www.w3.org/1999/xhtml"><p><b>Generated Narrative: Ingredient</b><a name="ingredient-for-humalog-trometamol"> </a></p><div style="display: inline-block; background-color: #d9e0e7; padding: 6px; margin: 4px; border: 1px solid #8da1b4; border-radius: 5px; line-height: 60%"><p style="margin-bottom: 0px">Resource Ingredient &quot;ingredient-for-humalog-trometamol&quot; </p><p style="margin-bottom: 0px">Profile: <a href="StructureDefinition-Ingredient-uv-epi.html">Ingredient (ePI)</a></p></div><p><b>identifier</b>: id: 023C2WHX2V (use: OFFICIAL)</p><p><b>status</b>: active</p><p><b>for</b>: </p><ul><li><a href="#ManufacturedItemDefinition_mid-fa2090b7ce9bdf87e24a9d05bbb51677">See above (ManufacturedItemDefinition/mid-fa2090b7ce9bdf87e24a9d05bbb51677)</a></li><li><a href="#MedicinalProductDefinition_mpf6b4fcaaf21ddd70f011f383780f7bf3">See above (MedicinalProductDefinition/mpf6b4fcaaf21ddd70f011f383780f7bf3)</a></li><li><a href="#AdministrableProductDefinition_ap-fa2090b7ce9bdf87e24a9d05bbb51677">See above (AdministrableProductDefinition/ap-fa2090b7ce9bdf87e24a9d05bbb51677)</a></li></ul><p><b>role</b>: Excipient <span style="background: LightGoldenRodYellow; margin: 4px; border: 1px solid khaki"> (rmswi#100000072082)</span></p><h3>Manufacturers</h3><table class="grid"><tr><td>-</td><td><b>Manufacturer</b></td></tr><tr><td>*</td><td><a href="#Organization_org-3fdc76794516d7826890ab9f893e99c1">See above (Organization/org-3fdc76794516d7826890ab9f893e99c1)</a></td></tr></table><blockquote><p><b>substance</b></p><h3>Codes</h3><table class="grid"><tr><td>-</td><td><b>Concept</b></td></tr><tr><td>*</td><td>Trometamol <span style="background: LightGoldenRodYellow; margin: 4px; border: 1px solid khaki"> (<a href="http://terminology.hl7.org/5.0.0/CodeSystem-UNII.html">Unique Ingredient Identifier (UNII)</a>#023C2WHX2V)</span></td></tr></table></blockquote></div>
        </text>
        <identifier>
          <use value="official"/>
          <system value="http://fdasis.nlm.nih.gov"/>
          <value value="023C2WHX2V"/>
        </identifier>
        <status value="active"/>
        <for>
          <reference value="ManufacturedItemDefinition/mid-fa2090b7ce9bdf87e24a9d05bbb51677"/>
        </for>
        <for>
          <reference value="MedicinalProductDefinition/mpf6b4fcaaf21ddd70f011f383780f7bf3"/>
        </for>
        <for>
          <reference value="AdministrableProductDefinition/ap-fa2090b7ce9bdf87e24a9d05bbb51677"/>
        </for>
        <role>
          <coding>
            <system value="https://spor.ema.europa.eu/rmswi"/>
            <code value="100000072082"/>
            <display value="Excipient"/>
          </coding>
        </role>
        <manufacturer>
          <manufacturer>
            <reference value="Organization/org-3fdc76794516d7826890ab9f893e99c1"/>
          </manufacturer>
        </manufacturer>
        <substance>
          <code>
            <concept>
              <coding>
                <system value="http://fdasis.nlm.nih.gov"/>
                <code value="023C2WHX2V"/>
                <display value="Trometamol"/>
              </coding>
            </concept>
          </code>
        </substance>
      </Ingredient>
    </resource>
  </entry>
  <entry>
    <fullUrl value="SubstanceDefinition/substance-insulinlispro"/>
    <resource>
      <SubstanceDefinition>
        <id value="substance-insulinlispro"/>
        <meta>
          <profile value="http://hl7.org/fhir/uv/emedicinal-product-info/StructureDefinition/SubstanceDefinition-uv-epi"/>
        </meta>
        <text>
          <status value="generated"/><div xmlns="http://www.w3.org/1999/xhtml"><p><b>Generated Narrative: SubstanceDefinition</b><a name="substance-insulinlispro"> </a></p><div style="display: inline-block; background-color: #d9e0e7; padding: 6px; margin: 4px; border: 1px solid #8da1b4; border-radius: 5px; line-height: 60%"><p style="margin-bottom: 0px">Resource SubstanceDefinition &quot;substance-insulinlispro&quot; </p><p style="margin-bottom: 0px">Profile: <a href="StructureDefinition-SubstanceDefinition-uv-epi.html">SubstanceDefinition (ePI)</a></p></div><p><b>identifier</b>: id: GFX7QIS1II (use: OFFICIAL)</p><p><b>version</b>: 1</p><p><b>status</b>: Validated (UNII) <span style="background: LightGoldenRodYellow; margin: 4px; border: 1px solid khaki"> (#1)</span></p><p><b>manufacturer</b>: <a href="#Organization_org-3fdc76794516d7826890ab9f893e99c1">See above (Organization/org-3fdc76794516d7826890ab9f893e99c1)</a></p><h3>Structures</h3><table class="grid"><tr><td>-</td><td><b>MolecularFormula</b></td></tr><tr><td>*</td><td>C257H382O75N65S6</td></tr></table><h3>Names</h3><table class="grid"><tr><td>-</td><td><b>Name</b></td></tr><tr><td>*</td><td>28(SUP B)-L-LYSINE-29(SUP B)-L-PROLINEINSULIN (HUMAN)</td></tr></table></div>
        </text>
        <identifier>
          <use value="official"/>
          <system value="https://gsrs.ncats.nih.gov/ginas/app/beta/"/>
          <value value="GFX7QIS1II"/>
        </identifier>
        <version value="1"/>
        <status>
          <coding>
            <system value="https://gsrs.ncats.nih.gov/ginas/app/beta/"/>
            <code value="1"/>
            <display value="Validated (UNII)"/>
          </coding>
        </status>
        <manufacturer>
          <reference value="Organization/org-3fdc76794516d7826890ab9f893e99c1"/>
        </manufacturer>
        <structure>
          <molecularFormula value="C257H382O75N65S6"/>
        </structure>
        <name>
          <name value="28(SUP B)-L-LYSINE-29(SUP B)-L-PROLINEINSULIN (HUMAN)"/>
        </name>
      </SubstanceDefinition>
    </resource>
  </entry>
  <entry>
    <fullUrl value="AdministrableProductDefinition/ap-fa2090b7ce9bdf87e24a9d05bbb51677"/>
    <resource>
      <AdministrableProductDefinition>
        <id value="ap-fa2090b7ce9bdf87e24a9d05bbb51677"/>
        <meta>
          <profile value="http://hl7.org/fhir/uv/emedicinal-product-info/StructureDefinition/AdministrableProductDefinition-uv-epi"/>
        </meta>
        <text>
          <status value="generated"/><div xmlns="http://www.w3.org/1999/xhtml"><p><b>Generated Narrative: AdministrableProductDefinition</b><a name="ap-fa2090b7ce9bdf87e24a9d05bbb51677"> </a></p><div style="display: inline-block; background-color: #d9e0e7; padding: 6px; margin: 4px; border: 1px solid #8da1b4; border-radius: 5px; line-height: 60%"><p style="margin-bottom: 0px">Resource AdministrableProductDefinition &quot;ap-fa2090b7ce9bdf87e24a9d05bbb51677&quot; </p><p style="margin-bottom: 0px">Profile: <a href="StructureDefinition-AdministrableProductDefinition-uv-epi.html">AdministrableProductDefinition (ePI)</a></p></div><p><b>identifier</b>: id: 0x073AF2E5B92AE19E8B67635AFFB3D6CA</p><p><b>status</b>: active</p><p><b>formOf</b>: <a href="#MedicinalProductDefinition_mpf6b4fcaaf21ddd70f011f383780f7bf3">See above (MedicinalProductDefinition/mpf6b4fcaaf21ddd70f011f383780f7bf3)</a></p><p><b>administrableDoseForm</b>: Suspension for injection <span style="background: LightGoldenRodYellow; margin: 4px; border: 1px solid khaki"> (rmswi#100000073864)</span></p><p><b>unitOfPresentation</b>: Pen <span style="background: LightGoldenRodYellow; margin: 4px; border: 1px solid khaki"> (rmswi#200000002135)</span></p><p><b>producedFrom</b>: <a href="#ManufacturedItemDefinition_mid-fa2090b7ce9bdf87e24a9d05bbb51677">See above (ManufacturedItemDefinition/mid-fa2090b7ce9bdf87e24a9d05bbb51677)</a></p><blockquote><p><b>routeOfAdministration</b></p><p><b>code</b>: Subcutaneous use <span style="background: LightGoldenRodYellow; margin: 4px; border: 1px solid khaki"> (rmswi#100000073633)</span></p><h3>TargetSpecies</h3><table class="grid"><tr><td>-</td><td><b>Code</b></td></tr><tr><td>*</td><td>Human <span style="background: LightGoldenRodYellow; margin: 4px; border: 1px solid khaki"> (rmswi#100000109093)</span></td></tr></table></blockquote></div>
        </text>
        <identifier>
          <system value="https://www.who-umc.org/phpid"/>
          <value value="0x073AF2E5B92AE19E8B67635AFFB3D6CA"/>
        </identifier>
        <status value="active"/>
        <formOf>
          <reference value="MedicinalProductDefinition/mpf6b4fcaaf21ddd70f011f383780f7bf3"/>
        </formOf>
        <administrableDoseForm>
          <coding>
            <system value="https://spor.ema.europa.eu/rmswi"/>
            <code value="100000073864"/>
            <display value="Suspension for injection"/>
          </coding>
        </administrableDoseForm>
        <unitOfPresentation>
          <coding>
            <system value="https://spor.ema.europa.eu/rmswi"/>
            <code value="200000002135"/>
            <display value="Pen"/>
          </coding>
        </unitOfPresentation>
        <producedFrom>
          <reference value="ManufacturedItemDefinition/mid-fa2090b7ce9bdf87e24a9d05bbb51677"/>
        </producedFrom>
        <routeOfAdministration>
          <code>
            <coding>
              <system value="https://spor.ema.europa.eu/rmswi"/>
              <code value="100000073633"/>
              <display value="Subcutaneous use"/>
            </coding>
          </code>
          <targetSpecies>
            <code>
              <coding>
                <system value="https://spor.ema.europa.eu/rmswi"/>
                <code value="100000109093"/>
                <display value="Human"/>
              </coding>
            </code>
          </targetSpecies>
        </routeOfAdministration>
      </AdministrableProductDefinition>
    </resource>
  </entry>
  <entry>
    <fullUrl value="RegulatedAuthorization/authorization35570a7ffa4ad1ddf8a920b1728d4cd2"/>
    <resource>
      <RegulatedAuthorization>
        <id value="authorization35570a7ffa4ad1ddf8a920b1728d4cd2"/>
        <meta>
          <profile value="http://hl7.org/fhir/uv/emedicinal-product-info/StructureDefinition/RegulatedAuthorization-uv-epi"/>
        </meta>
        <text>
          <status value="generated"/><div xmlns="http://www.w3.org/1999/xhtml"><p><b>Generated Narrative: RegulatedAuthorization</b><a name="authorization35570a7ffa4ad1ddf8a920b1728d4cd2"> </a></p><div style="display: inline-block; background-color: #d9e0e7; padding: 6px; margin: 4px; border: 1px solid #8da1b4; border-radius: 5px; line-height: 60%"><p style="margin-bottom: 0px">Resource RegulatedAuthorization &quot;authorization35570a7ffa4ad1ddf8a920b1728d4cd2&quot; </p><p style="margin-bottom: 0px">Profile: <a href="StructureDefinition-RegulatedAuthorization-uv-epi.html">RegulatedAuthorization (ePI)</a></p></div><p><b>identifier</b>: id: EU/1/96/007/035 (use: OFFICIAL)</p><p><b>subject</b>: <a href="#MedicinalProductDefinition_mpf6b4fcaaf21ddd70f011f383780f7bf3">See above (MedicinalProductDefinition/mpf6b4fcaaf21ddd70f011f383780f7bf3)</a></p><p><b>type</b>: Marketing Authorisation <span style="background: LightGoldenRodYellow; margin: 4px; border: 1px solid khaki"> (rmswi#100000072062)</span></p><p><b>region</b>: Denmark <span style="background: LightGoldenRodYellow; margin: 4px; border: 1px solid khaki"> (<a href="http://terminology.hl7.org/5.0.0/CodeSystem-ISO3166Part1.html">ISO 3166-1 Codes for the representation of names of countries and their subdivisions — Part 1: Country code</a>#DK)</span></p><p><b>status</b>: Active <span style="background: LightGoldenRodYellow; margin: 4px; border: 1px solid khaki"> (<a href="http://hl7.org/fhir/5.0.0-snapshot3/codesystem-publication-status.html">PublicationStatus</a>#active)</span></p><p><b>statusDate</b>: 2015-02-07 13:28:17+0000</p><p><b>holder</b>: <a href="#Organization_org-3fdc76794516d7826890ab9f893e99c1">See above (Organization/org-3fdc76794516d7826890ab9f893e99c1)</a></p></div>
        </text>
        <identifier>
          <use value="official"/>
          <system value="https://spor.ema.europa.eu/pmswi"/>
          <value value="EU/1/96/007/035"/>
        </identifier>
        <subject>
          <reference value="MedicinalProductDefinition/mpf6b4fcaaf21ddd70f011f383780f7bf3"/>
        </subject>
        <type>
          <coding>
            <system value="https://spor.ema.europa.eu/rmswi"/>
            <code value="100000072062"/>
            <display value="Marketing Authorisation"/>
          </coding>
        </type>
        <region>
          <coding>
            <system value="urn:iso:std:iso:3166"/>
            <code value="DK"/>
            <display value="Denmark"/>
          </coding>
        </region>
        <status>
          <coding>
            <system value="http://hl7.org/fhir/publication-status"/>
            <code value="active"/>
            <display value="Active"/>
          </coding>
        </status>
        <statusDate value="2015-02-07T13:28:17Z"/>
        <holder>
          <reference value="Organization/org-3fdc76794516d7826890ab9f893e99c1"/>
        </holder>
      </RegulatedAuthorization>
    </resource>
  </entry>
  <entry>
    <fullUrl value="Organization/org-3fdc76794516d7826890ab9f893e99c1"/>
    <resource>
      <Organization>
        <id value="org-3fdc76794516d7826890ab9f893e99c1"/>
        <meta>
          <profile value="http://hl7.org/fhir/uv/emedicinal-product-info/StructureDefinition/Organization-uv-epi"/>
        </meta>
        <text>
          <status value="generated"/><div xmlns="http://www.w3.org/1999/xhtml"><p><b>Generated Narrative: Organization</b><a name="org-3fdc76794516d7826890ab9f893e99c1"> </a></p><div style="display: inline-block; background-color: #d9e0e7; padding: 6px; margin: 4px; border: 1px solid #8da1b4; border-radius: 5px; line-height: 60%"><p style="margin-bottom: 0px">Resource Organization &quot;org-3fdc76794516d7826890ab9f893e99c1&quot; </p><p style="margin-bottom: 0px">Profile: <a href="StructureDefinition-Organization-uv-epi.html">Organization (ePI)</a></p></div><p><b>identifier</b>: id: ORG-100000426 (use: OFFICIAL)</p><p><b>active</b>: true</p><p><b>type</b>: Marketing authorisation holder <span style="background: LightGoldenRodYellow; margin: 4px; border: 1px solid khaki"> (rmswi#220000000034)</span></p><p><b>name</b>: Eli Lilly Nederland B.V.</p><h3>Contacts</h3><table class="grid"><tr><td>-</td><td><b>Address</b></td></tr><tr><td>*</td><td>Papendorpseweg 83, 3528 BJ Utrecht NL(WORK)</td></tr></table></div>
        </text>
        <identifier>
          <use value="official"/>
          <system value="https://spor.ema.europa.eu/omswi"/>
          <value value="ORG-100000426"/>
        </identifier>
        <active value="true"/>
        <type>
          <coding>
            <system value="https://spor.ema.europa.eu/rmswi"/>
            <code value="220000000034"/>
            <display value="Marketing authorisation holder"/>
          </coding>
          <text value="Marketing authorisation holder"/>
        </type>
        <name value="Eli Lilly Nederland B.V."/>
        <contact>
          <address>
            <use value="work"/>
            <type value="physical"/>
            <text value="Papendorpseweg 83, 3528 BJ Utrecht NL"/>
            <line value="Papendorpseweg 83, 3528 BJ"/>
            <city value="Utrecht"/>
            <country value="NL"/>
          </address>
        </contact>
      </Organization>
    </resource>
  </entry>
  <entry>
    <fullUrl value="Organization/org-6f4987de7be1bbfa4ee92c07de7e94d4"/>
    <resource>
      <Organization>
        <id value="org-6f4987de7be1bbfa4ee92c07de7e94d4"/>
        <meta>
          <profile value="http://hl7.org/fhir/uv/emedicinal-product-info/StructureDefinition/Organization-uv-epi"/>
        </meta>
        <text>
          <status value="generated"/><div xmlns="http://www.w3.org/1999/xhtml"><p><b>Generated Narrative: Organization</b><a name="org-6f4987de7be1bbfa4ee92c07de7e94d4"> </a></p><div style="display: inline-block; background-color: #d9e0e7; padding: 6px; margin: 4px; border: 1px solid #8da1b4; border-radius: 5px; line-height: 60%"><p style="margin-bottom: 0px">Resource Organization &quot;org-6f4987de7be1bbfa4ee92c07de7e94d4&quot; </p><p style="margin-bottom: 0px">Profile: <a href="StructureDefinition-Organization-uv-epi.html">Organization (ePI)</a></p></div><p><b>identifier</b>: id: ORG-100000156 (use: OFFICIAL)</p><p><b>active</b>: true</p><p><b>type</b>: Manufacturer API <span style="background: LightGoldenRodYellow; margin: 4px; border: 1px solid khaki"> (rmswi#220000000033)</span></p><p><b>name</b>: Eli Lilly and Company</p><h3>Contacts</h3><table class="grid"><tr><td>-</td><td><b>Address</b></td></tr><tr><td>*</td><td>Lilly Technology Center Building 333 and 324, Indianapolis, Indiana, USA Indianapolis US(WORK)</td></tr></table></div>
        </text>
        <identifier>
          <use value="official"/>
          <system value="https://spor.ema.europa.eu/omswi"/>
          <value value="ORG-100000156"/>
        </identifier>
        <active value="true"/>
        <type>
          <coding>
            <system value="https://spor.ema.europa.eu/rmswi"/>
            <code value="220000000033"/>
            <display value="Manufacturer API"/>
          </coding>
          <text value="Manufacturer API"/>
        </type>
        <name value="Eli Lilly and Company"/>
        <contact>
          <address>
            <use value="work"/>
            <type value="physical"/>
            <text value="Lilly Technology Center Building 333 and 324, Indianapolis, Indiana, USA Indianapolis US"/>
            <line value="Lilly Technology Center Building 333 and 324, Indianapolis, Indiana, USA"/>
            <city value="Indianapolis"/>
            <country value="US"/>
          </address>
        </contact>
      </Organization>
    </resource>
  </entry>
  <entry>
    <fullUrl value="Organization/org-e3ef26dd2c7a0847d92d3bb1a64855b9"/>
    <resource>
      <Organization>
        <id value="org-e3ef26dd2c7a0847d92d3bb1a64855b9"/>
        <meta>
          <profile value="http://hl7.org/fhir/uv/emedicinal-product-info/StructureDefinition/Organization-uv-epi"/>
        </meta>
        <text>
          <status value="generated"/><div xmlns="http://www.w3.org/1999/xhtml"><p><b>Generated Narrative: Organization</b><a name="org-e3ef26dd2c7a0847d92d3bb1a64855b9"> </a></p><div style="display: inline-block; background-color: #d9e0e7; padding: 6px; margin: 4px; border: 1px solid #8da1b4; border-radius: 5px; line-height: 60%"><p style="margin-bottom: 0px">Resource Organization &quot;org-e3ef26dd2c7a0847d92d3bb1a64855b9&quot; </p><p style="margin-bottom: 0px">Profile: <a href="StructureDefinition-Organization-uv-epi.html">Organization (ePI)</a></p></div><p><b>identifier</b>: id: ORG-100003996 (use: OFFICIAL)</p><p><b>active</b>: true</p><p><b>type</b>: Manufacturer <span style="background: LightGoldenRodYellow; margin: 4px; border: 1px solid khaki"> (rmswi#220000000033)</span></p><p><b>name</b>: Lilly S.A.</p><h3>Contacts</h3><table class="grid"><tr><td>-</td><td><b>Address</b></td></tr><tr><td>*</td><td>Avenida de la Industria 30, 28108 Alcobendas, Madrid, Spain Alcobendas ES(WORK)</td></tr></table></div>
        </text>
        <identifier>
          <use value="official"/>
          <system value="https://spor.ema.europa.eu/omswi"/>
          <value value="ORG-100003996"/>
        </identifier>
        <active value="true"/>
        <type>
          <coding>
            <system value="https://spor.ema.europa.eu/rmswi"/>
            <code value="220000000033"/>
            <display value="Manufacturer"/>
          </coding>
          <text value="Manufacturer"/>
        </type>
        <name value="Lilly S.A."/>
        <contact>
          <address>
            <use value="work"/>
            <type value="physical"/>
            <text value="Avenida de la Industria 30, 28108 Alcobendas, Madrid, Spain Alcobendas ES"/>
            <line value="Avenida de la Industria 30, 28108 Alcobendas, Madrid, Spain"/>
            <city value="Alcobendas"/>
            <country value="ES"/>
          </address>
        </contact>
      </Organization>
    </resource>
  </entry>
  <entry>
    <fullUrl value="PackagedProductDefinition/ppd-a9955d128989ce310e64a9fb99c8a9ac"/>
    <resource>
      <PackagedProductDefinition>
        <id value="ppd-a9955d128989ce310e64a9fb99c8a9ac"/>
        <meta>
          <profile value="http://hl7.org/fhir/uv/emedicinal-product-info/StructureDefinition/PackagedProductDefinition-uv-epi"/>
        </meta>
        <text>
          <status value="generated"/><div xmlns="http://www.w3.org/1999/xhtml"><p><b>Generated Narrative: PackagedProductDefinition</b><a name="ppd-a9955d128989ce310e64a9fb99c8a9ac"> </a></p><div style="display: inline-block; background-color: #d9e0e7; padding: 6px; margin: 4px; border: 1px solid #8da1b4; border-radius: 5px; line-height: 60%"><p style="margin-bottom: 0px">Resource PackagedProductDefinition &quot;ppd-a9955d128989ce310e64a9fb99c8a9ac&quot; </p><p style="margin-bottom: 0px">Profile: <a href="StructureDefinition-PackagedProductDefinition-uv-epi.html">PackagedProductDefinition (ePI)</a></p></div><p><b>identifier</b>: id: EU/1/96/007/035 (use: OFFICIAL)</p><p><b>name</b>: Humalog 100 units/ml KwikPen solution for injection in a pre-filled pen</p><p><b>type</b>: Chemical Medicinal Prodcut <span style="background: LightGoldenRodYellow; margin: 4px; border: 1px solid khaki"> (rmswi#100000155527)</span></p><p><b>packageFor</b>: <a href="#MedicinalProductDefinition_mpf6b4fcaaf21ddd70f011f383780f7bf3">See above (MedicinalProductDefinition/mpf6b4fcaaf21ddd70f011f383780f7bf3)</a></p><p><b>status</b>: Active <span style="background: LightGoldenRodYellow; margin: 4px; border: 1px solid khaki"> (<a href="http://hl7.org/fhir/5.0.0-snapshot3/codesystem-publication-status.html">PublicationStatus</a>#active)</span></p><p><b>statusDate</b>: 2015-02-07 13:28:17+0000</p><p><b>containedItemQuantity</b>: 3 ml<span style="background: LightGoldenRodYellow"> (Details: UCUM code ml = 'ml')</span></p><p><b>manufacturer</b>: <a href="#Organization_org-3fdc76794516d7826890ab9f893e99c1">See above (Organization/org-3fdc76794516d7826890ab9f893e99c1)</a></p><h3>Packagings</h3><table class="grid"><tr><td>-</td><td><b>Identifier</b></td><td><b>Type</b></td><td><b>Quantity</b></td><td><b>Material</b></td></tr><tr><td>*</td><td>id: 123456</td><td>Pre-filled pen <span style="background: LightGoldenRodYellow; margin: 4px; border: 1px solid khaki"> (rmswi#100000073543)</span></td><td>5</td><td>Glass type 1 <span style="background: LightGoldenRodYellow; margin: 4px; border: 1px solid khaki"> (rmswi#200000003204)</span></td></tr></table></div>
        </text>
        <identifier>
          <use value="official"/>
          <system value="https://spor.ema.europa.eu/pmswi"/>
          <value value="EU/1/96/007/035"/>
        </identifier>
        <name value="Humalog 100 units/ml KwikPen solution for injection in a pre-filled pen"/>
        <type>
          <coding>
            <system value="https://spor.ema.europa.eu/rmswi"/>
            <code value="100000155527"/>
            <display value="Chemical Medicinal Prodcut"/>
          </coding>
        </type>
        <packageFor>
          <reference value="MedicinalProductDefinition/mpf6b4fcaaf21ddd70f011f383780f7bf3"/>
        </packageFor>
        <status>
          <coding>
            <system value="http://hl7.org/fhir/publication-status"/>
            <code value="active"/>
            <display value="Active"/>
          </coding>
        </status>
        <statusDate value="2015-02-07T13:28:17Z"/>
        <containedItemQuantity>
          <value value="3"/>
          <system value="http://unitsofmeasure.org"/>
          <code value="ml"/>
        </containedItemQuantity>
        <manufacturer>
          <reference value="Organization/org-3fdc76794516d7826890ab9f893e99c1"/>
        </manufacturer>
        <packaging>
          <identifier>
            <system value="https://spor.ema.europa.eu/pmswi"/>
            <value value="123456"/>
          </identifier>
          <type>
            <coding>
              <system value="https://spor.ema.europa.eu/rmswi"/>
              <code value="100000073543"/>
              <display value="Pre-filled pen"/>
            </coding>
          </type>
          <quantity value="5"/>
          <material>
            <coding>
              <system value="https://spor.ema.europa.eu/rmswi"/>
              <code value="200000003204"/>
              <display value="Glass type 1"/>
            </coding>
          </material>
        </packaging>
      </PackagedProductDefinition>
    </resource>
  </entry>
  <entry>
    <fullUrl value="MedicinalProductDefinition/mpf6b4fcaaf21ddd70f011f383780f7bf3"/>
    <resource>
      <MedicinalProductDefinition>
        <id value="mpf6b4fcaaf21ddd70f011f383780f7bf3"/>
        <meta>
          <profile value="http://hl7.org/fhir/uv/emedicinal-product-info/StructureDefinition/MedicinalProductDefinition-uv-epi"/>
        </meta>
        <text>
          <status value="generated"/><div xmlns="http://www.w3.org/1999/xhtml"><p><b>Generated Narrative: MedicinalProductDefinition</b><a name="mpf6b4fcaaf21ddd70f011f383780f7bf3"> </a></p><div style="display: inline-block; background-color: #d9e0e7; padding: 6px; margin: 4px; border: 1px solid #8da1b4; border-radius: 5px; line-height: 60%"><p style="margin-bottom: 0px">Resource MedicinalProductDefinition &quot;mpf6b4fcaaf21ddd70f011f383780f7bf3&quot; </p><p style="margin-bottom: 0px">Profile: <a href="StructureDefinition-MedicinalProductDefinition-uv-epi.html">MedicinalProductDefinition (ePI)</a></p></div><p><b>identifier</b>: id: 123456</p><p><b>type</b>: Medicinal Product <span style="background: LightGoldenRodYellow; margin: 4px; border: 1px solid khaki"> (<a href="http://hl7.org/fhir/5.0.0-snapshot3/codesystem-medicinal-product-type.html">MedicinalProductType</a>#MedicinalProduct)</span></p><p><b>domain</b>: Human use <span style="background: LightGoldenRodYellow; margin: 4px; border: 1px solid khaki"> (<a href="http://hl7.org/fhir/5.0.0-snapshot3/codesystem-medicinal-product-domain.html">MedicinalProductDomain</a>#Human)</span></p><p><b>status</b>: active <span style="background: LightGoldenRodYellow; margin: 4px; border: 1px solid khaki"> (<a href="http://hl7.org/fhir/5.0.0-snapshot3/codesystem-publication-status.html">PublicationStatus</a>#active)</span></p><p><b>legalStatusOfSupply</b>: Medicinal product subject to medical prescription <span style="background: LightGoldenRodYellow; margin: 4px; border: 1px solid khaki"> (rmswi#100000072084)</span></p><p><b>classification</b>: insulin lispro <span style="background: LightGoldenRodYellow; margin: 4px; border: 1px solid khaki"> (<a href="http://terminology.hl7.org/5.0.0/CodeSystem-v3-WC.html">WHO ATC</a>#A10AB04)</span></p><blockquote><p><b>name</b></p><p><b>productName</b>: Humalog Mix50 Insulin KwikPen, 3ml pre-fill</p><p><b>type</b>: Full name <span style="background: LightGoldenRodYellow; margin: 4px; border: 1px solid khaki"> (220000000000#220000000001)</span></p><blockquote><p><b>part</b></p><p><b>part</b>: Humalog</p><p><b>type</b>: Invented name part <span style="background: LightGoldenRodYellow; margin: 4px; border: 1px solid khaki"> (220000000000#220000000002)</span></p></blockquote><blockquote><p><b>part</b></p><p><b>part</b>: insulin lispro</p><p><b>type</b>: Scientific name part <span style="background: LightGoldenRodYellow; margin: 4px; border: 1px solid khaki"> (220000000000#220000000003)</span></p></blockquote><blockquote><p><b>part</b></p><p><b>part</b>: 100 U/ml</p><p><b>type</b>: Strength part <span style="background: LightGoldenRodYellow; margin: 4px; border: 1px solid khaki"> (220000000000#220000000004)</span></p></blockquote><blockquote><p><b>part</b></p><p><b>part</b>: Suspension for injection</p><p><b>type</b>: Pharmaceutical dose form part <span style="background: LightGoldenRodYellow; margin: 4px; border: 1px solid khaki"> (220000000000#220000000005)</span></p></blockquote><h3>Usages</h3><table class="grid"><tr><td>-</td><td><b>Country</b></td><td><b>Jurisdiction</b></td><td><b>Language</b></td></tr><tr><td>*</td><td>Denmark <span style="background: LightGoldenRodYellow; margin: 4px; border: 1px solid khaki"> (<a href="http://terminology.hl7.org/5.0.0/CodeSystem-ISO3166Part1.html">ISO 3166-1 Codes for the representation of names of countries and their subdivisions — Part 1: Country code</a>#DK)</span></td><td>Denmark <span style="background: LightGoldenRodYellow; margin: 4px; border: 1px solid khaki"> (<a href="http://terminology.hl7.org/5.0.0/CodeSystem-ISO3166Part1.html">ISO 3166-1 Codes for the representation of names of countries and their subdivisions — Part 1: Country code</a>#DK)</span></td><td>English <span style="background: LightGoldenRodYellow; margin: 4px; border: 1px solid khaki"> (<a href="http://terminology.hl7.org/5.0.0/CodeSystem-v3-ietf3066.html">Tags for the Identification of Languages</a>#en)</span></td></tr></table></blockquote></div>
        </text>
        <identifier>
          <system value="https://spor.ema.europa.eu/pmswi"/>
          <value value="123456"/>
        </identifier>
        <type>
          <coding>
            <system value="http://hl7.org/fhir/medicinal-product-type"/>
            <code value="MedicinalProduct"/>
            <display value="Medicinal Product"/>
          </coding>
        </type>
        <domain>
          <coding>
            <system value="http://hl7.org/fhir/medicinal-product-domain"/>
            <code value="Human"/>
            <display value="Human use"/>
          </coding>
        </domain>
        <status>
          <coding>
            <system value="http://hl7.org/fhir/publication-status"/>
            <code value="active"/>
            <display value="active"/>
          </coding>
        </status>
        <legalStatusOfSupply>
          <coding>
            <system value="https://spor.ema.europa.eu/rmswi"/>
            <code value="100000072084"/>
            <display value="Medicinal product subject to medical prescription"/>
          </coding>
        </legalStatusOfSupply>
        <classification>
          <coding>
            <system value="http://www.whocc.no/atc"/>
            <code value="A10AB04"/>
            <display value="insulin lispro"/>
          </coding>
        </classification>
        <name>
          <productName value="Humalog Mix50 Insulin KwikPen, 3ml pre-fill"/>
          <type>
            <coding>
              <system value="https://spor.ema.europa.eu/rmswi/220000000000"/>
              <code value="220000000001"/>
            </coding>
            <text value="Full name"/>
          </type>
          <part>
            <part value="Humalog"/>
            <type>
              <coding>
                <system value="https://spor.ema.europa.eu/rmswi/220000000000"/>
                <code value="220000000002"/>
              </coding>
              <text value="Invented name part"/>
            </type>
          </part>
          <part>
            <part value="insulin lispro"/>
            <type>
              <coding>
                <system value="https://spor.ema.europa.eu/rmswi/220000000000"/>
                <code value="220000000003"/>
              </coding>
              <text value="Scientific name part"/>
            </type>
          </part>
          <part>
            <part value="100 U/ml"/>
            <type>
              <coding>
                <system value="https://spor.ema.europa.eu/rmswi/220000000000"/>
                <code value="220000000004"/>
              </coding>
              <text value="Strength part"/>
            </type>
          </part>
          <part>
            <part value="Suspension for injection"/>
            <type>
              <coding>
                <system value="https://spor.ema.europa.eu/rmswi/220000000000"/>
                <code value="220000000005"/>
              </coding>
              <text value="Pharmaceutical dose form part"/>
            </type>
          </part>
          <usage>
            <country>
              <coding>
                <system value="urn:iso:std:iso:3166"/>
                <code value="DK"/>
                <display value="Denmark"/>
              </coding>
            </country>
            <jurisdiction>
              <coding>
                <system value="urn:iso:std:iso:3166"/>
                <code value="DK"/>
                <display value="Denmark"/>
              </coding>
            </jurisdiction>
            <language>
              <coding>
                <system value="urn:ietf:bcp:47"/>
                <code value="en"/>
                <display value="English"/>
              </coding>
            </language>
          </usage>
        </name>
      </MedicinalProductDefinition>
    </resource>
  </entry>
  <entry>
    <fullUrl value="ManufacturedItemDefinition/mid-fa2090b7ce9bdf87e24a9d05bbb51677"/>
    <resource>
      <ManufacturedItemDefinition>
        <id value="mid-fa2090b7ce9bdf87e24a9d05bbb51677"/>
        <meta>
          <profile value="http://hl7.org/fhir/uv/emedicinal-product-info/StructureDefinition/ManufacturedItemDefinition-uv-epi"/>
        </meta>
        <text>
          <status value="generated"/><div xmlns="http://www.w3.org/1999/xhtml"><p><b>Generated Narrative: ManufacturedItemDefinition</b><a name="mid-fa2090b7ce9bdf87e24a9d05bbb51677"> </a></p><div style="display: inline-block; background-color: #d9e0e7; padding: 6px; margin: 4px; border: 1px solid #8da1b4; border-radius: 5px; line-height: 60%"><p style="margin-bottom: 0px">Resource ManufacturedItemDefinition &quot;mid-fa2090b7ce9bdf87e24a9d05bbb51677&quot; </p><p style="margin-bottom: 0px">Profile: <a href="StructureDefinition-ManufacturedItemDefinition-uv-epi.html">ManufacturedItemDefinition (ePI)</a></p></div><p><b>identifier</b>: id: EU/1/96/007/035 (use: OFFICIAL)</p><p><b>status</b>: active</p><p><b>manufacturedDoseForm</b>: Suspension for injection <span style="background: LightGoldenRodYellow; margin: 4px; border: 1px solid khaki"> (#100000073864)</span></p><p><b>unitOfPresentation</b>: Pen <span style="background: LightGoldenRodYellow; margin: 4px; border: 1px solid khaki"> (rmswi#200000002135)</span></p><p><b>manufacturer</b>: <a href="#Organization_org-3fdc76794516d7826890ab9f893e99c1">See above (Organization/org-3fdc76794516d7826890ab9f893e99c1)</a></p></div>
        </text>
        <identifier>
          <use value="official"/>
          <system value="https://spor.ema.europa.eu/pmswi/#/"/>
          <value value="EU/1/96/007/035"/>
        </identifier>
        <status value="active"/>
        <manufacturedDoseForm>
          <coding>
            <system value="https://spor.ema.europa.eu/rmswi/"/>
            <code value="100000073864"/>
            <display value="Suspension for injection"/>
          </coding>
        </manufacturedDoseForm>
        <unitOfPresentation>
          <coding>
            <system value="https://spor.ema.europa.eu/rmswi"/>
            <code value="200000002135"/>
            <display value="Pen"/>
          </coding>
        </unitOfPresentation>
        <manufacturer>
          <reference value="Organization/org-3fdc76794516d7826890ab9f893e99c1"/>
        </manufacturer>
      </ManufacturedItemDefinition>
    </resource>
  </entry>
</Bundle>