<?xml version="1.0" encoding="UTF-8"?>

<ImplementationGuide xmlns="http://hl7.org/fhir">
  <id value="hl7.fhir.uv.vulcan-eproduct-info"/>
  <text>
    <status value="extensions"/><div xmlns="http://www.w3.org/1999/xhtml"><h2>EpiIG</h2><p>The official URL for this implementation guide is: </p><pre>http://hl7.org/fhir/uv/vulcan-eproduct-info/ImplementationGuide/hl7.fhir.uv.vulcan-eproduct-info</pre><div><p>BR&amp;R creates and promotes standards to facilitate biomedical research and any subsequent regulatory evaluation of the safety, efficacy and quality of medical products that may arise from research.</p>
</div></div>
  </text>
  <url value="http://hl7.org/fhir/uv/vulcan-eproduct-info/ImplementationGuide/hl7.fhir.uv.vulcan-eproduct-info"/>
  <version value="1.0.0-Ballot"/>
  <name value="EpiIG"/>
  <title value="Electronic Medicinal Product Information (ePI) FHIR Implementation Guide"/>
  <status value="active"/>
  <date value="2022-11-25T11:57:58+00:00"/>
  <contact>
    <name value="HL7 BR&amp;R"/>
    <telecom>
      <system value="url"/>
      <value value="http://hl7.org/Special/committees/"/>
    </telecom>
  </contact>
  <description value="BR&amp;R creates and promotes standards to facilitate biomedical research and any subsequent regulatory evaluation of the safety, efficacy and quality of medical products that may arise from research."/>
  <jurisdiction>
    <coding>
      <system value="http://unstats.un.org/unsd/methods/m49/m49.htm"/>
      <code value="001"/>
      <display value="World"/>
    </coding>
  </jurisdiction>
  <packageId value="hl7.fhir.uv.vulcan-eproduct-info"/>
  <license value="CC0-1.0"/>
  <fhirVersion value="5.0.0-ballot"/>
  <dependsOn id="hl7tx">
    <extension url="http://hl7.org/fhir/tools/StructureDefinition/implementationguide-dependency-comment">
      <valueMarkdown value="Automatically added as a dependency - all IGs depend on HL7 Terminology"/>
    </extension>
    <uri value="http://terminology.hl7.org/ImplementationGuide/hl7.terminology"/>
    <packageId value="hl7.terminology.r5"/>
    <version value="5.0.0"/>
  </dependsOn>
  <definition>
    <extension url="http://hl7.org/fhir/tools/StructureDefinition/ig-parameter">
      <extension url="code">
        <valueString value="copyrightyear"/>
      </extension>
      <extension url="value">
        <valueString value="2021+"/>
      </extension>
    </extension>
    <extension url="http://hl7.org/fhir/tools/StructureDefinition/ig-parameter">
      <extension url="code">
        <valueString value="releaselabel"/>
      </extension>
      <extension url="value">
        <valueString value="CI Build"/>
      </extension>
    </extension>
    <extension url="http://hl7.org/fhir/tools/StructureDefinition/ig-parameter">
      <extension url="code">
        <valueString value="show-inherited-invariants"/>
      </extension>
      <extension url="value">
        <valueString value="false"/>
      </extension>
    </extension>
    <extension url="http://hl7.org/fhir/tools/StructureDefinition/ig-parameter">
      <extension url="code">
        <valueString value="autoload-resources"/>
      </extension>
      <extension url="value">
        <valueString value="true"/>
      </extension>
    </extension>
    <extension url="http://hl7.org/fhir/tools/StructureDefinition/ig-parameter">
      <extension url="code">
        <valueString value="path-history"/>
      </extension>
      <extension url="value">
        <valueString value="http://hl7.org/fhir/uv/vulcan-eproduct-info/history.html"/>
      </extension>
    </extension>
    <extension url="http://hl7.org/fhir/tools/StructureDefinition/ig-parameter">
      <extension url="code">
        <valueString value="path-liquid"/>
      </extension>
      <extension url="value">
        <valueString value="template/liquid"/>
      </extension>
    </extension>
    <extension url="http://hl7.org/fhir/tools/StructureDefinition/ig-parameter">
      <extension url="code">
        <valueString value="path-liquid"/>
      </extension>
      <extension url="value">
        <valueString value="input/liquid"/>
      </extension>
    </extension>
    <extension url="http://hl7.org/fhir/tools/StructureDefinition/ig-parameter">
      <extension url="code">
        <valueString value="path-qa"/>
      </extension>
      <extension url="value">
        <valueString value="temp/qa"/>
      </extension>
    </extension>
    <extension url="http://hl7.org/fhir/tools/StructureDefinition/ig-parameter">
      <extension url="code">
        <valueString value="path-temp"/>
      </extension>
      <extension url="value">
        <valueString value="temp/pages"/>
      </extension>
    </extension>
    <extension url="http://hl7.org/fhir/tools/StructureDefinition/ig-parameter">
      <extension url="code">
        <valueString value="path-output"/>
      </extension>
      <extension url="value">
        <valueString value="output"/>
      </extension>
    </extension>
    <extension url="http://hl7.org/fhir/tools/StructureDefinition/ig-parameter">
      <extension url="code">
        <valueString value="path-suppressed-warnings"/>
      </extension>
      <extension url="value">
        <valueString value="input/ignoreWarnings.txt"/>
      </extension>
    </extension>
    <extension url="http://hl7.org/fhir/tools/StructureDefinition/ig-parameter">
      <extension url="code">
        <valueString value="template-html"/>
      </extension>
      <extension url="value">
        <valueString value="template-page.html"/>
      </extension>
    </extension>
    <extension url="http://hl7.org/fhir/tools/StructureDefinition/ig-parameter">
      <extension url="code">
        <valueString value="template-md"/>
      </extension>
      <extension url="value">
        <valueString value="template-page-md.html"/>
      </extension>
    </extension>
    <extension url="http://hl7.org/fhir/tools/StructureDefinition/ig-parameter">
      <extension url="code">
        <valueString value="apply-contact"/>
      </extension>
      <extension url="value">
        <valueString value="true"/>
      </extension>
    </extension>
    <extension url="http://hl7.org/fhir/tools/StructureDefinition/ig-parameter">
      <extension url="code">
        <valueString value="apply-context"/>
      </extension>
      <extension url="value">
        <valueString value="true"/>
      </extension>
    </extension>
    <extension url="http://hl7.org/fhir/tools/StructureDefinition/ig-parameter">
      <extension url="code">
        <valueString value="apply-copyright"/>
      </extension>
      <extension url="value">
        <valueString value="true"/>
      </extension>
    </extension>
    <extension url="http://hl7.org/fhir/tools/StructureDefinition/ig-parameter">
      <extension url="code">
        <valueString value="apply-jurisdiction"/>
      </extension>
      <extension url="value">
        <valueString value="true"/>
      </extension>
    </extension>
    <extension url="http://hl7.org/fhir/tools/StructureDefinition/ig-parameter">
      <extension url="code">
        <valueString value="apply-license"/>
      </extension>
      <extension url="value">
        <valueString value="true"/>
      </extension>
    </extension>
    <extension url="http://hl7.org/fhir/tools/StructureDefinition/ig-parameter">
      <extension url="code">
        <valueString value="apply-publisher"/>
      </extension>
      <extension url="value">
        <valueString value="true"/>
      </extension>
    </extension>
    <extension url="http://hl7.org/fhir/tools/StructureDefinition/ig-parameter">
      <extension url="code">
        <valueString value="apply-version"/>
      </extension>
      <extension url="value">
        <valueString value="true"/>
      </extension>
    </extension>
    <extension url="http://hl7.org/fhir/tools/StructureDefinition/ig-parameter">
      <extension url="code">
        <valueString value="active-tables"/>
      </extension>
      <extension url="value">
        <valueString value="true"/>
      </extension>
    </extension>
    <extension url="http://hl7.org/fhir/tools/StructureDefinition/ig-parameter">
      <extension url="code">
        <valueString value="fmm-definition"/>
      </extension>
      <extension url="value">
        <valueString value="http://hl7.org/fhir/versions.html#maturity"/>
      </extension>
    </extension>
    <extension url="http://hl7.org/fhir/tools/StructureDefinition/ig-parameter">
      <extension url="code">
        <valueString value="propagate-status"/>
      </extension>
      <extension url="value">
        <valueString value="true"/>
      </extension>
    </extension>
    <extension url="http://hl7.org/fhir/tools/StructureDefinition/ig-parameter">
      <extension url="code">
        <valueString value="excludelogbinaryformat"/>
      </extension>
      <extension url="value">
        <valueString value="true"/>
      </extension>
    </extension>
    <extension url="http://hl7.org/fhir/tools/StructureDefinition/ig-parameter">
      <extension url="code">
        <valueString value="tabbed-snapshots"/>
      </extension>
      <extension url="value">
        <valueString value="true"/>
      </extension>
    </extension>
    <resource>
      <extension url="http://hl7.org/fhir/tools/StructureDefinition/resource-information">
        <valueString value="StructureDefinition:resource"/>
      </extension>
      <reference>
        <reference value="StructureDefinition/AdministrableProductDefinition-uv-epi"/>
      </reference>
      <name value="AdministrableProductDefinition (ePI)"/>
      <description value="AdministrableProductDefinition (ePI)"/>
      <isExample value="false"/>
    </resource>
    <resource>
      <extension url="http://hl7.org/fhir/tools/StructureDefinition/resource-information">
        <valueString value="StructureDefinition:resource"/>
      </extension>
      <reference>
        <reference value="StructureDefinition/Bundle-uv-epi"/>
      </reference>
      <name value="Bundle - ePI"/>
      <description value="Medicinal product information is a pivotal source of regulated and scientifically validated information that assists healthcare professionals in prescribing and dispensing the medicine and informs consumers about its safe and effective use. This profile represents the constraints applied to the Bundle resource used in the Electronic Product Information (ePI) FHIR Implementation Guide."/>
      <isExample value="false"/>
    </resource>
    <resource>
      <extension url="http://hl7.org/fhir/tools/StructureDefinition/resource-information">
        <valueString value="StructureDefinition:resource"/>
      </extension>
      <reference>
        <reference value="StructureDefinition/ClinicalUseDefinition-contraindication-uv-epi"/>
      </reference>
      <name value="ClinicalUseDefinition Contraindication (ePI)"/>
      <description value="ClinicalUseDefinition Contraindication (ePI)"/>
      <isExample value="false"/>
    </resource>
    <resource>
      <extension url="http://hl7.org/fhir/tools/StructureDefinition/resource-information">
        <valueString value="StructureDefinition:resource"/>
      </extension>
      <reference>
        <reference value="StructureDefinition/ClinicalUseDefinition-indication-uv-epi"/>
      </reference>
      <name value="ClinicalUseDefinition Indication (ePI)"/>
      <description value="ClinicalUseDefinition Indication (ePI)"/>
      <isExample value="false"/>
    </resource>
    <resource>
      <extension url="http://hl7.org/fhir/tools/StructureDefinition/resource-information">
        <valueString value="StructureDefinition:resource"/>
      </extension>
      <reference>
        <reference value="StructureDefinition/ClinicalUseDefinition-interaction-uv-epi"/>
      </reference>
      <name value="ClinicalUseDefinition Interaction (ePI)"/>
      <description value="ClinicalUseDefinition Interaction (ePI)"/>
      <isExample value="false"/>
    </resource>
    <resource>
      <extension url="http://hl7.org/fhir/tools/StructureDefinition/resource-information">
        <valueString value="StructureDefinition:resource"/>
      </extension>
      <reference>
        <reference value="StructureDefinition/ClinicalUseDefinition-undesirableEffect-uv-epi"/>
      </reference>
      <name value="ClinicalUseDefinition Undesirable Effect (ePI)"/>
      <description value="ClinicalUseDefinition Undesirable Effect (ePI)"/>
      <isExample value="false"/>
    </resource>
    <resource>
      <extension url="http://hl7.org/fhir/tools/StructureDefinition/resource-information">
        <valueString value="StructureDefinition:resource"/>
      </extension>
      <reference>
        <reference value="StructureDefinition/ClinicalUseDefinition-warning-uv-epi"/>
      </reference>
      <name value="ClinicalUseDefinition Warning (ePI)"/>
      <description value="ClinicalUseDefinition Warning (ePI)"/>
      <isExample value="false"/>
    </resource>
    <resource>
      <extension url="http://hl7.org/fhir/tools/StructureDefinition/resource-information">
        <valueString value="StructureDefinition:resource"/>
      </extension>
      <reference>
        <reference value="StructureDefinition/Composition-uv-epi"/>
      </reference>
      <name value="Composition (ePI)"/>
      <description value="The Composition captures the section headings, sub-section headings, and narrative text (For example, paragraphs, bulleted lists, tables) in an ePI."/>
      <isExample value="false"/>
    </resource>
    <resource>
      <extension url="http://hl7.org/fhir/tools/StructureDefinition/resource-information">
        <valueString value="StructureDefinition:resource"/>
      </extension>
      <reference>
        <reference value="StructureDefinition/Ingredient-uv-epi"/>
      </reference>
      <name value="Ingredient (ePI)"/>
      <description value="Ingredient (ePI)"/>
      <isExample value="false"/>
    </resource>
    <resource>
      <extension url="http://hl7.org/fhir/tools/StructureDefinition/resource-information">
        <valueString value="StructureDefinition:resource"/>
      </extension>
      <reference>
        <reference value="StructureDefinition/ManufacturedItemDefinition-uv-epi"/>
      </reference>
      <name value="ManufacturedItemDefinition (ePI)"/>
      <description value="ManufacturedItemDefinition (ePI)"/>
      <isExample value="false"/>
    </resource>
    <resource>
      <extension url="http://hl7.org/fhir/tools/StructureDefinition/resource-information">
        <valueString value="StructureDefinition:resource"/>
      </extension>
      <reference>
        <reference value="StructureDefinition/MedicinalProductDefinition-uv-epi"/>
      </reference>
      <name value="MedicinalProductDefinition (ePI)"/>
      <description value="Description of the packaged authorized medicinal product(s) associated to this ePI document."/>
      <isExample value="false"/>
    </resource>
    <resource>
      <extension url="http://hl7.org/fhir/tools/StructureDefinition/resource-information">
        <valueString value="StructureDefinition:resource"/>
      </extension>
      <reference>
        <reference value="StructureDefinition/Organization-uv-epi"/>
      </reference>
      <name value="Organization (ePI)"/>
      <description value="Organization (ePI)"/>
      <isExample value="false"/>
    </resource>
    <resource>
      <extension url="http://hl7.org/fhir/tools/StructureDefinition/resource-information">
        <valueString value="StructureDefinition:resource"/>
      </extension>
      <reference>
        <reference value="StructureDefinition/PackagedProductDefinition-uv-epi"/>
      </reference>
      <name value="PackagedProductDefinition (ePI)"/>
      <description value="PackagedProductDefinition (ePI)"/>
      <isExample value="false"/>
    </resource>
    <resource>
      <extension url="http://hl7.org/fhir/tools/StructureDefinition/resource-information">
        <valueString value="StructureDefinition:resource"/>
      </extension>
      <reference>
        <reference value="StructureDefinition/RegulatedAuthorization-uv-epi"/>
      </reference>
      <name value="RegulatedAuthorization (ePI)"/>
      <description value="RegulatedAuthorization (ePI)"/>
      <isExample value="false"/>
    </resource>
    <resource>
      <extension url="http://hl7.org/fhir/tools/StructureDefinition/resource-information">
        <valueString value="StructureDefinition:resource"/>
      </extension>
      <reference>
        <reference value="StructureDefinition/SubstanceDefinition-uv-epi"/>
      </reference>
      <name value="SubstanceDefinition (ePI)"/>
      <description value="SubstanceDefinition (ePI)"/>
      <isExample value="false"/>
    </resource>
    <resource>
      <extension url="http://hl7.org/fhir/tools/StructureDefinition/resource-information">
        <valueString value="ValueSet"/>
      </extension>
      <reference>
        <reference value="ValueSet/additionalMonitoringIndicator"/>
      </reference>
      <name value="Additional Monitoring Indicator"/>
      <description value="Additional Monitoring Indicator"/>
      <isExample value="false"/>
    </resource>
    <resource>
      <extension url="http://hl7.org/fhir/tools/StructureDefinition/resource-information">
        <valueString value="ValueSet"/>
      </extension>
      <reference>
        <reference value="ValueSet/admProductIdSystems"/>
      </reference>
      <name value="AdministrableProductDefinition identifier systems"/>
      <description value="AdministrableProductDefinition Identifier systems (uri)"/>
      <isExample value="false"/>
    </resource>
    <resource>
      <extension url="http://hl7.org/fhir/tools/StructureDefinition/resource-information">
        <valueString value="ValueSet"/>
      </extension>
      <reference>
        <reference value="ValueSet/atcClassification"/>
      </reference>
      <name value="WHO ATC"/>
      <description value="World Health Organization Anatomical Therapeutic Chemical (ATC) classification system"/>
      <isExample value="false"/>
    </resource>
    <resource>
      <extension url="http://hl7.org/fhir/tools/StructureDefinition/resource-information">
        <valueString value="ValueSet"/>
      </extension>
      <reference>
        <reference value="ValueSet/authorizationStatus"/>
      </reference>
      <name value="Authorization Status"/>
      <description value="Authorization Status"/>
      <isExample value="false"/>
    </resource>
    <resource>
      <extension url="http://hl7.org/fhir/tools/StructureDefinition/resource-information">
        <valueString value="ValueSet"/>
      </extension>
      <reference>
        <reference value="ValueSet/caseIdSystem"/>
      </reference>
      <name value="Case System Identifiers"/>
      <description value="Case System Identifiers"/>
      <isExample value="false"/>
    </resource>
    <resource>
      <extension url="http://hl7.org/fhir/tools/StructureDefinition/resource-information">
        <valueString value="ValueSet"/>
      </extension>
      <reference>
        <reference value="ValueSet/country"/>
      </reference>
      <name value="ISO Country two letter code"/>
      <description value="ISO Country two letter code"/>
      <isExample value="false"/>
    </resource>
    <resource>
      <extension url="http://hl7.org/fhir/tools/StructureDefinition/resource-information">
        <valueString value="ValueSet"/>
      </extension>
      <reference>
        <reference value="ValueSet/dataCarrierIdSystem"/>
      </reference>
      <name value="Data Carrier Identifiers"/>
      <description value="Listing of identifiers for Data Carriers"/>
      <isExample value="false"/>
    </resource>
    <resource>
      <extension url="http://hl7.org/fhir/tools/StructureDefinition/resource-information">
        <valueString value="ValueSet"/>
      </extension>
      <reference>
        <reference value="ValueSet/epiType"/>
      </reference>
      <name value="ePI document types"/>
      <description value="ePI document types"/>
      <isExample value="false"/>
    </resource>
    <resource>
      <extension url="http://hl7.org/fhir/tools/StructureDefinition/resource-information">
        <valueString value="ValueSet"/>
      </extension>
      <reference>
        <reference value="ValueSet/exampleUseCodesForList"/>
      </reference>
      <name value="The topic of this list"/>
      <description value="The topic of this list"/>
      <isExample value="false"/>
    </resource>
    <resource>
      <extension url="http://hl7.org/fhir/tools/StructureDefinition/resource-information">
        <valueString value="ValueSet"/>
      </extension>
      <reference>
        <reference value="ValueSet/generalStatus"/>
      </reference>
      <name value="General Status used across ePI resources"/>
      <description value="General Status used across ePI resources"/>
      <isExample value="false"/>
    </resource>
    <resource>
      <extension url="http://hl7.org/fhir/tools/StructureDefinition/resource-information">
        <valueString value="ValueSet"/>
      </extension>
      <reference>
        <reference value="ValueSet/legalStatusOfSupply"/>
      </reference>
      <name value="Legal Status for the Supply"/>
      <description value="Legal Status for the Supply"/>
      <isExample value="false"/>
    </resource>
    <resource>
      <extension url="http://hl7.org/fhir/tools/StructureDefinition/resource-information">
        <valueString value="ValueSet"/>
      </extension>
      <reference>
        <reference value="ValueSet/manufacturedItemIdSystems"/>
      </reference>
      <name value="ManufacturedItemDefinition identifier systems"/>
      <description value="ManufacturedItemDefinition Identifier systems (uri)"/>
      <isExample value="false"/>
    </resource>
    <resource>
      <extension url="http://hl7.org/fhir/tools/StructureDefinition/resource-information">
        <valueString value="ValueSet"/>
      </extension>
      <reference>
        <reference value="ValueSet/marketingStatus"/>
      </reference>
      <name value="Marketing Status"/>
      <description value="Marketing Status"/>
      <isExample value="false"/>
    </resource>
    <resource>
      <extension url="http://hl7.org/fhir/tools/StructureDefinition/resource-information">
        <valueString value="ValueSet"/>
      </extension>
      <reference>
        <reference value="ValueSet/VsMedProductIdSystems"/>
      </reference>
      <name value="MedicinalProductDefinition identifier systems"/>
      <description value="MedicinalProductDefinition Identifier systems (uri)"/>
      <isExample value="false"/>
    </resource>
    <resource>
      <extension url="http://hl7.org/fhir/tools/StructureDefinition/resource-information">
        <valueString value="ValueSet"/>
      </extension>
      <reference>
        <reference value="ValueSet/medProductType"/>
      </reference>
      <name value="Medicinal Product Type"/>
      <description value="Medicinal Product Type"/>
      <isExample value="false"/>
    </resource>
    <resource>
      <extension url="http://hl7.org/fhir/tools/StructureDefinition/resource-information">
        <valueString value="ValueSet"/>
      </extension>
      <reference>
        <reference value="ValueSet/meddra"/>
      </reference>
      <name value="MedDRA Terms for clinical diseases and symptoms"/>
      <description value="MedDRA Terms for clinical diseases and symptoms"/>
      <isExample value="false"/>
    </resource>
    <resource>
      <extension url="http://hl7.org/fhir/tools/StructureDefinition/resource-information">
        <valueString value="ValueSet"/>
      </extension>
      <reference>
        <reference value="ValueSet/nonproprietaryNamePart"/>
      </reference>
      <name value="Non-proprietary Name of the active ingredient(s)"/>
      <description value="Non-proprietary Name of the active ingredient(s)"/>
      <isExample value="false"/>
    </resource>
    <resource>
      <extension url="http://hl7.org/fhir/tools/StructureDefinition/resource-information">
        <valueString value="ValueSet"/>
      </extension>
      <reference>
        <reference value="ValueSet/operationType"/>
      </reference>
      <name value="Type of operation"/>
      <description value="Type of operation"/>
      <isExample value="false"/>
    </resource>
    <resource>
      <extension url="http://hl7.org/fhir/tools/StructureDefinition/resource-information">
        <valueString value="ValueSet"/>
      </extension>
      <reference>
        <reference value="ValueSet/organizationIdSystems"/>
      </reference>
      <name value="Organization identifier systems"/>
      <description value="Organization Identifier systems (uri)"/>
      <isExample value="false"/>
    </resource>
    <resource>
      <extension url="http://hl7.org/fhir/tools/StructureDefinition/resource-information">
        <valueString value="ValueSet"/>
      </extension>
      <reference>
        <reference value="ValueSet/organizationType"/>
      </reference>
      <name value="Type of organization"/>
      <description value="Type of organization"/>
      <isExample value="false"/>
    </resource>
    <resource>
      <extension url="http://hl7.org/fhir/tools/StructureDefinition/resource-information">
        <valueString value="ValueSet"/>
      </extension>
      <reference>
        <reference value="ValueSet/packageMaterial"/>
      </reference>
      <name value="Package Material"/>
      <description value="Package Material"/>
      <isExample value="false"/>
    </resource>
    <resource>
      <extension url="http://hl7.org/fhir/tools/StructureDefinition/resource-information">
        <valueString value="ValueSet"/>
      </extension>
      <reference>
        <reference value="ValueSet/packageType"/>
      </reference>
      <name value="High level Pack Type"/>
      <description value="High level type of pack; e.g., medicinal product pack, sample pack, shipping container."/>
      <isExample value="false"/>
    </resource>
    <resource>
      <extension url="http://hl7.org/fhir/tools/StructureDefinition/resource-information">
        <valueString value="ValueSet"/>
      </extension>
      <reference>
        <reference value="ValueSet/packagedProductIdSystems"/>
      </reference>
      <name value="PackagedProductDefinition identifier systems"/>
      <description value="PackagedProductDefinition Identifier systems (uri)"/>
      <isExample value="false"/>
    </resource>
    <resource>
      <extension url="http://hl7.org/fhir/tools/StructureDefinition/resource-information">
        <valueString value="ValueSet"/>
      </extension>
      <reference>
        <reference value="ValueSet/partType"/>
      </reference>
      <name value="Part Type"/>
      <description value="Part Type"/>
      <isExample value="false"/>
    </resource>
    <resource>
      <extension url="http://hl7.org/fhir/tools/StructureDefinition/resource-information">
        <valueString value="ValueSet"/>
      </extension>
      <reference>
        <reference value="ValueSet/pediatricUseIndicator"/>
      </reference>
      <name value="Pediatric Use Indicator"/>
      <description value="Pediatric Use Indicator"/>
      <isExample value="false"/>
    </resource>
    <resource>
      <extension url="http://hl7.org/fhir/tools/StructureDefinition/resource-information">
        <valueString value="ValueSet"/>
      </extension>
      <reference>
        <reference value="ValueSet/PharmaceuticalDoseForm"/>
      </reference>
      <name value="Combined Pharmaceutical Dose Form"/>
      <description value="Combined Pharmaceutical Dose Form"/>
      <isExample value="false"/>
    </resource>
    <resource>
      <extension url="http://hl7.org/fhir/tools/StructureDefinition/resource-information">
        <valueString value="ValueSet"/>
      </extension>
      <reference>
        <reference value="ValueSet/pharmaceuticalDoseFormPart"/>
      </reference>
      <name value="Pharmaceutical Dose Form of the medicinal product"/>
      <description value="Pharmaceutical Dose Form of the medicinal product"/>
      <isExample value="false"/>
    </resource>
    <resource>
      <extension url="http://hl7.org/fhir/tools/StructureDefinition/resource-information">
        <valueString value="ValueSet"/>
      </extension>
      <reference>
        <reference value="ValueSet/productConfidentialityIdSystems"/>
      </reference>
      <name value="Product Confidentiality"/>
      <description value="Product Confidentiality"/>
      <isExample value="false"/>
    </resource>
    <resource>
      <extension url="http://hl7.org/fhir/tools/StructureDefinition/resource-information">
        <valueString value="ValueSet"/>
      </extension>
      <reference>
        <reference value="ValueSet/productNamePartType"/>
      </reference>
      <name value="Product Name Part Type"/>
      <description value="Product Name Part Type"/>
      <isExample value="false"/>
    </resource>
    <resource>
      <extension url="http://hl7.org/fhir/tools/StructureDefinition/resource-information">
        <valueString value="ValueSet"/>
      </extension>
      <reference>
        <reference value="ValueSet/propertyColor"/>
      </reference>
      <name value="Color of the product"/>
      <description value="Color of the product"/>
      <isExample value="false"/>
    </resource>
    <resource>
      <extension url="http://hl7.org/fhir/tools/StructureDefinition/resource-information">
        <valueString value="ValueSet"/>
      </extension>
      <reference>
        <reference value="ValueSet/propertyFlavor"/>
      </reference>
      <name value="Flavor of the product"/>
      <description value="Flavor of the product"/>
      <isExample value="false"/>
    </resource>
    <resource>
      <extension url="http://hl7.org/fhir/tools/StructureDefinition/resource-information">
        <valueString value="ValueSet"/>
      </extension>
      <reference>
        <reference value="ValueSet/propertyScore"/>
      </reference>
      <name value="Score on the product"/>
      <description value="Score on the product"/>
      <isExample value="false"/>
    </resource>
    <resource>
      <extension url="http://hl7.org/fhir/tools/StructureDefinition/resource-information">
        <valueString value="ValueSet"/>
      </extension>
      <reference>
        <reference value="ValueSet/propertyShape"/>
      </reference>
      <name value="Shape of the product"/>
      <description value="Shape of the product"/>
      <isExample value="false"/>
    </resource>
    <resource>
      <extension url="http://hl7.org/fhir/tools/StructureDefinition/resource-information">
        <valueString value="ValueSet"/>
      </extension>
      <reference>
        <reference value="ValueSet/VsPropertySurfaceForm"/>
      </reference>
      <name value="Surface form of the product"/>
      <description value="Surface form of the product"/>
      <isExample value="false"/>
    </resource>
    <resource>
      <extension url="http://hl7.org/fhir/tools/StructureDefinition/resource-information">
        <valueString value="ValueSet"/>
      </extension>
      <reference>
        <reference value="ValueSet/proprietaryNamePart"/>
      </reference>
      <name value="Proprietary Name of the medicinal product"/>
      <description value="Proprietary Name of the medicinal product"/>
      <isExample value="false"/>
    </resource>
    <resource>
      <extension url="http://hl7.org/fhir/tools/StructureDefinition/resource-information">
        <valueString value="ValueSet"/>
      </extension>
      <reference>
        <reference value="ValueSet/VsRegulatedAuthorization"/>
      </reference>
      <name value="Type of Regulated Authorization"/>
      <description value="Type of Regulated Authorization"/>
      <isExample value="false"/>
    </resource>
    <resource>
      <extension url="http://hl7.org/fhir/tools/StructureDefinition/resource-information">
        <valueString value="ValueSet"/>
      </extension>
      <reference>
        <reference value="ValueSet/RegulatedAuthorizationTypeIdSystems"/>
      </reference>
      <name value="Regulated Authorization Type identifier systems"/>
      <description value="Regulated Authorization Type Identifier systems (uri)"/>
      <isExample value="false"/>
    </resource>
    <resource>
      <extension url="http://hl7.org/fhir/tools/StructureDefinition/resource-information">
        <valueString value="ValueSet"/>
      </extension>
      <reference>
        <reference value="ValueSet/regulatoryActivityType"/>
      </reference>
      <name value="Regulatory Activity Type"/>
      <description value="Regulatory Activity Type; e.g., MAA"/>
      <isExample value="false"/>
    </resource>
    <resource>
      <extension url="http://hl7.org/fhir/tools/StructureDefinition/resource-information">
        <valueString value="ValueSet"/>
      </extension>
      <reference>
        <reference value="ValueSet/roleClassIngredientEntity"/>
      </reference>
      <name value="Ingredient Role; e.g., inactive, active base, active moiety"/>
      <description value="Ingredient Role; e.g., inactive, active base, active moiety"/>
      <isExample value="false"/>
    </resource>
    <resource>
      <extension url="http://hl7.org/fhir/tools/StructureDefinition/resource-information">
        <valueString value="ValueSet"/>
      </extension>
      <reference>
        <reference value="ValueSet/routeOfAdministration"/>
      </reference>
      <name value="Route Of Administration"/>
      <description value="Route Of Administration"/>
      <isExample value="false"/>
    </resource>
    <resource>
      <extension url="http://hl7.org/fhir/tools/StructureDefinition/resource-information">
        <valueString value="ValueSet"/>
      </extension>
      <reference>
        <reference value="ValueSet/secondaryPrimaryPackType"/>
      </reference>
      <name value="Pack Type"/>
      <description value="Pack Type"/>
      <isExample value="false"/>
    </resource>
    <resource>
      <extension url="http://hl7.org/fhir/tools/StructureDefinition/resource-information">
        <valueString value="ValueSet"/>
      </extension>
      <reference>
        <reference value="ValueSet/sectionCode"/>
      </reference>
      <name value="Section Codes"/>
      <description value="Section Codes"/>
      <isExample value="false"/>
    </resource>
    <resource>
      <extension url="http://hl7.org/fhir/tools/StructureDefinition/resource-information">
        <valueString value="ValueSet"/>
      </extension>
      <reference>
        <reference value="ValueSet/shelfLifeType"/>
      </reference>
      <name value="Shelf Life Type"/>
      <description value="Shelf Life Type"/>
      <isExample value="false"/>
    </resource>
    <resource>
      <extension url="http://hl7.org/fhir/tools/StructureDefinition/resource-information">
        <valueString value="ValueSet"/>
      </extension>
      <reference>
        <reference value="ValueSet/specialPrecautionsForStorage"/>
      </reference>
      <name value="Special Precautions For Storage"/>
      <description value="Special Precautions For Storage"/>
      <isExample value="false"/>
    </resource>
    <resource>
      <extension url="http://hl7.org/fhir/tools/StructureDefinition/resource-information">
        <valueString value="ValueSet"/>
      </extension>
      <reference>
        <reference value="ValueSet/strengthPart"/>
      </reference>
      <name value="Strength of the medicinal product name"/>
      <description value="Strength of the medicinal product name"/>
      <isExample value="false"/>
    </resource>
    <resource>
      <extension url="http://hl7.org/fhir/tools/StructureDefinition/resource-information">
        <valueString value="ValueSet"/>
      </extension>
      <reference>
        <reference value="ValueSet/substance"/>
      </reference>
      <name value="Substances"/>
      <description value="Substances"/>
      <isExample value="false"/>
    </resource>
    <resource>
      <extension url="http://hl7.org/fhir/tools/StructureDefinition/resource-information">
        <valueString value="ValueSet"/>
      </extension>
      <reference>
        <reference value="ValueSet/unitofMeasure"/>
      </reference>
      <name value="Units of Measure"/>
      <description value="Units of Measure"/>
      <isExample value="false"/>
    </resource>
    <resource>
      <extension url="http://hl7.org/fhir/tools/StructureDefinition/resource-information">
        <valueString value="ValueSet"/>
      </extension>
      <reference>
        <reference value="ValueSet/unitofPresentation"/>
      </reference>
      <name value="Units of Presentation"/>
      <description value="Units of Presentation"/>
      <isExample value="false"/>
    </resource>
    <resource>
      <extension url="http://hl7.org/fhir/tools/StructureDefinition/resource-information">
        <valueString value="CodeSystem"/>
      </extension>
      <reference>
        <reference value="CodeSystem/gravitate"/>
      </reference>
      <name value="Gravitate Health Project Code System"/>
      <description value="Gravitate Health Project Code System. Coded concepts defined for internal project use."/>
      <isExample value="false"/>
    </resource>
    <resource>
      <extension url="http://hl7.org/fhir/tools/StructureDefinition/resource-information">
        <valueString value="CodeSystem"/>
      </extension>
      <reference>
        <reference value="CodeSystem/CodeSystemUvEPIRomswi"/>
      </reference>
      <name value="Organization Management Services CodeSystem"/>
      <description value="Items from https://spor.ema.europa.eu/omswi"/>
      <isExample value="false"/>
    </resource>
    <resource>
      <extension url="http://hl7.org/fhir/tools/StructureDefinition/resource-information">
        <valueString value="CodeSystem"/>
      </extension>
      <reference>
        <reference value="CodeSystem/CodeSystemUvEPIRpmswi"/>
      </reference>
      <name value="Products Management Services CodeSystem"/>
      <description value="Items from https://spor.ema.europa.eu/pmswi"/>
      <isExample value="false"/>
    </resource>
    <resource>
      <extension url="http://hl7.org/fhir/tools/StructureDefinition/resource-information">
        <valueString value="CodeSystem"/>
      </extension>
      <reference>
        <reference value="CodeSystem/CodeSystemUvEPIRrmswi"/>
      </reference>
      <name value="Referentials Management Services CodeSystem"/>
      <description value="Items from https://spor.ema.europa.eu/rmswi"/>
      <isExample value="false"/>
    </resource>
    <resource>
      <extension url="http://hl7.org/fhir/tools/StructureDefinition/resource-information">
        <valueString value="CodeSystem"/>
      </extension>
      <reference>
        <reference value="CodeSystem/CodeSystemUvEPIRsmswi"/>
      </reference>
      <name value="Substances Management Services CodeSystem"/>
      <description value="Items from https://spor.ema.europa.eu/smswi"/>
      <isExample value="false"/>
    </resource>
    <resource>
      <extension url="http://hl7.org/fhir/tools/StructureDefinition/resource-information">
        <valueString value="Ingredient"/>
      </extension>
      <reference>
        <reference value="Ingredient/02853fa4-712d-40af-b6be-741ef9df06f1"/>
      </reference>
      <name value="Ingredient-excipient Lactose Monohydrate"/>
      <description value="Lactose Monohydrate"/>
      <profile value="http://hl7.org/fhir/uv/vulcan-eproduct-info/StructureDefinition/Ingredient-uv-epi"/>
      <profile value="http://hl7.org/fhir/uv/vulcan-eproduct-info/StructureDefinition/Ingredient-uv-epi"/>
    </resource>
    <resource>
      <extension url="http://hl7.org/fhir/tools/StructureDefinition/resource-information">
        <valueString value="Ingredient"/>
      </extension>
      <reference>
        <reference value="Ingredient/09c13040-8fd5-4818-972d-f01d4ee169b6"/>
      </reference>
      <name value="Ingredient-excipient Silicon dioxide"/>
      <description value="Silicon dioxide"/>
      <profile value="http://hl7.org/fhir/uv/vulcan-eproduct-info/StructureDefinition/Ingredient-uv-epi"/>
      <profile value="http://hl7.org/fhir/uv/vulcan-eproduct-info/StructureDefinition/Ingredient-uv-epi"/>
    </resource>
    <resource>
      <extension url="http://hl7.org/fhir/tools/StructureDefinition/resource-information">
        <valueString value="Ingredient"/>
      </extension>
      <reference>
        <reference value="Ingredient/1130086f-93ea-40f1-90a5-56f84cc8d78c"/>
      </reference>
      <name value="Ingredient-excipient Microcrystalline cellulose"/>
      <description value="Microcrystalline cellulose"/>
      <profile value="http://hl7.org/fhir/uv/vulcan-eproduct-info/StructureDefinition/Ingredient-uv-epi"/>
      <profile value="http://hl7.org/fhir/uv/vulcan-eproduct-info/StructureDefinition/Ingredient-uv-epi"/>
    </resource>
    <resource>
      <extension url="http://hl7.org/fhir/tools/StructureDefinition/resource-information">
        <valueString value="Ingredient"/>
      </extension>
      <reference>
        <reference value="Ingredient/1c10b441-6bd3-40b8-b14b-514e7c2f79d0"/>
      </reference>
      <name value="Ingredient-excipient Hypromellose"/>
      <description value="Hypromellose"/>
      <profile value="http://hl7.org/fhir/uv/vulcan-eproduct-info/StructureDefinition/Ingredient-uv-epi"/>
      <profile value="http://hl7.org/fhir/uv/vulcan-eproduct-info/StructureDefinition/Ingredient-uv-epi"/>
    </resource>
    <resource>
      <extension url="http://hl7.org/fhir/tools/StructureDefinition/resource-information">
        <valueString value="Ingredient"/>
      </extension>
      <reference>
        <reference value="Ingredient/1cdfb0bc-55f0-43ff-b750-8f3a0d9970bd"/>
      </reference>
      <name value="Ingredient-excipient Microcrystalline cellulose"/>
      <description value="Microcrystalline cellulose"/>
      <profile value="http://hl7.org/fhir/uv/vulcan-eproduct-info/StructureDefinition/Ingredient-uv-epi"/>
      <profile value="http://hl7.org/fhir/uv/vulcan-eproduct-info/StructureDefinition/Ingredient-uv-epi"/>
    </resource>
    <resource>
      <extension url="http://hl7.org/fhir/tools/StructureDefinition/resource-information">
        <valueString value="Ingredient"/>
      </extension>
      <reference>
        <reference value="Ingredient/272cf588-8c61-46f6-9162-4ae7b427c338"/>
      </reference>
      <name value="Ingredient-excipient Croscarmellose sodium"/>
      <description value="Croscarmellose sodium"/>
      <profile value="http://hl7.org/fhir/uv/vulcan-eproduct-info/StructureDefinition/Ingredient-uv-epi"/>
      <profile value="http://hl7.org/fhir/uv/vulcan-eproduct-info/StructureDefinition/Ingredient-uv-epi"/>
    </resource>
    <resource>
      <extension url="http://hl7.org/fhir/tools/StructureDefinition/resource-information">
        <valueString value="RegulatedAuthorization"/>
      </extension>
      <reference>
        <reference value="RegulatedAuthorization/297e405a-b6f9-4273-bc01-ae031efe47f8"/>
      </reference>
      <name value="Regulated Authorization for cava 75 mg tablets"/>
      <description value="Regulated Authorization"/>
      <profile value="http://hl7.org/fhir/uv/vulcan-eproduct-info/StructureDefinition/RegulatedAuthorization-uv-epi"/>
      <profile value="http://hl7.org/fhir/uv/vulcan-eproduct-info/StructureDefinition/RegulatedAuthorization-uv-epi"/>
    </resource>
    <resource>
      <extension url="http://hl7.org/fhir/tools/StructureDefinition/resource-information">
        <valueString value="ManufacturedItemDefinition"/>
      </extension>
      <reference>
        <reference value="ManufacturedItemDefinition/3214f286-b8ec-4ef5-bc8d-0aec39d97468"/>
      </reference>
      <name value="Manufactured item cava 75 mg tabelt"/>
      <description value="cava 75 mg tablet"/>
      <profile value="http://hl7.org/fhir/uv/vulcan-eproduct-info/StructureDefinition/ManufacturedItemDefinition-uv-epi"/>
      <profile value="http://hl7.org/fhir/uv/vulcan-eproduct-info/StructureDefinition/ManufacturedItemDefinition-uv-epi"/>
    </resource>
    <resource>
      <extension url="http://hl7.org/fhir/tools/StructureDefinition/resource-information">
        <valueString value="AdministrableProductDefinition"/>
      </extension>
      <reference>
        <reference value="AdministrableProductDefinition/373b9bf3-1fae-47a1-a7cd-230106def069"/>
      </reference>
      <name value="cava 75mg tablet administrable product"/>
      <description value="cava 75 mg tablet"/>
      <profile value="http://hl7.org/fhir/uv/vulcan-eproduct-info/StructureDefinition/AdministrableProductDefinition-uv-epi"/>
      <profile value="http://hl7.org/fhir/uv/vulcan-eproduct-info/StructureDefinition/AdministrableProductDefinition-uv-epi"/>
    </resource>
    <resource>
      <extension url="http://hl7.org/fhir/tools/StructureDefinition/resource-information">
        <valueString value="ClinicalUseDefinition"/>
      </extension>
      <reference>
        <reference value="ClinicalUseDefinition/4e922ec1-a398-4a78-8381-3729422b7602"/>
      </reference>
      <name value="indication"/>
      <description value="Indication"/>
      <profile value="http://hl7.org/fhir/uv/vulcan-eproduct-info/StructureDefinition/ClinicalUseDefinition-indication-uv-epi"/>
      <profile value="http://hl7.org/fhir/uv/vulcan-eproduct-info/StructureDefinition/ClinicalUseDefinition-indication-uv-epi"/>
    </resource>
    <resource>
      <extension url="http://hl7.org/fhir/tools/StructureDefinition/resource-information">
        <valueString value="PackagedProductDefinition"/>
      </extension>
      <reference>
        <reference value="PackagedProductDefinition/5525ec14-3580-4787-955b-1a332f12ef45"/>
      </reference>
      <name value="Karvea 75 mg tablet blister x28 tablets"/>
      <description value="Karvea 75 mg tablet blister x28 tablets"/>
      <profile value="http://hl7.org/fhir/uv/vulcan-eproduct-info/StructureDefinition/PackagedProductDefinition-uv-epi"/>
      <profile value="http://hl7.org/fhir/uv/vulcan-eproduct-info/StructureDefinition/PackagedProductDefinition-uv-epi"/>
    </resource>
    <resource>
      <extension url="http://hl7.org/fhir/tools/StructureDefinition/resource-information">
        <valueString value="Ingredient"/>
      </extension>
      <reference>
        <reference value="Ingredient/57e140ed-af10-4e30-a6ca-76a9e8d6a8d7"/>
      </reference>
      <name value="Ingredient-excipient Hypromellose"/>
      <description value="Hypromellose"/>
      <profile value="http://hl7.org/fhir/uv/vulcan-eproduct-info/StructureDefinition/Ingredient-uv-epi"/>
      <profile value="http://hl7.org/fhir/uv/vulcan-eproduct-info/StructureDefinition/Ingredient-uv-epi"/>
    </resource>
    <resource>
      <extension url="http://hl7.org/fhir/tools/StructureDefinition/resource-information">
        <valueString value="Composition"/>
      </extension>
      <reference>
        <reference value="Composition/5fef3008-ca68-4f9e-8bea-73a7d2fb657e"/>
      </reference>
      <name value="Composition for Karvea Package Leaflet"/>
      <description value="Composition for Karvea Package Leaflet"/>
      <profile value="http://hl7.org/fhir/uv/vulcan-eproduct-info/StructureDefinition/Composition-uv-epi"/>
      <profile value="http://hl7.org/fhir/uv/vulcan-eproduct-info/StructureDefinition/Composition-uv-epi"/>
    </resource>
    <resource>
      <extension url="http://hl7.org/fhir/tools/StructureDefinition/resource-information">
        <valueString value="Ingredient"/>
      </extension>
      <reference>
        <reference value="Ingredient/745c01bc-936e-45ca-9880-57e97608f43e"/>
      </reference>
      <name value="Ingredient-active irbesartan"/>
      <description value="irbesartan"/>
      <profile value="http://hl7.org/fhir/uv/vulcan-eproduct-info/StructureDefinition/Ingredient-uv-epi"/>
      <profile value="http://hl7.org/fhir/uv/vulcan-eproduct-info/StructureDefinition/Ingredient-uv-epi"/>
    </resource>
    <resource>
      <extension url="http://hl7.org/fhir/tools/StructureDefinition/resource-information">
        <valueString value="Ingredient"/>
      </extension>
      <reference>
        <reference value="Ingredient/7a3c0b14-2473-4541-9e45-a24d24cceddf"/>
      </reference>
      <name value="Ingredient-excipient Lactose Monohydrate"/>
      <description value="Lactose Monohydrate"/>
      <profile value="http://hl7.org/fhir/uv/vulcan-eproduct-info/StructureDefinition/Ingredient-uv-epi"/>
      <profile value="http://hl7.org/fhir/uv/vulcan-eproduct-info/StructureDefinition/Ingredient-uv-epi"/>
    </resource>
    <resource>
      <extension url="http://hl7.org/fhir/tools/StructureDefinition/resource-information">
        <valueString value="MedicinalProductDefinition"/>
      </extension>
      <reference>
        <reference value="MedicinalProductDefinition/800a51a2-d81d-49a4-a4eb-f2417d301837"/>
      </reference>
      <name value="Medicinal Product cava 75 mg tablet in blister pack of 28 tablets"/>
      <description value="EU/1/97/049/001 cava 75 mg tablet blister x28"/>
      <profile value="http://hl7.org/fhir/uv/vulcan-eproduct-info/StructureDefinition/MedicinalProductDefinition-uv-epi"/>
      <profile value="http://hl7.org/fhir/uv/vulcan-eproduct-info/StructureDefinition/MedicinalProductDefinition-uv-epi"/>
    </resource>
    <resource>
      <extension url="http://hl7.org/fhir/tools/StructureDefinition/resource-information">
        <valueString value="ClinicalUseDefinition"/>
      </extension>
      <reference>
        <reference value="ClinicalUseDefinition/83f4a22f-9e5e-4941-9fdb-339a0f1f2055"/>
      </reference>
      <name value="contraindication"/>
      <description value="Contraindication - Gastrointestinal disorders"/>
      <profile value="http://hl7.org/fhir/uv/vulcan-eproduct-info/StructureDefinition/ClinicalUseDefinition-contraindication-uv-epi"/>
      <profile value="http://hl7.org/fhir/uv/vulcan-eproduct-info/StructureDefinition/ClinicalUseDefinition-contraindication-uv-epi"/>
    </resource>
    <resource>
      <extension url="http://hl7.org/fhir/tools/StructureDefinition/resource-information">
        <valueString value="Ingredient"/>
      </extension>
      <reference>
        <reference value="Ingredient/92b33acc-6e00-4a7b-9a89-65807df2b361"/>
      </reference>
      <name value="Ingredient-excipient Titanium Dioxide"/>
      <description value="Titanium Dioxide"/>
      <profile value="http://hl7.org/fhir/uv/vulcan-eproduct-info/StructureDefinition/Ingredient-uv-epi"/>
      <profile value="http://hl7.org/fhir/uv/vulcan-eproduct-info/StructureDefinition/Ingredient-uv-epi"/>
    </resource>
    <resource>
      <extension url="http://hl7.org/fhir/tools/StructureDefinition/resource-information">
        <valueString value="SubstanceDefinition"/>
      </extension>
      <reference>
        <reference value="SubstanceDefinition/968027ff-a4cb-4d8f-83ca-2b68d25df7d5"/>
      </reference>
      <name value="substance-irbesartan"/>
      <description value="irbesartan"/>
      <profile value="http://hl7.org/fhir/uv/vulcan-eproduct-info/StructureDefinition/SubstanceDefinition-uv-epi"/>
      <profile value="http://hl7.org/fhir/uv/vulcan-eproduct-info/StructureDefinition/SubstanceDefinition-uv-epi"/>
    </resource>
    <resource>
      <extension url="http://hl7.org/fhir/tools/StructureDefinition/resource-information">
        <valueString value="Bundle"/>
      </extension>
      <reference>
        <reference value="Bundle/996ea286-9eeb-4f9b-a5e6-b18511fb136f"/>
      </reference>
      <name value="ePI document Bundle for Karvea 75 mg Package Leaflet"/>
      <description value="Bundle for Karvea 75 mg Package Leaflet ePI document"/>
      <profile value="http://hl7.org/fhir/uv/vulcan-eproduct-info/StructureDefinition/Bundle-uv-epi"/>
      <profile value="http://hl7.org/fhir/uv/vulcan-eproduct-info/StructureDefinition/Ingredient-uv-epi"/>
      <profile value="http://hl7.org/fhir/uv/vulcan-eproduct-info/StructureDefinition/Organization-uv-epi"/>
      <profile value="http://hl7.org/fhir/uv/vulcan-eproduct-info/StructureDefinition/RegulatedAuthorization-uv-epi"/>
      <profile value="http://hl7.org/fhir/uv/vulcan-eproduct-info/StructureDefinition/SubstanceDefinition-uv-epi"/>
      <profile value="http://hl7.org/fhir/uv/vulcan-eproduct-info/StructureDefinition/ManufacturedItemDefinition-uv-epi"/>
      <profile value="http://hl7.org/fhir/uv/vulcan-eproduct-info/StructureDefinition/Bundle-uv-epi"/>
      <profile value="http://hl7.org/fhir/uv/vulcan-eproduct-info/StructureDefinition/AdministrableProductDefinition-uv-epi"/>
      <profile value="http://hl7.org/fhir/uv/vulcan-eproduct-info/StructureDefinition/MedicinalProductDefinition-uv-epi"/>
      <profile value="http://hl7.org/fhir/uv/vulcan-eproduct-info/StructureDefinition/Composition-uv-epi"/>
      <profile value="http://hl7.org/fhir/uv/vulcan-eproduct-info/StructureDefinition/ClinicalUseDefinition-contraindication-uv-epi"/>
      <profile value="http://hl7.org/fhir/uv/vulcan-eproduct-info/StructureDefinition/PackagedProductDefinition-uv-epi"/>
    </resource>
    <resource>
      <extension url="http://hl7.org/fhir/tools/StructureDefinition/resource-information">
        <valueString value="Ingredient"/>
      </extension>
      <reference>
        <reference value="Ingredient/a1b7dfdc-8862-473d-a86e-398ee7eb98eb"/>
      </reference>
      <name value="Ingredient-excipient Macrogol 3000"/>
      <description value="Macrogol 3000"/>
      <profile value="http://hl7.org/fhir/uv/vulcan-eproduct-info/StructureDefinition/Ingredient-uv-epi"/>
      <profile value="http://hl7.org/fhir/uv/vulcan-eproduct-info/StructureDefinition/Ingredient-uv-epi"/>
    </resource>
    <resource>
      <extension url="http://hl7.org/fhir/tools/StructureDefinition/resource-information">
        <valueString value="Ingredient"/>
      </extension>
      <reference>
        <reference value="Ingredient/a4b7b60c-998f-4f93-89c7-860396af0fe3"/>
      </reference>
      <name value="Ingredient-excipient carnauba wax"/>
      <description value="Carnauba wax"/>
      <profile value="http://hl7.org/fhir/uv/vulcan-eproduct-info/StructureDefinition/Ingredient-uv-epi"/>
      <profile value="http://hl7.org/fhir/uv/vulcan-eproduct-info/StructureDefinition/Ingredient-uv-epi"/>
    </resource>
    <resource>
      <extension url="http://hl7.org/fhir/tools/StructureDefinition/resource-information">
        <valueString value="Ingredient"/>
      </extension>
      <reference>
        <reference value="Ingredient/a88891dc-7e9e-4d84-b462-95e53de3b6a6"/>
      </reference>
      <name value="Ingredient-excipient Titanium Dioxide"/>
      <description value="Titanium Dioxide"/>
      <profile value="http://hl7.org/fhir/uv/vulcan-eproduct-info/StructureDefinition/Ingredient-uv-epi"/>
      <profile value="http://hl7.org/fhir/uv/vulcan-eproduct-info/StructureDefinition/Ingredient-uv-epi"/>
    </resource>
    <resource>
      <extension url="http://hl7.org/fhir/tools/StructureDefinition/resource-information">
        <valueString value="ClinicalUseDefinition"/>
      </extension>
      <reference>
        <reference value="ClinicalUseDefinition/ac21a804-cafa-41ff-b644-a14c8003edeb"/>
      </reference>
      <name value="warninghypotension"/>
      <description value="Warning - hypotension"/>
      <profile value="http://hl7.org/fhir/uv/vulcan-eproduct-info/StructureDefinition/ClinicalUseDefinition-warning-uv-epi"/>
      <profile value="http://hl7.org/fhir/uv/vulcan-eproduct-info/StructureDefinition/ClinicalUseDefinition-warning-uv-epi"/>
    </resource>
    <resource>
      <extension url="http://hl7.org/fhir/tools/StructureDefinition/resource-information">
        <valueString value="ManufacturedItemDefinition"/>
      </extension>
      <reference>
        <reference value="ManufacturedItemDefinition/ad96f148-121c-41bc-8ba6-1274bb9a94bb"/>
      </reference>
      <name value="Manufactured item karvea 75 mg tablet"/>
      <description value="karvea 75 mg tablet"/>
      <profile value="http://hl7.org/fhir/uv/vulcan-eproduct-info/StructureDefinition/ManufacturedItemDefinition-uv-epi"/>
      <profile value="http://hl7.org/fhir/uv/vulcan-eproduct-info/StructureDefinition/ManufacturedItemDefinition-uv-epi"/>
    </resource>
    <resource>
      <extension url="http://hl7.org/fhir/tools/StructureDefinition/resource-information">
        <valueString value="Bundle"/>
      </extension>
      <reference>
        <reference value="Bundle/bundlepackageleaflet75"/>
      </reference>
      <name value="ePI document Bundle for cava 75 mg Package Leaflet"/>
      <description value="Bundle for cava Package Leaflet ePI document"/>
      <profile value="http://hl7.org/fhir/uv/vulcan-eproduct-info/StructureDefinition/Bundle-uv-epi"/>
      <profile value="http://hl7.org/fhir/uv/vulcan-eproduct-info/StructureDefinition/Ingredient-uv-epi"/>
      <profile value="http://hl7.org/fhir/uv/vulcan-eproduct-info/StructureDefinition/ManufacturedItemDefinition-uv-epi"/>
      <profile value="http://hl7.org/fhir/uv/vulcan-eproduct-info/StructureDefinition/SubstanceDefinition-uv-epi"/>
      <profile value="http://hl7.org/fhir/uv/vulcan-eproduct-info/StructureDefinition/MedicinalProductDefinition-uv-epi"/>
      <profile value="http://hl7.org/fhir/uv/vulcan-eproduct-info/StructureDefinition/AdministrableProductDefinition-uv-epi"/>
      <profile value="http://hl7.org/fhir/uv/vulcan-eproduct-info/StructureDefinition/Composition-uv-epi"/>
      <profile value="http://hl7.org/fhir/uv/vulcan-eproduct-info/StructureDefinition/PackagedProductDefinition-uv-epi"/>
      <profile value="http://hl7.org/fhir/uv/vulcan-eproduct-info/StructureDefinition/Organization-uv-epi"/>
      <profile value="http://hl7.org/fhir/uv/vulcan-eproduct-info/StructureDefinition/RegulatedAuthorization-uv-epi"/>
      <profile value="http://hl7.org/fhir/uv/vulcan-eproduct-info/StructureDefinition/ClinicalUseDefinition-interaction-uv-epi"/>
      <profile value="http://hl7.org/fhir/uv/vulcan-eproduct-info/StructureDefinition/Bundle-uv-epi"/>
      <profile value="http://hl7.org/fhir/uv/vulcan-eproduct-info/StructureDefinition/ClinicalUseDefinition-indication-uv-epi"/>
      <profile value="http://hl7.org/fhir/uv/vulcan-eproduct-info/StructureDefinition/ClinicalUseDefinition-warning-uv-epi"/>
      <profile value="http://hl7.org/fhir/uv/vulcan-eproduct-info/StructureDefinition/ClinicalUseDefinition-contraindication-uv-epi"/>
    </resource>
    <resource>
      <extension url="http://hl7.org/fhir/tools/StructureDefinition/resource-information">
        <valueString value="Ingredient"/>
      </extension>
      <reference>
        <reference value="Ingredient/ceba5cd1-321f-4bc3-b203-92d97fcf472e"/>
      </reference>
      <name value="Ingredient-excipient Macrogol 3000"/>
      <description value="Macrogol 3000"/>
      <profile value="http://hl7.org/fhir/uv/vulcan-eproduct-info/StructureDefinition/Ingredient-uv-epi"/>
      <profile value="http://hl7.org/fhir/uv/vulcan-eproduct-info/StructureDefinition/Ingredient-uv-epi"/>
    </resource>
    <resource>
      <extension url="http://hl7.org/fhir/tools/StructureDefinition/resource-information">
        <valueString value="Ingredient"/>
      </extension>
      <reference>
        <reference value="Ingredient/d3c2541a-b2b3-465a-b306-73dea8cd0ade"/>
      </reference>
      <name value="Ingredient-excipient Carnauba wax"/>
      <description value="Carnauba wax"/>
      <profile value="http://hl7.org/fhir/uv/vulcan-eproduct-info/StructureDefinition/Ingredient-uv-epi"/>
      <profile value="http://hl7.org/fhir/uv/vulcan-eproduct-info/StructureDefinition/Ingredient-uv-epi"/>
    </resource>
    <resource>
      <extension url="http://hl7.org/fhir/tools/StructureDefinition/resource-information">
        <valueString value="Organization"/>
      </extension>
      <reference>
        <reference value="Organization/d71bf884-90eb-47f9-81b7-fa81ecec7e75"/>
      </reference>
      <name value="Acme Inc. as Marketing Authorization Holder"/>
      <description value="Marketing Authorization Holder"/>
      <profile value="http://hl7.org/fhir/uv/vulcan-eproduct-info/StructureDefinition/Organization-uv-epi"/>
      <profile value="http://hl7.org/fhir/uv/vulcan-eproduct-info/StructureDefinition/Organization-uv-epi"/>
    </resource>
    <resource>
      <extension url="http://hl7.org/fhir/tools/StructureDefinition/resource-information">
        <valueString value="SubstanceDefinition"/>
      </extension>
      <reference>
        <reference value="SubstanceDefinition/da33bd51-a726-4232-aaa0-4168b9bfe249"/>
      </reference>
      <name value="substanceirbesartan"/>
      <description value="irbesartan"/>
      <profile value="http://hl7.org/fhir/uv/vulcan-eproduct-info/StructureDefinition/SubstanceDefinition-uv-epi"/>
      <profile value="http://hl7.org/fhir/uv/vulcan-eproduct-info/StructureDefinition/SubstanceDefinition-uv-epi"/>
    </resource>
    <resource>
      <extension url="http://hl7.org/fhir/tools/StructureDefinition/resource-information">
        <valueString value="Organization"/>
      </extension>
      <reference>
        <reference value="Organization/deca5004-33c1-4d80-a25d-43f83bb71277"/>
      </reference>
      <name value="Sanofi-Aventis Groupe as Marketing authorisation holder"/>
      <description value="Marketing authorisation holder"/>
      <profile value="http://hl7.org/fhir/uv/vulcan-eproduct-info/StructureDefinition/Organization-uv-epi"/>
      <profile value="http://hl7.org/fhir/uv/vulcan-eproduct-info/StructureDefinition/Organization-uv-epi"/>
    </resource>
    <resource>
      <extension url="http://hl7.org/fhir/tools/StructureDefinition/resource-information">
        <valueString value="MedicinalProductDefinition"/>
      </extension>
      <reference>
        <reference value="MedicinalProductDefinition/e02a86aa-215d-45a7-afca-eda52266f54f"/>
      </reference>
      <name value="Medicinal Product Karvea 75 mg tablet blister x28"/>
      <description value="EU/1/97/049/001 Karvea 75 mg tablet blister x28"/>
      <profile value="http://hl7.org/fhir/uv/vulcan-eproduct-info/StructureDefinition/MedicinalProductDefinition-uv-epi"/>
      <profile value="http://hl7.org/fhir/uv/vulcan-eproduct-info/StructureDefinition/MedicinalProductDefinition-uv-epi"/>
    </resource>
    <resource>
      <extension url="http://hl7.org/fhir/tools/StructureDefinition/resource-information">
        <valueString value="Ingredient"/>
      </extension>
      <reference>
        <reference value="Ingredient/e5534217-f0de-448c-b17b-a1be5bb2e49d"/>
      </reference>
      <name value="Ingredient-active irbesartan"/>
      <description value="irbesartan"/>
      <profile value="http://hl7.org/fhir/uv/vulcan-eproduct-info/StructureDefinition/Ingredient-uv-epi"/>
      <profile value="http://hl7.org/fhir/uv/vulcan-eproduct-info/StructureDefinition/Ingredient-uv-epi"/>
    </resource>
    <resource>
      <extension url="http://hl7.org/fhir/tools/StructureDefinition/resource-information">
        <valueString value="ClinicalUseDefinition"/>
      </extension>
      <reference>
        <reference value="ClinicalUseDefinition/e60575aa-e7b3-4461-a456-d310514f4041"/>
      </reference>
      <name value="interactionmethotrexate"/>
      <description value="Interaction - METHOTREXATE"/>
      <profile value="http://hl7.org/fhir/uv/vulcan-eproduct-info/StructureDefinition/ClinicalUseDefinition-interaction-uv-epi"/>
      <profile value="http://hl7.org/fhir/uv/vulcan-eproduct-info/StructureDefinition/ClinicalUseDefinition-interaction-uv-epi"/>
    </resource>
    <resource>
      <extension url="http://hl7.org/fhir/tools/StructureDefinition/resource-information">
        <valueString value="Composition"/>
      </extension>
      <reference>
        <reference value="Composition/e63f72b2-993f-48b1-b7cb-539b1ed71571"/>
      </reference>
      <name value="Composition for cava 75 mg Package Leaflet"/>
      <description value="Package Leaflet"/>
      <profile value="http://hl7.org/fhir/uv/vulcan-eproduct-info/StructureDefinition/Composition-uv-epi"/>
      <profile value="http://hl7.org/fhir/uv/vulcan-eproduct-info/StructureDefinition/Composition-uv-epi"/>
    </resource>
    <resource>
      <extension url="http://hl7.org/fhir/tools/StructureDefinition/resource-information">
        <valueString value="PackagedProductDefinition"/>
      </extension>
      <reference>
        <reference value="PackagedProductDefinition/eb8392a6-2cec-4ff3-9d9e-7c5f4ae3786d"/>
      </reference>
      <name value="Packaging Blister x28 75 mg tablets"/>
      <description value="Blister x28 tablets"/>
      <profile value="http://hl7.org/fhir/uv/vulcan-eproduct-info/StructureDefinition/PackagedProductDefinition-uv-epi"/>
      <profile value="http://hl7.org/fhir/uv/vulcan-eproduct-info/StructureDefinition/PackagedProductDefinition-uv-epi"/>
    </resource>
    <resource>
      <extension url="http://hl7.org/fhir/tools/StructureDefinition/resource-information">
        <valueString value="Ingredient"/>
      </extension>
      <reference>
        <reference value="Ingredient/ee2d4971-4c67-48d7-8745-62014b911748"/>
      </reference>
      <name value="Ingredient-excipient Silicon dioxide"/>
      <description value="Silicon dioxide"/>
      <profile value="http://hl7.org/fhir/uv/vulcan-eproduct-info/StructureDefinition/Ingredient-uv-epi"/>
      <profile value="http://hl7.org/fhir/uv/vulcan-eproduct-info/StructureDefinition/Ingredient-uv-epi"/>
    </resource>
    <resource>
      <extension url="http://hl7.org/fhir/tools/StructureDefinition/resource-information">
        <valueString value="Ingredient"/>
      </extension>
      <reference>
        <reference value="Ingredient/eee155e8-e442-491d-9a82-7af3cefac57f"/>
      </reference>
      <name value="Ingredient-excipient Magnesium stearate"/>
      <description value="Magnesium stearate"/>
      <profile value="http://hl7.org/fhir/uv/vulcan-eproduct-info/StructureDefinition/Ingredient-uv-epi"/>
      <profile value="http://hl7.org/fhir/uv/vulcan-eproduct-info/StructureDefinition/Ingredient-uv-epi"/>
    </resource>
    <resource>
      <extension url="http://hl7.org/fhir/tools/StructureDefinition/resource-information">
        <valueString value="CapabilityStatement"/>
      </extension>
      <reference>
        <reference value="CapabilityStatement/epi-server"/>
      </reference>
      <name value="epi-server"/>
      <description value="This section describes a minumum expected capabilities of an ePI FHIR Server which is responsible for providing responses to the queries submitted by the ePI clients. Please refer to the XML or JSON versions of this specification for details on which elements search is to be enabled on. A compliant server SHALL adhere to the requirements listed in this resource, and implement the RESTful behavior according to the FHIR specification."/>
      <isExample value="false"/>
    </resource>
    <resource>
      <extension url="http://hl7.org/fhir/tools/StructureDefinition/resource-information">
        <valueString value="RegulatedAuthorization"/>
      </extension>
      <reference>
        <reference value="RegulatedAuthorization/f93760e1-e84e-498a-8251-55d1bf9b7b85"/>
      </reference>
      <name value="Regulated Authorization for karvea 75 mg tablet"/>
      <description value="Regulated Authorization for karvea 75 mg tablet"/>
      <profile value="http://hl7.org/fhir/uv/vulcan-eproduct-info/StructureDefinition/RegulatedAuthorization-uv-epi"/>
      <profile value="http://hl7.org/fhir/uv/vulcan-eproduct-info/StructureDefinition/RegulatedAuthorization-uv-epi"/>
    </resource>
    <resource>
      <extension url="http://hl7.org/fhir/tools/StructureDefinition/resource-information">
        <valueString value="Ingredient"/>
      </extension>
      <reference>
        <reference value="Ingredient/fbf58407-83d3-42db-be3d-506b2006d431"/>
      </reference>
      <name value="Ingredient-excipient Croscarmellose sodium"/>
      <description value="Croscarmellose sodium"/>
      <profile value="http://hl7.org/fhir/uv/vulcan-eproduct-info/StructureDefinition/Ingredient-uv-epi"/>
      <profile value="http://hl7.org/fhir/uv/vulcan-eproduct-info/StructureDefinition/Ingredient-uv-epi"/>
    </resource>
    <resource>
      <extension url="http://hl7.org/fhir/tools/StructureDefinition/resource-information">
        <valueString value="Ingredient"/>
      </extension>
      <reference>
        <reference value="Ingredient/fdd18c4e-5ce2-4d95-b2bb-beac3d366a46"/>
      </reference>
      <name value="Ingredient-excipient Magnesium stearate"/>
      <description value="Magnesium stearate"/>
      <profile value="http://hl7.org/fhir/uv/vulcan-eproduct-info/StructureDefinition/Ingredient-uv-epi"/>
      <profile value="http://hl7.org/fhir/uv/vulcan-eproduct-info/StructureDefinition/Ingredient-uv-epi"/>
    </resource>
    <resource>
      <extension url="http://hl7.org/fhir/tools/StructureDefinition/resource-information">
        <valueString value="ClinicalUseDefinition"/>
      </extension>
      <reference>
        <reference value="ClinicalUseDefinition/ii"/>
      </reference>
      <name value="contraindication-gastrointestinaldisorders"/>
      <description value="contraindication - Gastrointestinal disorders"/>
      <profile value="http://hl7.org/fhir/uv/vulcan-eproduct-info/StructureDefinition/ClinicalUseDefinition-contraindication-uv-epi"/>
      <profile value="http://hl7.org/fhir/uv/vulcan-eproduct-info/StructureDefinition/ClinicalUseDefinition-contraindication-uv-epi"/>
    </resource>
    <resource>
      <extension url="http://hl7.org/fhir/tools/StructureDefinition/resource-information">
        <valueString value="ClinicalUseDefinition"/>
      </extension>
      <reference>
        <reference value="ClinicalUseDefinition/undesirableEffectanemia"/>
      </reference>
      <name value="undesirableEffectanemia"/>
      <description value="Undesirable Effect - anemia"/>
      <profile value="http://hl7.org/fhir/uv/vulcan-eproduct-info/StructureDefinition/ClinicalUseDefinition-undesirableEffect-uv-epi"/>
      <profile value="http://hl7.org/fhir/uv/vulcan-eproduct-info/StructureDefinition/ClinicalUseDefinition-undesirableEffect-uv-epi"/>
    </resource>
    <resource>
      <extension url="http://hl7.org/fhir/tools/StructureDefinition/resource-information">
        <valueString value="AdministrableProductDefinition"/>
      </extension>
      <reference>
        <reference value="AdministrableProductDefinition/xx"/>
      </reference>
      <name value="Administrable product Karvea 75mg tablet"/>
      <description value="Karvea 75mg tablet"/>
      <profile value="http://hl7.org/fhir/uv/vulcan-eproduct-info/StructureDefinition/AdministrableProductDefinition-uv-epi"/>
      <profile value="http://hl7.org/fhir/uv/vulcan-eproduct-info/StructureDefinition/AdministrableProductDefinition-uv-epi"/>
    </resource>
    <resource>
      <extension url="http://hl7.org/fhir/tools/StructureDefinition/resource-information">
        <valueString value="ClinicalUseDefinition"/>
      </extension>
      <reference>
        <reference value="ClinicalUseDefinition/yy"/>
      </reference>
      <name value="indication-psoriasis"/>
      <description value="indication - Psoriasis"/>
      <profile value="http://hl7.org/fhir/uv/vulcan-eproduct-info/StructureDefinition/ClinicalUseDefinition-indication-uv-epi"/>
      <profile value="http://hl7.org/fhir/uv/vulcan-eproduct-info/StructureDefinition/ClinicalUseDefinition-indication-uv-epi"/>
    </resource>
    <resource>
      <extension url="http://hl7.org/fhir/tools/StructureDefinition/resource-information">
        <valueString value="ClinicalUseDefinition"/>
      </extension>
      <reference>
        <reference value="ClinicalUseDefinition/zz"/>
      </reference>
      <name value="interaction-methotrexate"/>
      <description value="interaction - METHOTREXATE"/>
      <profile value="http://hl7.org/fhir/uv/vulcan-eproduct-info/StructureDefinition/ClinicalUseDefinition-interaction-uv-epi"/>
      <profile value="http://hl7.org/fhir/uv/vulcan-eproduct-info/StructureDefinition/ClinicalUseDefinition-interaction-uv-epi"/>
    </resource>
    <page>
      <sourceUrl value="toc.html"/>
      <name value="toc.html"/>
      <title value="Table of Contents"/>
      <generation value="html"/>
      <page>
        <sourceUrl value="index.html"/>
        <name value="index.html"/>
        <title value="Introduction"/>
        <generation value="markdown"/>
      </page>
      <page>
        <sourceUrl value="background.html"/>
        <name value="background.html"/>
        <title value="Background"/>
        <generation value="markdown"/>
      </page>
      <page>
        <sourceUrl value="core-epi-structure.html"/>
        <name value="core-epi-structure.html"/>
        <title value="Core ePI Profile"/>
        <generation value="markdown"/>
      </page>
      <page>
        <sourceUrl value="annotation.html"/>
        <name value="annotation.html"/>
        <title value="Semantic Annotation"/>
        <generation value="markdown"/>
      </page>
      <page>
        <sourceUrl value="steps-to-create-core-epi.html"/>
        <name value="steps-to-create-core-epi.html"/>
        <title value="Steps to create a Core FHIR ePI"/>
        <generation value="markdown"/>
      </page>
      <page>
        <sourceUrl value="capability.html"/>
        <name value="capability.html"/>
        <title value="Capability"/>
        <generation value="markdown"/>
      </page>
      <page>
        <sourceUrl value="general-technical-conformance-requirements.html"/>
        <name value="general-technical-conformance-requirements.html"/>
        <title value="General Technical Conformance Requirements"/>
        <generation value="markdown"/>
      </page>
      <page>
        <sourceUrl value="appendicies.html"/>
        <name value="appendicies.html"/>
        <title value="Appendix"/>
        <generation value="markdown"/>
      </page>
      <page>
        <sourceUrl value="downloads.html"/>
        <name value="downloads.html"/>
        <title value="Downloads"/>
        <generation value="markdown"/>
      </page>
    </page>
    <parameter>
      <code>
        <system value="http://hl7.org/fhir/guide-parameter-code"/>
        <code value="path-resource"/>
      </code>
      <value value="input/resources/irbesartan"/>
    </parameter>
    <parameter>
      <code>
        <system value="http://hl7.org/fhir/guide-parameter-code"/>
        <code value="path-resource"/>
      </code>
      <value value="input/resources/oxymetazoline-hydrochloride"/>
    </parameter>
    <parameter>
      <code>
        <system value="http://hl7.org/fhir/guide-parameter-code"/>
        <code value="path-resource"/>
      </code>
      <value value="input/resources/dimethyl-fumarate"/>
    </parameter>
    <parameter>
      <code>
        <system value="http://hl7.org/fhir/guide-parameter-code"/>
        <code value="path-resource"/>
      </code>
      <value value="input/capabilities"/>
    </parameter>
    <parameter>
      <code>
        <system value="http://hl7.org/fhir/guide-parameter-code"/>
        <code value="path-resource"/>
      </code>
      <value value="input/examples"/>
    </parameter>
    <parameter>
      <code>
        <system value="http://hl7.org/fhir/guide-parameter-code"/>
        <code value="path-resource"/>
      </code>
      <value value="input/extensions"/>
    </parameter>
    <parameter>
      <code>
        <system value="http://hl7.org/fhir/guide-parameter-code"/>
        <code value="path-resource"/>
      </code>
      <value value="input/models"/>
    </parameter>
    <parameter>
      <code>
        <system value="http://hl7.org/fhir/guide-parameter-code"/>
        <code value="path-resource"/>
      </code>
      <value value="input/operations"/>
    </parameter>
    <parameter>
      <code>
        <system value="http://hl7.org/fhir/guide-parameter-code"/>
        <code value="path-resource"/>
      </code>
      <value value="input/profiles"/>
    </parameter>
    <parameter>
      <code>
        <system value="http://hl7.org/fhir/guide-parameter-code"/>
        <code value="path-resource"/>
      </code>
      <value value="input/resources"/>
    </parameter>
    <parameter>
      <code>
        <system value="http://hl7.org/fhir/guide-parameter-code"/>
        <code value="path-resource"/>
      </code>
      <value value="input/vocabulary"/>
    </parameter>
    <parameter>
      <code>
        <system value="http://hl7.org/fhir/guide-parameter-code"/>
        <code value="path-resource"/>
      </code>
      <value value="input/testing"/>
    </parameter>
    <parameter>
      <code>
        <system value="http://hl7.org/fhir/guide-parameter-code"/>
        <code value="path-resource"/>
      </code>
      <value value="input/history"/>
    </parameter>
    <parameter>
      <code>
        <system value="http://hl7.org/fhir/guide-parameter-code"/>
        <code value="path-resource"/>
      </code>
      <value value="fsh-generated/resources"/>
    </parameter>
    <parameter>
      <code>
        <system value="http://hl7.org/fhir/guide-parameter-code"/>
        <code value="path-pages"/>
      </code>
      <value value="template/config"/>
    </parameter>
    <parameter>
      <code>
        <system value="http://hl7.org/fhir/guide-parameter-code"/>
        <code value="path-pages"/>
      </code>
      <value value="input/images"/>
    </parameter>
    <parameter>
      <code>
        <system value="http://hl7.org/fhir/guide-parameter-code"/>
        <code value="path-tx-cache"/>
      </code>
      <value value="input-cache/txcache"/>
    </parameter>
    <parameter>
      <code>
        <system value="http://hl7.org/fhir/tools/CodeSystem/ig-parameters"/>
        <code value="copyrightyear"/>
      </code>
      <value value="2021+"/>
    </parameter>
    <parameter>
      <code>
        <system value="http://hl7.org/fhir/tools/CodeSystem/ig-parameters"/>
        <code value="releaselabel"/>
      </code>
      <value value="CI Build"/>
    </parameter>
    <parameter>
      <code>
        <system value="http://hl7.org/fhir/tools/CodeSystem/ig-parameters"/>
        <code value="show-inherited-invariants"/>
      </code>
      <value value="false"/>
    </parameter>
    <parameter>
      <code>
        <system value="http://hl7.org/fhir/tools/CodeSystem/ig-parameters"/>
        <code value="autoload-resources"/>
      </code>
      <value value="true"/>
    </parameter>
    <parameter>
      <code>
        <system value="http://hl7.org/fhir/tools/CodeSystem/ig-parameters"/>
        <code value="path-history"/>
      </code>
      <value value="http://hl7.org/fhir/uv/vulcan-eproduct-info/history.html"/>
    </parameter>
    <parameter>
      <code>
        <system value="http://hl7.org/fhir/tools/CodeSystem/ig-parameters"/>
        <code value="path-liquid"/>
      </code>
      <value value="template/liquid"/>
    </parameter>
    <parameter>
      <code>
        <system value="http://hl7.org/fhir/tools/CodeSystem/ig-parameters"/>
        <code value="path-liquid"/>
      </code>
      <value value="input/liquid"/>
    </parameter>
    <parameter>
      <code>
        <system value="http://hl7.org/fhir/tools/CodeSystem/ig-parameters"/>
        <code value="path-qa"/>
      </code>
      <value value="temp/qa"/>
    </parameter>
    <parameter>
      <code>
        <system value="http://hl7.org/fhir/tools/CodeSystem/ig-parameters"/>
        <code value="path-temp"/>
      </code>
      <value value="temp/pages"/>
    </parameter>
    <parameter>
      <code>
        <system value="http://hl7.org/fhir/tools/CodeSystem/ig-parameters"/>
        <code value="path-output"/>
      </code>
      <value value="output"/>
    </parameter>
    <parameter>
      <code>
        <system value="http://hl7.org/fhir/tools/CodeSystem/ig-parameters"/>
        <code value="path-suppressed-warnings"/>
      </code>
      <value value="input/ignoreWarnings.txt"/>
    </parameter>
    <parameter>
      <code>
        <system value="http://hl7.org/fhir/tools/CodeSystem/ig-parameters"/>
        <code value="template-html"/>
      </code>
      <value value="template-page.html"/>
    </parameter>
    <parameter>
      <code>
        <system value="http://hl7.org/fhir/tools/CodeSystem/ig-parameters"/>
        <code value="template-md"/>
      </code>
      <value value="template-page-md.html"/>
    </parameter>
    <parameter>
      <code>
        <system value="http://hl7.org/fhir/tools/CodeSystem/ig-parameters"/>
        <code value="apply-contact"/>
      </code>
      <value value="true"/>
    </parameter>
    <parameter>
      <code>
        <system value="http://hl7.org/fhir/tools/CodeSystem/ig-parameters"/>
        <code value="apply-context"/>
      </code>
      <value value="true"/>
    </parameter>
    <parameter>
      <code>
        <system value="http://hl7.org/fhir/tools/CodeSystem/ig-parameters"/>
        <code value="apply-copyright"/>
      </code>
      <value value="true"/>
    </parameter>
    <parameter>
      <code>
        <system value="http://hl7.org/fhir/tools/CodeSystem/ig-parameters"/>
        <code value="apply-jurisdiction"/>
      </code>
      <value value="true"/>
    </parameter>
    <parameter>
      <code>
        <system value="http://hl7.org/fhir/tools/CodeSystem/ig-parameters"/>
        <code value="apply-license"/>
      </code>
      <value value="true"/>
    </parameter>
    <parameter>
      <code>
        <system value="http://hl7.org/fhir/tools/CodeSystem/ig-parameters"/>
        <code value="apply-publisher"/>
      </code>
      <value value="true"/>
    </parameter>
    <parameter>
      <code>
        <system value="http://hl7.org/fhir/tools/CodeSystem/ig-parameters"/>
        <code value="apply-version"/>
      </code>
      <value value="true"/>
    </parameter>
    <parameter>
      <code>
        <system value="http://hl7.org/fhir/tools/CodeSystem/ig-parameters"/>
        <code value="active-tables"/>
      </code>
      <value value="true"/>
    </parameter>
    <parameter>
      <code>
        <system value="http://hl7.org/fhir/tools/CodeSystem/ig-parameters"/>
        <code value="fmm-definition"/>
      </code>
      <value value="http://hl7.org/fhir/versions.html#maturity"/>
    </parameter>
    <parameter>
      <code>
        <system value="http://hl7.org/fhir/tools/CodeSystem/ig-parameters"/>
        <code value="propagate-status"/>
      </code>
      <value value="true"/>
    </parameter>
    <parameter>
      <code>
        <system value="http://hl7.org/fhir/tools/CodeSystem/ig-parameters"/>
        <code value="excludelogbinaryformat"/>
      </code>
      <value value="true"/>
    </parameter>
    <parameter>
      <code>
        <system value="http://hl7.org/fhir/tools/CodeSystem/ig-parameters"/>
        <code value="tabbed-snapshots"/>
      </code>
      <value value="true"/>
    </parameter>
  </definition>
</ImplementationGuide>