<?xml version="1.0" encoding="UTF-8"?>

<Ingredient xmlns="http://hl7.org/fhir">
  <id value="ingredient-for-humalog-insulinlispro"/>
  <meta>
    <profile value="http://hl7.org/fhir/uv/emedicinal-product-info/StructureDefinition/Ingredient-uv-epi"/>
  </meta>
  <text>
    <status value="generated"/><div xmlns="http://www.w3.org/1999/xhtml"><p><b>Generated Narrative: Ingredient</b><a name="ingredient-for-humalog-insulinlispro"> </a></p><div style="display: inline-block; background-color: #d9e0e7; padding: 6px; margin: 4px; border: 1px solid #8da1b4; border-radius: 5px; line-height: 60%"><p style="margin-bottom: 0px">Resource Ingredient &quot;ingredient-for-humalog-insulinlispro&quot; </p><p style="margin-bottom: 0px">Profile: <a href="StructureDefinition-Ingredient-uv-epi.html">Ingredient (ePI)</a></p></div><p><b>identifier</b>: id: GFX7QIS1II (use: OFFICIAL)</p><p><b>status</b>: active</p><p><b>for</b>: </p><ul><li><a href="ManufacturedItemDefinition-mid-fa2090b7ce9bdf87e24a9d05bbb51677.html">ManufacturedItemDefinition/mid-fa2090b7ce9bdf87e24a9d05bbb51677</a></li><li><a href="MedicinalProductDefinition-mpf6b4fcaaf21ddd70f011f383780f7bf3.html">MedicinalProductDefinition/mpf6b4fcaaf21ddd70f011f383780f7bf3</a></li><li><a href="AdministrableProductDefinition-ap-fa2090b7ce9bdf87e24a9d05bbb51677.html">AdministrableProductDefinition/ap-fa2090b7ce9bdf87e24a9d05bbb51677</a></li></ul><p><b>role</b>: active <span style="background: LightGoldenRodYellow; margin: 4px; border: 1px solid khaki"> (rmswi#72072)</span></p><h3>Manufacturers</h3><table class="grid"><tr><td>-</td><td><b>Manufacturer</b></td></tr><tr><td>*</td><td><a href="Organization-org-3fdc76794516d7826890ab9f893e99c1.html">Organization/org-3fdc76794516d7826890ab9f893e99c1</a> &quot;Eli Lilly Nederland B.V.&quot;</td></tr></table><blockquote><p><b>substance</b></p><h3>Codes</h3><table class="grid"><tr><td>-</td><td><b>Concept</b></td></tr><tr><td>*</td><td>Insulin Lispro <span style="background: LightGoldenRodYellow; margin: 4px; border: 1px solid khaki"> (<a href="http://terminology.hl7.org/5.0.0/CodeSystem-UNII.html">Unique Ingredient Identifier (UNII)</a>#GFX7QIS1II)</span></td></tr></table><h3>Strengths</h3><table class="grid"><tr><td>-</td><td><b>Presentation[x]</b></td><td><b>Basis</b></td></tr><tr><td>*</td><td>100 U/ml<span style="background: LightGoldenRodYellow"> (Details: UCUM code U/ml = 'U/ml')</span></td><td>active ingredient - basis of strength <span style="background: LightGoldenRodYellow; margin: 4px; border: 1px solid khaki"> (<a href="http://terminology.hl7.org/5.0.0/CodeSystem-v3-RoleClass.html">RoleClass</a>#ACTIB)</span></td></tr></table></blockquote></div>
  </text>
  <identifier>
    <use value="official"/>
    <system value="http://fdasis.nlm.nih.gov"/>
    <value value="GFX7QIS1II"/>
  </identifier>
  <status value="active"/>
  <for>
    <reference value="ManufacturedItemDefinition/mid-fa2090b7ce9bdf87e24a9d05bbb51677"/>
  </for>
  <for>
    <reference value="MedicinalProductDefinition/mpf6b4fcaaf21ddd70f011f383780f7bf3"/>
  </for>
  <for>
    <reference value="AdministrableProductDefinition/ap-fa2090b7ce9bdf87e24a9d05bbb51677"/>
  </for>
  <role>
    <coding>
      <system value="https://spor.ema.europa.eu/rmswi"/>
      <code value="72072"/>
      <display value="active"/>
    </coding>
  </role>
  <manufacturer>
    <manufacturer>
      <reference value="Organization/org-3fdc76794516d7826890ab9f893e99c1"/>
    </manufacturer>
  </manufacturer>
  <substance>
    <code>
      <concept>
        <coding>
          <system value="http://fdasis.nlm.nih.gov"/>
          <code value="GFX7QIS1II"/>
          <display value="Insulin Lispro"/>
        </coding>
      </concept>
    </code>
    <strength>
      <presentationQuantity>
        <value value="100"/>
        <system value="http://unitsofmeasure.org"/>
        <code value="U/ml"/>
      </presentationQuantity>
      <basis>
        <coding>
          <system value="http://terminology.hl7.org/CodeSystem/v3-RoleClass"/>
          <code value="ACTIB"/>
          <display value="active ingredient - basis of strength"/>
        </coding>
      </basis>
    </strength>
  </substance>
</Ingredient>