<?xml version="1.0" encoding="UTF-8"?>

<Ingredient xmlns="http://hl7.org/fhir">
  <id value="ingredient-for-mirtazapine-lactosemonohydrate"/>
  <meta>
    <profile value="http://hl7.org/fhir/uv/emedicinal-product-info/StructureDefinition/Ingredient-uv-epi"/>
  </meta>
  <text>
    <status value="generated"/><div xmlns="http://www.w3.org/1999/xhtml"><p><b>Generated Narrative: Ingredient</b><a name="ingredient-for-mirtazapine-lactosemonohydrate"> </a></p><div style="display: inline-block; background-color: #d9e0e7; padding: 6px; margin: 4px; border: 1px solid #8da1b4; border-radius: 5px; line-height: 60%"><p style="margin-bottom: 0px">Resource Ingredient &quot;ingredient-for-mirtazapine-lactosemonohydrate&quot; </p><p style="margin-bottom: 0px">Profile: <a href="StructureDefinition-Ingredient-uv-epi.html">Ingredient (ePI)</a></p></div><p><b>identifier</b>: id: EWQ57Q8I5X (use: OFFICIAL)</p><p><b>status</b>: active</p><p><b>for</b>: </p><ul><li><a href="ManufacturedItemDefinition-mid-e762a2f54b0b24fca4744b1bb7524a5b.html">ManufacturedItemDefinition/mid-e762a2f54b0b24fca4744b1bb7524a5b</a></li><li><a href="MedicinalProductDefinition-mp817d49420419b04e8145f2f4031392d3.html">MedicinalProductDefinition/mp817d49420419b04e8145f2f4031392d3</a></li><li><a href="AdministrableProductDefinition-ap-e762a2f54b0b24fca4744b1bb7524a5b.html">AdministrableProductDefinition/ap-e762a2f54b0b24fca4744b1bb7524a5b</a></li></ul><p><b>role</b>: Excipient <span style="background: LightGoldenRodYellow; margin: 4px; border: 1px solid khaki"> (rmswi#100000072082)</span></p><h3>Manufacturers</h3><table class="grid"><tr><td>-</td><td><b>Manufacturer</b></td></tr><tr><td>*</td><td><a href="Organization-org-dbf32c7ed470ffbeb6060201f32edb29.html">Organization/org-dbf32c7ed470ffbeb6060201f32edb29</a> &quot;LABORATORIOS CINFA, S.A.&quot;</td></tr></table><blockquote><p><b>substance</b></p><h3>Codes</h3><table class="grid"><tr><td>-</td><td><b>Concept</b></td></tr><tr><td>*</td><td>LACTOSE MONOHYDRATE <span style="background: LightGoldenRodYellow; margin: 4px; border: 1px solid khaki"> (<a href="http://terminology.hl7.org/5.0.0/CodeSystem-UNII.html">Unique Ingredient Identifier (UNII)</a>#EWQ57Q8I5X)</span></td></tr></table></blockquote></div>
  </text>
  <identifier>
    <use value="official"/>
    <system value="http://fdasis.nlm.nih.gov"/>
    <value value="EWQ57Q8I5X"/>
  </identifier>
  <status value="active"/>
  <for>
    <reference value="ManufacturedItemDefinition/mid-e762a2f54b0b24fca4744b1bb7524a5b"/>
  </for>
  <for>
    <reference value="MedicinalProductDefinition/mp817d49420419b04e8145f2f4031392d3"/>
  </for>
  <for>
    <reference value="AdministrableProductDefinition/ap-e762a2f54b0b24fca4744b1bb7524a5b"/>
  </for>
  <role>
    <coding>
      <system value="https://spor.ema.europa.eu/rmswi"/>
      <code value="100000072082"/>
      <display value="Excipient"/>
    </coding>
  </role>
  <manufacturer>
    <manufacturer>
      <reference value="Organization/org-dbf32c7ed470ffbeb6060201f32edb29"/>
    </manufacturer>
  </manufacturer>
  <substance>
    <code>
      <concept>
        <coding>
          <system value="http://fdasis.nlm.nih.gov"/>
          <code value="EWQ57Q8I5X"/>
          <display value="LACTOSE MONOHYDRATE"/>
        </coding>
      </concept>
    </code>
  </substance>
</Ingredient>