<?xml version="1.0" encoding="UTF-8"?>

<Ingredient xmlns="http://hl7.org/fhir">
  <id value="ingredient-for-karvea-microcrystallinecellulose"/>
  <meta>
    <profile value="http://hl7.org/fhir/uv/emedicinal-product-info/StructureDefinition/Ingredient-uv-epi"/>
  </meta>
  <text>
    <status value="generated"/><div xmlns="http://www.w3.org/1999/xhtml"><p><b>Generated Narrative: Ingredient</b><a name="ingredient-for-karvea-microcrystallinecellulose"> </a></p><div style="display: inline-block; background-color: #d9e0e7; padding: 6px; margin: 4px; border: 1px solid #8da1b4; border-radius: 5px; line-height: 60%"><p style="margin-bottom: 0px">Resource Ingredient &quot;ingredient-for-karvea-microcrystallinecellulose&quot; </p><p style="margin-bottom: 0px">Profile: <a href="StructureDefinition-Ingredient-uv-epi.html">Ingredient (ePI)</a></p></div><p><b>identifier</b>: id: OP1R32D61U (use: OFFICIAL)</p><p><b>status</b>: active</p><p><b>for</b>: </p><ul><li><a href="ManufacturedItemDefinition-mid-dcaa4d32aa6658a8df831551503e52ee.html">ManufacturedItemDefinition/mid-dcaa4d32aa6658a8df831551503e52ee</a></li><li><a href="MedicinalProductDefinition-mpa2bd0171a7654dc24f7eb7e9338e1acc.html">MedicinalProductDefinition/mpa2bd0171a7654dc24f7eb7e9338e1acc</a></li><li><a href="AdministrableProductDefinition-ap-dcaa4d32aa6658a8df831551503e52ee.html">AdministrableProductDefinition/ap-dcaa4d32aa6658a8df831551503e52ee</a></li></ul><p><b>role</b>: Excipient <span style="background: LightGoldenRodYellow; margin: 4px; border: 1px solid khaki"> (rmswi#100000072082)</span></p><h3>Manufacturers</h3><table class="grid"><tr><td>-</td><td><b>Manufacturer</b></td></tr><tr><td>*</td><td><a href="Organization-org-fe4fee458a4f24fccb770d311350f67c.html">Organization/org-fe4fee458a4f24fccb770d311350f67c</a> &quot;Sanofi-Aventis Groupe&quot;</td></tr></table><blockquote><p><b>substance</b></p><h3>Codes</h3><table class="grid"><tr><td>-</td><td><b>Concept</b></td></tr><tr><td>*</td><td>Microcrystalline cellulose <span style="background: LightGoldenRodYellow; margin: 4px; border: 1px solid khaki"> (<a href="http://terminology.hl7.org/5.0.0/CodeSystem-UNII.html">Unique Ingredient Identifier (UNII)</a>#OP1R32D61U)</span></td></tr></table></blockquote></div>
  </text>
  <identifier>
    <use value="official"/>
    <system value="http://fdasis.nlm.nih.gov"/>
    <value value="OP1R32D61U"/>
  </identifier>
  <status value="active"/>
  <for>
    <reference value="ManufacturedItemDefinition/mid-dcaa4d32aa6658a8df831551503e52ee"/>
  </for>
  <for>
    <reference value="MedicinalProductDefinition/mpa2bd0171a7654dc24f7eb7e9338e1acc"/>
  </for>
  <for>
    <reference value="AdministrableProductDefinition/ap-dcaa4d32aa6658a8df831551503e52ee"/>
  </for>
  <role>
    <coding>
      <system value="https://spor.ema.europa.eu/rmswi"/>
      <code value="100000072082"/>
      <display value="Excipient"/>
    </coding>
  </role>
  <manufacturer>
    <manufacturer>
      <reference value="Organization/org-fe4fee458a4f24fccb770d311350f67c"/>
    </manufacturer>
  </manufacturer>
  <substance>
    <code>
      <concept>
        <coding>
          <system value="http://fdasis.nlm.nih.gov"/>
          <code value="OP1R32D61U"/>
          <display value="Microcrystalline cellulose"/>
        </coding>
      </concept>
    </code>
  </substance>
</Ingredient>