<?xml version="1.0" encoding="UTF-8"?>

<ManufacturedItemDefinition xmlns="http://hl7.org/fhir">
  <id value="4478e098-80bb-481a-ac3f-24c64014fff9"/>
  <meta>
    <profile value="http://hl7.org/fhir/uv/emedicinal-product-info/StructureDefinition/ManufacturedItemDefinition-uv-epi"/>
  </meta>
  <text>
    <status value="generated"/><div xmlns="http://www.w3.org/1999/xhtml"><p><b>Generated Narrative: ManufacturedItemDefinition</b><a name="4478e098-80bb-481a-ac3f-24c64014fff9"> </a></p><div style="display: inline-block; background-color: #d9e0e7; padding: 6px; margin: 4px; border: 1px solid #8da1b4; border-radius: 5px; line-height: 60%"><p style="margin-bottom: 0px">Resource ManufacturedItemDefinition &quot;4478e098-80bb-481a-ac3f-24c64014fff9&quot; </p><p style="margin-bottom: 0px">Profile: <a href="StructureDefinition-ManufacturedItemDefinition-uv-epi.html">ManufacturedItemDefinition (ePI)</a></p></div><p><b>identifier</b>: id: EU/1/96/007/035 (use: OFFICIAL)</p><p><b>status</b>: active</p><p><b>manufacturedDoseForm</b>: Suspension for injection <span style="background: LightGoldenRodYellow; margin: 4px; border: 1px solid khaki"> (#100000073864)</span></p><p><b>unitOfPresentation</b>: Pen <span style="background: LightGoldenRodYellow; margin: 4px; border: 1px solid khaki"> (rmswi#200000002135)</span></p><p><b>manufacturer</b>: <a href="Organization-631e8d02-c540-41d6-963e-8fcf2acb7a13.html">Organization/631e8d02-c540-41d6-963e-8fcf2acb7a13</a> &quot;Eli Lilly Nederland B.V.&quot;</p></div>
  </text>
  <identifier>
    <use value="official"/>
    <system value="https://spor.ema.europa.eu/pmswi/#/"/>
    <value value="EU/1/96/007/035"/>
  </identifier>
  <status value="active"/>
  <manufacturedDoseForm>
    <coding>
      <system value="https://spor.ema.europa.eu/rmswi/"/>
      <code value="100000073864"/>
      <display value="Suspension for injection"/>
    </coding>
  </manufacturedDoseForm>
  <unitOfPresentation>
    <coding>
      <system value="https://spor.ema.europa.eu/rmswi"/>
      <code value="200000002135"/>
      <display value="Pen"/>
    </coding>
  </unitOfPresentation>
  <manufacturer>
    <reference value="Organization/631e8d02-c540-41d6-963e-8fcf2acb7a13"/>
  </manufacturer>
</ManufacturedItemDefinition>