<?xml version="1.0" encoding="UTF-8"?>

<ManufacturedItemDefinition xmlns="http://hl7.org/fhir">
  <id value="36cace03-0f87-4e5a-8c93-4ae9cbdb0c76"/>
  <meta>
    <profile value="http://hl7.org/fhir/uv/emedicinal-product-info/StructureDefinition/ManufacturedItemDefinition-uv-epi"/>
  </meta>
  <text>
    <status value="generated"/><div xmlns="http://www.w3.org/1999/xhtml"><p><b>Generated Narrative: ManufacturedItemDefinition</b><a name="36cace03-0f87-4e5a-8c93-4ae9cbdb0c76"> </a></p><div style="display: inline-block; background-color: #d9e0e7; padding: 6px; margin: 4px; border: 1px solid #8da1b4; border-radius: 5px; line-height: 60%"><p style="margin-bottom: 0px">Resource ManufacturedItemDefinition &quot;36cace03-0f87-4e5a-8c93-4ae9cbdb0c76&quot; </p><p style="margin-bottom: 0px">Profile: <a href="StructureDefinition-ManufacturedItemDefinition-uv-epi.html">ManufacturedItemDefinition (ePI)</a></p></div><p><b>identifier</b>: id: EU/1/96/007/035 (use: OFFICIAL)</p><p><b>status</b>: active</p><p><b>manufacturedDoseForm</b>: Prolonged-release tablet <span style="background: LightGoldenRodYellow; margin: 4px; border: 1px solid khaki"> (#10226000)</span></p><p><b>unitOfPresentation</b>: Tablet <span style="background: LightGoldenRodYellow; margin: 4px; border: 1px solid khaki"> (rmswi#200000002152)</span></p><p><b>manufacturer</b>: <a href="Organization-cbad4846-33b0-4e0f-ab68-09edb4e57ff4.html">Organization/cbad4846-33b0-4e0f-ab68-09edb4e57ff4</a> &quot;FERRING S.A.U.&quot;</p></div>
  </text>
  <identifier>
    <use value="official"/>
    <system value="https://spor.ema.europa.eu/pmswi/#/"/>
    <value value="EU/1/96/007/035"/>
  </identifier>
  <status value="active"/>
  <manufacturedDoseForm>
    <coding>
      <system value="https://spor.ema.europa.eu/rmswi/"/>
      <code value="10226000"/>
      <display value="Prolonged-release tablet"/>
    </coding>
  </manufacturedDoseForm>
  <unitOfPresentation>
    <coding>
      <system value="https://spor.ema.europa.eu/rmswi"/>
      <code value="200000002152"/>
      <display value="Tablet"/>
    </coding>
  </unitOfPresentation>
  <manufacturer>
    <reference value="Organization/cbad4846-33b0-4e0f-ab68-09edb4e57ff4"/>
  </manufacturer>
</ManufacturedItemDefinition>