<?xml version="1.0" encoding="UTF-8"?>

<ManufacturedItemDefinition xmlns="http://hl7.org/fhir">
  <id value="0c8100d9-2901-4d2b-aaa6-0e9c6f0079d8"/>
  <meta>
    <profile value="http://hl7.org/fhir/uv/vulcan-eproduct-info/StructureDefinition/ManufacturedItemDefinition-uv-epi"/>
  </meta>
  <text>
    <status value="generated"/><div xmlns="http://www.w3.org/1999/xhtml"><p><b>Generated Narrative: ManufacturedItemDefinition</b><a name="0c8100d9-2901-4d2b-aaa6-0e9c6f0079d8"> </a></p><div style="display: inline-block; background-color: #d9e0e7; padding: 6px; margin: 4px; border: 1px solid #8da1b4; border-radius: 5px; line-height: 60%"><p style="margin-bottom: 0px">Resource ManufacturedItemDefinition &quot;0c8100d9-2901-4d2b-aaa6-0e9c6f0079d8&quot; </p><p style="margin-bottom: 0px">Profile: <a href="StructureDefinition-ManufacturedItemDefinition-uv-epi.html">ManufacturedItemDefinition (ePI)</a></p></div><p><b>identifier</b>: id: EU/1/16/1157/003 (use: OFFICIAL)</p><p><b>status</b>: active</p><p><b>manufacturedDoseForm</b>: Solution <span style="background: LightGoldenRodYellow; margin: 4px; border: 1px solid khaki"> (#200000002007)</span></p><p><b>unitOfPresentation</b>: Pen <span style="background: LightGoldenRodYellow; margin: 4px; border: 1px solid khaki"> (rmswi#200000002135)</span></p><p><b>manufacturer</b>: <a href="Organization-cb740756-c762-43ae-8e7a-d296e4d447a7.html">Organization/cb740756-c762-43ae-8e7a-d296e4d447a7</a> &quot;Sanofi-Aventis Deutschland GmbH&quot;</p></div>
  </text>
  <identifier>
    <use value="official"/>
    <system value="https://spor.ema.europa.eu/pmswi/#/"/>
    <value value="EU/1/16/1157/003"/>
  </identifier>
  <status value="active"/>
  <manufacturedDoseForm>
    <coding>
      <system value="https://spor.ema.europa.eu/rmswi/"/>
      <code value="200000002007"/>
      <display value="Solution"/>
    </coding>
  </manufacturedDoseForm>
  <unitOfPresentation>
    <coding>
      <system value="https://spor.ema.europa.eu/rmswi"/>
      <code value="200000002135"/>
      <display value="Pen"/>
    </coding>
  </unitOfPresentation>
  <manufacturer>
    <reference value="Organization/cb740756-c762-43ae-8e7a-d296e4d447a7"/>
  </manufacturer>
</ManufacturedItemDefinition>