<?xml version="1.0" encoding="UTF-8"?>

<MedicinalProductDefinition xmlns="http://hl7.org/fhir">
  <id value="cfsb1665505991728"/>
  <text>
    <status value="generated"/><div xmlns="http://www.w3.org/1999/xhtml"><p><b>Generated Narrative: MedicinalProductDefinition</b><a name="cfsb1665505991728"> </a></p><div style="display: inline-block; background-color: #d9e0e7; padding: 6px; margin: 4px; border: 1px solid #8da1b4; border-radius: 5px; line-height: 60%"><p style="margin-bottom: 0px">Resource MedicinalProductDefinition &quot;cfsb1665505991728&quot; </p></div><p><b>identifier</b>: id: 11102022</p><p><b>type</b>: Medicinal Product <span style="background: LightGoldenRodYellow; margin: 4px; border: 1px solid khaki"> (<a href="http://hl7.org/fhir/5.0.0-snapshot3/codesystem-medicinal-product-type.html">MedicinalProductType</a>#MedicinalProduct)</span></p><p><b>domain</b>: Human use <span style="background: LightGoldenRodYellow; margin: 4px; border: 1px solid khaki"> (<a href="http://hl7.org/fhir/5.0.0-snapshot3/codesystem-medicinal-product-domain.html">MedicinalProductDomain</a>#Human)</span></p><p><b>status</b>: Active <span style="background: LightGoldenRodYellow; margin: 4px; border: 1px solid khaki"> (<a href="http://hl7.org/fhir/5.0.0-snapshot3/codesystem-publication-status.html">PublicationStatus</a>#active)</span></p><p><b>legalStatusOfSupply</b>: Medicinal product subject to medical prescription <span style="background: LightGoldenRodYellow; margin: 4px; border: 1px solid khaki"> (rmswi#100000072084)</span></p><blockquote><p><b>name</b></p><p><b>productName</b>: Biktarvy 50 mg/200 mg/25 mg film-coated tablets</p><p><b>type</b>: Full name <span style="background: LightGoldenRodYellow; margin: 4px; border: 1px solid khaki"> (rmswi#220000000001)</span></p><blockquote><p><b>part</b></p><p><b>part</b>: Biktarvy</p><p><b>type</b>: Invented name part <span style="background: LightGoldenRodYellow; margin: 4px; border: 1px solid khaki"> (rmswi#220000000002)</span></p></blockquote><blockquote><p><b>part</b></p><p><b>part</b>: bictegravir/emtricitabine/tenofovir alafenamide</p><p><b>type</b>: Scientific name part <span style="background: LightGoldenRodYellow; margin: 4px; border: 1px solid khaki"> (rmswi#220000000003)</span></p></blockquote><blockquote><p><b>part</b></p><p><b>part</b>: 50 mg/200 mg/25 mg</p><p><b>type</b>: Strength part <span style="background: LightGoldenRodYellow; margin: 4px; border: 1px solid khaki"> (rmswi#220000000004)</span></p></blockquote><blockquote><p><b>part</b></p><p><b>part</b>: film-coated tablets</p><p><b>type</b>: Pharmaceutical dose form part <span style="background: LightGoldenRodYellow; margin: 4px; border: 1px solid khaki"> (rmswi#220000000005)</span></p></blockquote><h3>Usages</h3><table class="grid"><tr><td>-</td><td><b>Country</b></td><td><b>Jurisdiction</b></td><td><b>Language</b></td></tr><tr><td>*</td><td>European Union <span style="background: LightGoldenRodYellow; margin: 4px; border: 1px solid khaki"> (<a href="http://terminology.hl7.org/5.0.0/CodeSystem-ISO3166Part1.html">ISO 3166-1 Codes for the representation of names of countries and their subdivisions — Part 1: Country code</a>#eu)</span></td><td>European Union <span style="background: LightGoldenRodYellow; margin: 4px; border: 1px solid khaki"> (<a href="http://terminology.hl7.org/5.0.0/CodeSystem-ISO3166Part1.html">ISO 3166-1 Codes for the representation of names of countries and their subdivisions — Part 1: Country code</a>#eu)</span></td><td>English <span style="background: LightGoldenRodYellow; margin: 4px; border: 1px solid khaki"> (<a href="http://terminology.hl7.org/5.0.0/CodeSystem-v3-ietf3066.html">Tags for the Identification of Languages</a>#en)</span></td></tr></table></blockquote></div>
  </text>
  <identifier>
    <system value="$spor-prod"/>
    <value value="11102022"/>
  </identifier>
  <type>
    <coding>
      <system value="http://hl7.org/fhir/medicinal-product-type"/>
      <code value="MedicinalProduct"/>
      <display value="Medicinal Product"/>
    </coding>
  </type>
  <domain>
    <coding>
      <system value="http://hl7.org/fhir/medicinal-product-domain"/>
      <code value="Human"/>
    </coding>
    <text value="Human use"/>
  </domain>
  <status>
    <coding>
      <system value="http://hl7.org/fhir/publication-status"/>
      <code value="active"/>
      <display value="Active"/>
    </coding>
  </status>
  <legalStatusOfSupply>
    <coding>
      <system value="https://spor.ema.europa.eu/rmswi"/>
      <code value="100000072084"/>
    </coding>
    <text value="Medicinal product subject to medical prescription"/>
  </legalStatusOfSupply>
  <name>
    <productName value="Biktarvy 50 mg/200 mg/25 mg film-coated tablets"/>
    <type>
      <coding>
        <system value="https://spor.ema.europa.eu/rmswi"/>
        <code value="220000000001"/>
        <display value="Full name"/>
      </coding>
    </type>
    <part>
      <part value="Biktarvy"/>
      <type>
        <coding>
          <system value="https://spor.ema.europa.eu/rmswi"/>
          <code value="220000000002"/>
          <display value="Invented name part"/>
        </coding>
      </type>
    </part>
    <part>
      <part value="bictegravir/emtricitabine/tenofovir alafenamide"/>
      <type>
        <coding>
          <system value="https://spor.ema.europa.eu/rmswi"/>
          <code value="220000000003"/>
          <display value="Scientific name part"/>
        </coding>
      </type>
    </part>
    <part>
      <part value="50 mg/200 mg/25 mg"/>
      <type>
        <coding>
          <system value="https://spor.ema.europa.eu/rmswi"/>
          <code value="220000000004"/>
          <display value="Strength part"/>
        </coding>
      </type>
    </part>
    <part>
      <part value="film-coated tablets"/>
      <type>
        <coding>
          <system value="https://spor.ema.europa.eu/rmswi"/>
          <code value="220000000005"/>
          <display value="Pharmaceutical dose form part"/>
        </coding>
      </type>
    </part>
    <usage>
      <country>
        <coding>
          <system value="urn:iso:std:iso:3166"/>
          <code value="eu"/>
          <display value="European Union"/>
        </coding>
      </country>
      <jurisdiction>
        <coding>
          <system value="urn:iso:std:iso:3166"/>
          <code value="eu"/>
          <display value="European Union"/>
        </coding>
      </jurisdiction>
      <language>
        <coding>
          <system value="urn:ietf:bcp:47"/>
          <code value="en"/>
          <display value="English"/>
        </coding>
      </language>
    </usage>
  </name>
</MedicinalProductDefinition>