<?xml version="1.0" encoding="UTF-8"?>

<Organization xmlns="http://hl7.org/fhir">
  <id value="1115f2ae-4569-4aab-8f1d-a48a2f91511c"/>
  <meta>
    <profile value="http://hl7.org/fhir/uv/emedicinal-product-info/StructureDefinition/Organization-uv-epi"/>
  </meta>
  <text>
    <status value="generated"/><div xmlns="http://www.w3.org/1999/xhtml"><p><b>Generated Narrative: Organization</b><a name="1115f2ae-4569-4aab-8f1d-a48a2f91511c"> </a></p><div style="display: inline-block; background-color: #d9e0e7; padding: 6px; margin: 4px; border: 1px solid #8da1b4; border-radius: 5px; line-height: 60%"><p style="margin-bottom: 0px">Resource Organization &quot;1115f2ae-4569-4aab-8f1d-a48a2f91511c&quot; </p><p style="margin-bottom: 0px">Profile: <a href="StructureDefinition-Organization-uv-epi.html">Organization (ePI)</a></p></div><p><b>identifier</b>: id: ORG-100003791 (use: OFFICIAL)</p><p><b>active</b>: true</p><p><b>type</b>: Marketing authorisation holder <span style="background: LightGoldenRodYellow; margin: 4px; border: 1px solid khaki"> (rmswi#220000000034)</span></p><p><b>name</b>: LABORATORIOS CINFA, S.A.</p><h3>Contacts</h3><table class="grid"><tr><td>-</td><td><b>Address</b></td></tr><tr><td>*</td><td>Carretera Olaz-Chipi, 10. Polígono Industrial Areta Huarte ES(WORK)</td></tr></table></div>
  </text>
  <identifier>
    <use value="official"/>
    <system value="https://spor.ema.europa.eu/omswi"/>
    <value value="ORG-100003791"/>
  </identifier>
  <active value="true"/>
  <type>
    <coding>
      <system value="https://spor.ema.europa.eu/rmswi"/>
      <code value="220000000034"/>
      <display value="Marketing authorisation holder"/>
    </coding>
    <text value="Marketing authorisation holder"/>
  </type>
  <name value="LABORATORIOS CINFA, S.A."/>
  <contact>
    <address>
      <use value="work"/>
      <type value="physical"/>
      <text value="Carretera Olaz-Chipi, 10. Polígono Industrial Areta Huarte ES"/>
      <line value="Carretera Olaz-Chipi, 10. Polígono Industrial Areta"/>
      <city value="Huarte"/>
      <postalCode value="31620"/>
      <country value="ES"/>
    </address>
  </contact>
</Organization>