<?xml version="1.0" encoding="UTF-8"?>

<Organization xmlns="http://hl7.org/fhir">
  <id value="cfsb1667579389819"/>
  <text>
    <status value="generated"/><div xmlns="http://www.w3.org/1999/xhtml"><p><b>Generated Narrative: Organization</b><a name="cfsb1667579389819"> </a></p><div style="display: inline-block; background-color: #d9e0e7; padding: 6px; margin: 4px; border: 1px solid #8da1b4; border-radius: 5px; line-height: 60%"><p style="margin-bottom: 0px">Resource Organization &quot;cfsb1667579389819&quot; </p></div><p><b>identifier</b>: id: ORG-100004711 (use: OFFICIAL)</p><p><b>active</b>: true</p><p><b>type</b>: Marketing authorisation holder <span style="background: LightGoldenRodYellow; margin: 4px; border: 1px solid khaki"> (rmswi#220000000034)</span></p><p><b>name</b>: Laboratorios Vicks S.L.</p><h3>Contacts</h3><table class="grid"><tr><td>-</td><td><b>Address</b></td></tr><tr><td>*</td><td>Avenida De Bruselas 24(WORK)</td></tr></table></div>
  </text>
  <identifier>
    <use value="official"/>
    <system value="https://spor.ema.europa.eu/omswi"/>
    <value value="ORG-100004711"/>
  </identifier>
  <active value="true"/>
  <type>
    <coding>
      <system value="https://spor.ema.europa.eu/rmswi"/>
      <code value="220000000034"/>
      <display value="Marketing authorisation holder"/>
    </coding>
    <text value="Marketing authorisation holder"/>
  </type>
  <name value="Laboratorios Vicks S.L."/>
  <contact>
    <address>
      <use value="work"/>
      <type value="physical"/>
      <text value="Avenida De Bruselas 24"/>
      <line value="Avenida De Bruselas 24"/>
      <city value="Alcobendas"/>
      <country value="ES"/>
    </address>
  </contact>
</Organization>