<?xml version="1.0" encoding="UTF-8"?>

<Organization xmlns="http://hl7.org/fhir">
  <id value="af8eadb6-8f58-40a9-9c39-c369824fb09e"/>
  <meta>
    <profile value="http://hl7.org/fhir/uv/emedicinal-product-info/StructureDefinition/Organization-uv-epi"/>
  </meta>
  <text>
    <status value="generated"/><div xmlns="http://www.w3.org/1999/xhtml"><p><b>Generated Narrative: Organization</b><a name="af8eadb6-8f58-40a9-9c39-c369824fb09e"> </a></p><div style="display: inline-block; background-color: #d9e0e7; padding: 6px; margin: 4px; border: 1px solid #8da1b4; border-radius: 5px; line-height: 60%"><p style="margin-bottom: 0px">Resource Organization &quot;af8eadb6-8f58-40a9-9c39-c369824fb09e&quot; </p><p style="margin-bottom: 0px">Profile: <a href="StructureDefinition-Organization-uv-epi.html">Organization (ePI)</a></p></div><p><b>identifier</b>: id: ORG-100000621 (use: OFFICIAL)</p><p><b>active</b>: true</p><p><b>type</b>: Marketing authorisation holder <span style="background: LightGoldenRodYellow; margin: 4px; border: 1px solid khaki"> (rmswi#220000000034)</span></p><p><b>name</b>: FERRING S.A.U.</p><h3>Contacts</h3><table class="grid"><tr><td>-</td><td><b>Address</b></td></tr><tr><td>*</td><td>C/ del Arquitecto Sánchez Arcas nº 3, 1º Madrid ES(WORK)</td></tr></table></div>
  </text>
  <identifier>
    <use value="official"/>
    <system value="https://spor.ema.europa.eu/omswi"/>
    <value value="ORG-100000621"/>
  </identifier>
  <active value="true"/>
  <type>
    <coding>
      <system value="https://spor.ema.europa.eu/rmswi"/>
      <code value="220000000034"/>
      <display value="Marketing authorisation holder"/>
    </coding>
    <text value="Marketing authorisation holder"/>
  </type>
  <name value="FERRING S.A.U."/>
  <contact>
    <address>
      <use value="work"/>
      <type value="physical"/>
      <text value="C/ del Arquitecto Sánchez Arcas nº 3, 1º Madrid ES"/>
      <line value="C/ del Arquitecto Sánchez Arcas nº 3, 1º"/>
      <city value="Madrid"/>
      <postalCode value="28040"/>
      <country value="ES"/>
    </address>
  </contact>
</Organization>