<?xml version="1.0" encoding="UTF-8"?>

<Organization xmlns="http://hl7.org/fhir">
  <id value="b3db62de-c2f5-4541-8303-285dc36c4d64"/>
  <meta>
    <profile value="http://hl7.org/fhir/uv/emedicinal-product-info/StructureDefinition/Organization-uv-epi"/>
  </meta>
  <text>
    <status value="generated"/><div xmlns="http://www.w3.org/1999/xhtml"><p><b>Generated Narrative: Organization</b><a name="b3db62de-c2f5-4541-8303-285dc36c4d64"> </a></p><div style="display: inline-block; background-color: #d9e0e7; padding: 6px; margin: 4px; border: 1px solid #8da1b4; border-radius: 5px; line-height: 60%"><p style="margin-bottom: 0px">Resource Organization &quot;b3db62de-c2f5-4541-8303-285dc36c4d64&quot; </p><p style="margin-bottom: 0px">Profile: <a href="StructureDefinition-Organization-uv-epi.html">Organization (ePI)</a></p></div><p><b>identifier</b>: id: ORG-100000156 (use: OFFICIAL)</p><p><b>active</b>: true</p><p><b>type</b>: Manufacturer API <span style="background: LightGoldenRodYellow; margin: 4px; border: 1px solid khaki"> (rmswi#220000000033)</span></p><p><b>name</b>: Eli Lilly and Company</p><h3>Contacts</h3><table class="grid"><tr><td>-</td><td><b>Address</b></td></tr><tr><td>*</td><td>Lilly Technology Center Building 333 and 324, Indianapolis, Indiana, USA Indianapolis US(WORK)</td></tr></table></div>
  </text>
  <identifier>
    <use value="official"/>
    <system value="https://spor.ema.europa.eu/omswi"/>
    <value value="ORG-100000156"/>
  </identifier>
  <active value="true"/>
  <type>
    <coding>
      <system value="https://spor.ema.europa.eu/rmswi"/>
      <code value="220000000033"/>
      <display value="Manufacturer API"/>
    </coding>
    <text value="Manufacturer API"/>
  </type>
  <name value="Eli Lilly and Company"/>
  <contact>
    <address>
      <use value="work"/>
      <type value="physical"/>
      <text value="Lilly Technology Center Building 333 and 324, Indianapolis, Indiana, USA Indianapolis US"/>
      <line value="Lilly Technology Center Building 333 and 324, Indianapolis, Indiana, USA"/>
      <city value="Indianapolis"/>
      <country value="US"/>
    </address>
  </contact>
</Organization>