<?xml version="1.0" encoding="UTF-8"?>

<PackagedProductDefinition xmlns="http://hl7.org/fhir">
  <id value="5295ac38-cb12-45ae-a6cd-e212eba0223b"/>
  <meta>
    <profile value="http://hl7.org/fhir/uv/emedicinal-product-info/StructureDefinition/PackagedProductDefinition-uv-epi"/>
  </meta>
  <text>
    <status value="generated"/><div xmlns="http://www.w3.org/1999/xhtml"><p><b>Generated Narrative: PackagedProductDefinition</b><a name="5295ac38-cb12-45ae-a6cd-e212eba0223b"> </a></p><div style="display: inline-block; background-color: #d9e0e7; padding: 6px; margin: 4px; border: 1px solid #8da1b4; border-radius: 5px; line-height: 60%"><p style="margin-bottom: 0px">Resource PackagedProductDefinition &quot;5295ac38-cb12-45ae-a6cd-e212eba0223b&quot; </p><p style="margin-bottom: 0px">Profile: <a href="StructureDefinition-PackagedProductDefinition-uv-epi.html">PackagedProductDefinition (ePI)</a></p></div><p><b>identifier</b>: id: EU/1/16/1157/002 (use: OFFICIAL)</p><p><b>name</b>: 3 ml cartridge (glass) in a pre-filled pen</p><p><b>type</b>: Chemical Medicinal Prodcut <span style="background: LightGoldenRodYellow; margin: 4px; border: 1px solid khaki"> (rmswi#100000155527)</span></p><p><b>packageFor</b>: <a href="MedicinalProductDefinition-5d78ea38-eec3-41d7-9a6a-a36d598ace02.html">MedicinalProductDefinition/5d78ea38-eec3-41d7-9a6a-a36d598ace02</a></p><p><b>status</b>: Active <span style="background: LightGoldenRodYellow; margin: 4px; border: 1px solid khaki"> (<a href="http://hl7.org/fhir/5.0.0-snapshot3/codesystem-publication-status.html">PublicationStatus</a>#active)</span></p><p><b>statusDate</b>: 2015-02-07 13:28:17+0000</p><p><b>containedItemQuantity</b>: 3 ml<span style="background: LightGoldenRodYellow"> (Details: UCUM code ml = 'ml')</span></p><p><b>description</b>: Type I colourless glass cartridge with a black plunger (bromobutyl rubber) and a flanged cap (aluminium) with inserted laminated sealing disks (bromobutyl rubber on the medicinal product side and polyisoprene on the outside) containing 3 ml of solution. Each cartridge is assembled into a disposable pen.</p><p><b>copackagedIndicator</b>: false</p><p><b>manufacturer</b>: <a href="Organization-b0d995c9-e718-4999-a391-db76ac25dce5.html">Organization/b0d995c9-e718-4999-a391-db76ac25dce5</a> &quot;Sanofi-Aventis Groupe&quot;</p><h3>Packagings</h3><table class="grid"><tr><td>-</td><td><b>Identifier</b></td><td><b>Type</b></td><td><b>Quantity</b></td><td><b>Material</b></td></tr><tr><td>*</td><td>id: EU/1/16/1157/002</td><td>Pre-filled pen <span style="background: LightGoldenRodYellow; margin: 4px; border: 1px solid khaki"> (rmswi#100000073543)</span></td><td>5</td><td>Glass type 1 <span style="background: LightGoldenRodYellow; margin: 4px; border: 1px solid khaki"> (rmswi#200000003204)</span></td></tr></table></div>
  </text>
  <identifier>
    <use value="official"/>
    <system value="https://spor.ema.europa.eu/pmswi"/>
    <value value="EU/1/16/1157/002"/>
  </identifier>
  <name value="3 ml cartridge (glass) in a pre-filled pen"/>
  <type>
    <coding>
      <system value="https://spor.ema.europa.eu/rmswi"/>
      <code value="100000155527"/>
      <display value="Chemical Medicinal Prodcut"/>
    </coding>
  </type>
  <packageFor>
    <reference value="MedicinalProductDefinition/5d78ea38-eec3-41d7-9a6a-a36d598ace02"/>
  </packageFor>
  <status>
    <coding>
      <system value="http://hl7.org/fhir/publication-status"/>
      <code value="active"/>
      <display value="Active"/>
    </coding>
  </status>
  <statusDate value="2015-02-07T13:28:17Z"/>
  <containedItemQuantity>
    <value value="3"/>
    <system value="http://unitsofmeasure.org"/>
    <code value="ml"/>
  </containedItemQuantity>
  <description value="Type I colourless glass cartridge with a black plunger (bromobutyl rubber) and a flanged cap (aluminium) with inserted laminated sealing disks (bromobutyl rubber on the medicinal product side and polyisoprene on the outside) containing 3 ml of solution. Each cartridge is assembled into a disposable pen."/>
  <copackagedIndicator value="false"/>
  <manufacturer>
    <reference value="Organization/b0d995c9-e718-4999-a391-db76ac25dce5"/>
  </manufacturer>
  <packaging>
    <identifier>
      <system value="https://spor.ema.europa.eu/pmswi"/>
      <value value="EU/1/16/1157/002"/>
    </identifier>
    <type>
      <coding>
        <system value="https://spor.ema.europa.eu/rmswi"/>
        <code value="100000073543"/>
        <display value="Pre-filled pen"/>
      </coding>
    </type>
    <quantity value="5"/>
    <material>
      <coding>
        <system value="https://spor.ema.europa.eu/rmswi"/>
        <code value="200000003204"/>
        <display value="Glass type 1"/>
      </coding>
    </material>
  </packaging>
</PackagedProductDefinition>