<?xml version="1.0" encoding="UTF-8"?>

<PackagedProductDefinition xmlns="http://hl7.org/fhir">
  <id value="c8d43dc8-7c6c-436a-a8f0-1f5ed4b879a0"/>
  <meta>
    <profile value="http://hl7.org/fhir/uv/emedicinal-product-info/StructureDefinition/PackagedProductDefinition-uv-epi"/>
  </meta>
  <text>
    <status value="generated"/><div xmlns="http://www.w3.org/1999/xhtml"><p><b>Generated Narrative: PackagedProductDefinition</b><a name="c8d43dc8-7c6c-436a-a8f0-1f5ed4b879a0"> </a></p><div style="display: inline-block; background-color: #d9e0e7; padding: 6px; margin: 4px; border: 1px solid #8da1b4; border-radius: 5px; line-height: 60%"><p style="margin-bottom: 0px">Resource PackagedProductDefinition &quot;c8d43dc8-7c6c-436a-a8f0-1f5ed4b879a0&quot; </p><p style="margin-bottom: 0px">Profile: <a href="StructureDefinition-PackagedProductDefinition-uv-epi.html">PackagedProductDefinition (ePI)</a></p></div><p><b>identifier</b>: id: nan (use: OFFICIAL)</p><p><b>name</b>: Humira 20 mg solution for injection in pre-filled syringe 2 pre-filled syringes + 2 alcohol pads</p><p><b>type</b>: 100000155527 <span style="background: LightGoldenRodYellow; margin: 4px; border: 1px solid khaki"> (rmswi#100000155527)</span></p><p><b>packageFor</b>: <a href="MedicinalProductDefinition-3da3d2f7-5e9f-4ff3-a86a-e5c756c53b04.html">MedicinalProductDefinition/3da3d2f7-5e9f-4ff3-a86a-e5c756c53b04</a></p><p><b>status</b>: active <span style="background: LightGoldenRodYellow; margin: 4px; border: 1px solid khaki"> ([not stated]#active)</span></p><p><b>statusDate</b>: 2008-09-08</p><p><b>containedItemQuantity</b>: 20 mg<span style="background: LightGoldenRodYellow"> (Details: UCUM code mg = 'mg')</span></p><p><b>copackagedIndicator</b>: true</p><p><b>manufacturer</b>: <a href="Organization-c25563d0-7a0d-4cfc-8717-b575da737ab3.html">Organization/c25563d0-7a0d-4cfc-8717-b575da737ab3</a> &quot;AbbVie Deutschland GmbH Co. KG&quot;</p><blockquote><p><b>packaging</b></p><p><b>identifier</b>: id: xxxx</p><p><b>type</b>: 100000073498 <span style="background: LightGoldenRodYellow; margin: 4px; border: 1px solid khaki"> (rmswi#100000073498)</span></p><p><b>quantity</b>: 1</p><p><b>material</b>: Cardboard <span style="background: LightGoldenRodYellow; margin: 4px; border: 1px solid khaki"> (rmswi#200000003529)</span></p><h3>Packagings</h3><table class="grid"><tr><td>-</td><td><b>Type</b></td><td><b>Quantity</b></td><td><b>Material</b></td></tr><tr><td>*</td><td>Pre-filled syringe <span style="background: LightGoldenRodYellow; margin: 4px; border: 1px solid khaki"> (rmswi#30051000)</span></td><td>2</td><td>Glass type I <span style="background: LightGoldenRodYellow; margin: 4px; border: 1px solid khaki"> (rmswi#200000003204)</span></td></tr></table></blockquote></div>
  </text>
  <identifier>
    <use value="official"/>
    <system value="https://spor.ema.europa.eu/pmswi"/>
    <value value="nan"/>
  </identifier>
  <name value="Humira 20 mg solution for injection in pre-filled syringe 2 pre-filled syringes + 2 alcohol pads"/>
  <type>
    <coding>
      <system value="https://spor.ema.europa.eu/rmswi"/>
      <code value="100000155527"/>
    </coding>
  </type>
  <packageFor>
    <reference value="MedicinalProductDefinition/3da3d2f7-5e9f-4ff3-a86a-e5c756c53b04"/>
  </packageFor>
  <status>
    <coding>
      <code value="active"/>
    </coding>
  </status>
  <statusDate value="2008-09-08"/>
  <containedItemQuantity>
    <value value="20"/>
    <system value="http://unitsofmeasure.org"/>
    <code value="mg"/>
  </containedItemQuantity>
  <copackagedIndicator value="true"/>
  <manufacturer>
    <reference value="Organization/c25563d0-7a0d-4cfc-8717-b575da737ab3"/>
  </manufacturer>
  <packaging>
    <identifier>
      <system value="https://spor.ema.europa.eu/pmswi"/>
      <value value="xxxx"/>
    </identifier>
    <type>
      <coding>
        <system value="https://spor.ema.europa.eu/rmswi"/>
        <code value="100000073498"/>
        <display value="100000073498"/>
      </coding>
    </type>
    <quantity value="1"/>
    <material>
      <coding>
        <system value="https://spor.ema.europa.eu/rmswi"/>
        <code value="200000003529"/>
        <display value="Cardboard"/>
      </coding>
    </material>
    <packaging>
      <type>
        <coding>
          <system value="https://spor.ema.europa.eu/rmswi"/>
          <code value="30051000"/>
          <display value="Pre-filled syringe"/>
        </coding>
      </type>
      <quantity value="2"/>
      <material>
        <coding>
          <system value="https://spor.ema.europa.eu/rmswi"/>
          <code value="200000003204"/>
          <display value="Glass type I"/>
        </coding>
      </material>
    </packaging>
  </packaging>
</PackagedProductDefinition>