<?xml version="1.0" encoding="UTF-8"?>

<RegulatedAuthorization xmlns="http://hl7.org/fhir">
  <id value="6025c7f1-df31-463b-b3b9-de97ed0787ff"/>
  <meta>
    <profile value="http://hl7.org/fhir/uv/emedicinal-product-info/StructureDefinition/RegulatedAuthorization-uv-epi"/>
  </meta>
  <text>
    <status value="generated"/><div xmlns="http://www.w3.org/1999/xhtml"><p><b>Generated Narrative: RegulatedAuthorization</b><a name="6025c7f1-df31-463b-b3b9-de97ed0787ff"> </a></p><div style="display: inline-block; background-color: #d9e0e7; padding: 6px; margin: 4px; border: 1px solid #8da1b4; border-radius: 5px; line-height: 60%"><p style="margin-bottom: 0px">Resource RegulatedAuthorization &quot;6025c7f1-df31-463b-b3b9-de97ed0787ff&quot; </p><p style="margin-bottom: 0px">Profile: <a href="StructureDefinition-RegulatedAuthorization-uv-epi.html">RegulatedAuthorization (ePI)</a></p></div><p><b>identifier</b>: id: EU/1/03/256/022 (use: OFFICIAL)</p><p><b>subject</b>: <a href="MedicinalProductDefinition-e08788c9-1403-4d0e-9e5f-fef66bb88d2e.html">MedicinalProductDefinition/e08788c9-1403-4d0e-9e5f-fef66bb88d2e</a></p><p><b>type</b>: Marketing Authorisation <span style="background: LightGoldenRodYellow; margin: 4px; border: 1px solid khaki"> (rmswi#100000072062)</span></p><p><b>region</b>: European Union <span style="background: LightGoldenRodYellow; margin: 4px; border: 1px solid khaki"> (<a href="http://terminology.hl7.org/5.0.0/CodeSystem-ISO3166Part1.html">ISO 3166-1 Codes for the representation of names of countries and their subdivisions — Part 1: Country code</a>#EU)</span></p><p><b>status</b>: Active <span style="background: LightGoldenRodYellow; margin: 4px; border: 1px solid khaki"> (<a href="http://build.fhir.org/codesystem-publication-status.html">PublicationStatus</a>#active)</span></p><p><b>statusDate</b>: 2008-09-08</p><p><b>holder</b>: <a href="Organization-93c7f694-718b-48c9-bf22-06029bb40679.html">Organization/93c7f694-718b-48c9-bf22-06029bb40679</a> &quot;AbbVie Deutschland GmbH Co. KG&quot;</p></div>
  </text>
  <identifier>
    <use value="official"/>
    <system value="https://spor.ema.europa.eu/pmswi"/>
    <value value="EU/1/03/256/022"/>
  </identifier>
  <subject>
    <reference value="MedicinalProductDefinition/e08788c9-1403-4d0e-9e5f-fef66bb88d2e"/>
  </subject>
  <type>
    <coding>
      <system value="https://spor.ema.europa.eu/rmswi"/>
      <code value="100000072062"/>
      <display value="Marketing Authorisation"/>
    </coding>
  </type>
  <region>
    <coding>
      <system value="urn:iso:std:iso:3166"/>
      <code value="EU"/>
      <display value="European Union"/>
    </coding>
  </region>
  <status>
    <coding>
      <system value="http://hl7.org/fhir/publication-status"/>
      <code value="active"/>
      <display value="Active"/>
    </coding>
  </status>
  <statusDate value="2008-09-08"/>
  <holder>
    <reference value="Organization/93c7f694-718b-48c9-bf22-06029bb40679"/>
  </holder>
</RegulatedAuthorization>