<?xml version="1.0" encoding="UTF-8"?>

<RegulatedAuthorization xmlns="http://hl7.org/fhir">
  <id value="authorizationdcaa4d32aa6658a8df831551503e52ee"/>
  <meta>
    <profile value="http://hl7.org/fhir/uv/emedicinal-product-info/StructureDefinition/RegulatedAuthorization-uv-epi"/>
  </meta>
  <text>
    <status value="generated"/><div xmlns="http://www.w3.org/1999/xhtml"><p><b>Generated Narrative: RegulatedAuthorization</b><a name="authorizationdcaa4d32aa6658a8df831551503e52ee"> </a></p><div style="display: inline-block; background-color: #d9e0e7; padding: 6px; margin: 4px; border: 1px solid #8da1b4; border-radius: 5px; line-height: 60%"><p style="margin-bottom: 0px">Resource RegulatedAuthorization &quot;authorizationdcaa4d32aa6658a8df831551503e52ee&quot; </p><p style="margin-bottom: 0px">Profile: <a href="StructureDefinition-RegulatedAuthorization-uv-epi.html">RegulatedAuthorization (ePI)</a></p></div><p><b>identifier</b>: id: EU/1/96/007/035 (use: OFFICIAL)</p><p><b>subject</b>: <a href="MedicinalProductDefinition-mpa2bd0171a7654dc24f7eb7e9338e1acc.html">MedicinalProductDefinition/mpa2bd0171a7654dc24f7eb7e9338e1acc</a></p><p><b>type</b>: Marketing Authorisation <span style="background: LightGoldenRodYellow; margin: 4px; border: 1px solid khaki"> (rmswi#100000072062)</span></p><p><b>region</b>: Denmark <span style="background: LightGoldenRodYellow; margin: 4px; border: 1px solid khaki"> (<a href="http://terminology.hl7.org/5.0.0/CodeSystem-ISO3166Part1.html">ISO 3166-1 Codes for the representation of names of countries and their subdivisions — Part 1: Country code</a>#DK)</span></p><p><b>status</b>: Active <span style="background: LightGoldenRodYellow; margin: 4px; border: 1px solid khaki"> (<a href="http://hl7.org/fhir/R5/codesystem-publication-status.html">PublicationStatus</a>#active)</span></p><p><b>statusDate</b>: 2015-02-07 13:28:17+0000</p><p><b>holder</b>: <a href="Organization-org-fe4fee458a4f24fccb770d311350f67c.html">Organization/org-fe4fee458a4f24fccb770d311350f67c</a> &quot;Sanofi-Aventis Groupe&quot;</p></div>
  </text>
  <identifier>
    <use value="official"/>
    <system value="https://spor.ema.europa.eu/pmswi"/>
    <value value="EU/1/96/007/035"/>
  </identifier>
  <subject>
    <reference value="MedicinalProductDefinition/mpa2bd0171a7654dc24f7eb7e9338e1acc"/>
  </subject>
  <type>
    <coding>
      <system value="https://spor.ema.europa.eu/rmswi"/>
      <code value="100000072062"/>
      <display value="Marketing Authorisation"/>
    </coding>
  </type>
  <region>
    <coding>
      <system value="urn:iso:std:iso:3166"/>
      <code value="DK"/>
      <display value="Denmark"/>
    </coding>
  </region>
  <status>
    <coding>
      <system value="http://hl7.org/fhir/publication-status"/>
      <code value="active"/>
      <display value="Active"/>
    </coding>
  </status>
  <statusDate value="2015-02-07T13:28:17Z"/>
  <holder>
    <reference value="Organization/org-fe4fee458a4f24fccb770d311350f67c"/>
  </holder>
</RegulatedAuthorization>