<?xml version="1.0" encoding="UTF-8"?>

<SubstanceDefinition xmlns="http://hl7.org/fhir">
  <id value="b2f3f32e-6920-47d3-ae9d-a606e4bd55de"/>
  <meta>
    <profile value="http://hl7.org/fhir/uv/emedicinal-product-info/StructureDefinition/SubstanceDefinition-uv-epi"/>
  </meta>
  <text>
    <status value="generated"/><div xmlns="http://www.w3.org/1999/xhtml"><p><b>Generated Narrative: SubstanceDefinition</b><a name="b2f3f32e-6920-47d3-ae9d-a606e4bd55de"> </a></p><div style="display: inline-block; background-color: #d9e0e7; padding: 6px; margin: 4px; border: 1px solid #8da1b4; border-radius: 5px; line-height: 60%"><p style="margin-bottom: 0px">Resource SubstanceDefinition &quot;b2f3f32e-6920-47d3-ae9d-a606e4bd55de&quot; </p><p style="margin-bottom: 0px">Profile: <a href="StructureDefinition-SubstanceDefinition-uv-epi.html">SubstanceDefinition (ePI)</a></p></div><p><b>identifier</b>: id: 4Q81I59GXC (use: OFFICIAL)</p><p><b>version</b>: 1</p><p><b>status</b>: Validated (UNII) <span style="background: LightGoldenRodYellow; margin: 4px; border: 1px solid khaki"> (#1)</span></p><p><b>description</b>: nan</p><p><b>manufacturer</b>: <a href="Organization-af8eadb6-8f58-40a9-9c39-c369824fb09e.html">Organization/af8eadb6-8f58-40a9-9c39-c369824fb09e</a> &quot;FERRING S.A.U.&quot;</p><h3>MolecularWeights</h3><table class="grid"><tr><td>-</td><td><b>Type</b></td><td><b>Amount</b></td></tr><tr><td>*</td><td>exact <span style="background: LightGoldenRodYellow; margin: 4px; border: 1px solid khaki"> ()</span></td><td>153.14</td></tr></table><h3>Structures</h3><table class="grid"><tr><td>-</td><td><b>MolecularFormula</b></td></tr><tr><td>*</td><td>C7H7NO3</td></tr></table><h3>Names</h3><table class="grid"><tr><td>-</td><td><b>Name</b></td><td><b>Type</b></td></tr><tr><td>*</td><td>5-AMINO-2-HYDROXYBENZOIC ACID</td><td>Chemical Name <span style="background: LightGoldenRodYellow; margin: 4px; border: 1px solid khaki"> (#x)</span></td></tr></table></div>
  </text>
  <identifier>
    <use value="official"/>
    <system value="https://gsrs.ncats.nih.gov/ginas/app/beta/"/>
    <value value="4Q81I59GXC"/>
  </identifier>
  <version value="1"/>
  <status>
    <coding>
      <system value="https://gsrs.ncats.nih.gov/ginas/app/beta/"/>
      <code value="1"/>
      <display value="Validated (UNII)"/>
    </coding>
  </status>
  <description value="nan"/>
  <manufacturer>
    <reference value="Organization/af8eadb6-8f58-40a9-9c39-c369824fb09e"/>
  </manufacturer>
  <molecularWeight>
    <type>
      <text value="exact"/>
    </type>
    <amount>
      <value value="153.14"/>
    </amount>
  </molecularWeight>
  <structure>
    <molecularFormula value="C7H7NO3"/>
  </structure>
  <name>
    <name value="5-AMINO-2-HYDROXYBENZOIC ACID"/>
    <type>
      <coding>
        <system value="https://gsrs.ncats.nih.gov/ginas/app/beta/"/>
        <code value="x"/>
        <display value="Chemical Name"/>
      </coding>
    </type>
  </name>
</SubstanceDefinition>