<?xml version="1.0" encoding="UTF-8"?>

<SubstanceDefinition xmlns="http://hl7.org/fhir">
  <id value="ec097245-1843-4113-801f-d8c3574ab7e3"/>
  <meta>
    <profile value="http://hl7.org/fhir/uv/emedicinal-product-info/StructureDefinition/SubstanceDefinition-uv-epi"/>
  </meta>
  <text>
    <status value="generated"/><div xmlns="http://www.w3.org/1999/xhtml"><p><b>Generated Narrative: SubstanceDefinition</b><a name="ec097245-1843-4113-801f-d8c3574ab7e3"> </a></p><div style="display: inline-block; background-color: #d9e0e7; padding: 6px; margin: 4px; border: 1px solid #8da1b4; border-radius: 5px; line-height: 60%"><p style="margin-bottom: 0px">Resource SubstanceDefinition &quot;ec097245-1843-4113-801f-d8c3574ab7e3&quot; </p><p style="margin-bottom: 0px">Profile: <a href="StructureDefinition-SubstanceDefinition-uv-epi.html">SubstanceDefinition (ePI)</a></p></div><p><b>identifier</b>: id: R8I97I2L24 (use: OFFICIAL)</p><p><b>version</b>: 1</p><p><b>status</b>: Validated (UNII) <span style="background: LightGoldenRodYellow; margin: 4px; border: 1px solid khaki"> (#1)</span></p><p><b>description</b>: nan</p><p><b>manufacturer</b>: <a href="Organization-9743e79b-32f2-4340-9f29-2f1995c4a147.html">Organization/9743e79b-32f2-4340-9f29-2f1995c4a147</a> &quot;Lacer, S.A. - Boters, 5&quot;</p><h3>MolecularWeights</h3><table class="grid"><tr><td>-</td><td><b>Type</b></td><td><b>Amount</b></td></tr><tr><td>*</td><td>exact <span style="background: LightGoldenRodYellow; margin: 4px; border: 1px solid khaki"> ()</span></td><td>402.49</td></tr></table><h3>Structures</h3><table class="grid"><tr><td>-</td><td><b>MolecularFormula</b></td></tr><tr><td>*</td><td>C21H30N4O4</td></tr></table><h3>Names</h3><table class="grid"><tr><td>-</td><td><b>Name</b></td><td><b>Type</b></td></tr><tr><td>*</td><td>4-amino-N-{1-[(cyclohex-3-en-1-yl)methyl]piperidin-4-yl}-2-ethoxy-5-nitrobenzamide</td><td>Chemical Name <span style="background: LightGoldenRodYellow; margin: 4px; border: 1px solid khaki"> (#x)</span></td></tr></table></div>
  </text>
  <identifier>
    <use value="official"/>
    <system value="https://gsrs.ncats.nih.gov/ginas/app/beta/"/>
    <value value="R8I97I2L24"/>
  </identifier>
  <version value="1"/>
  <status>
    <coding>
      <system value="https://gsrs.ncats.nih.gov/ginas/app/beta/"/>
      <code value="1"/>
      <display value="Validated (UNII)"/>
    </coding>
  </status>
  <description value="nan"/>
  <manufacturer>
    <reference value="Organization/9743e79b-32f2-4340-9f29-2f1995c4a147"/>
  </manufacturer>
  <molecularWeight>
    <type>
      <text value="exact"/>
    </type>
    <amount>
      <value value="402.49"/>
    </amount>
  </molecularWeight>
  <structure>
    <molecularFormula value="C21H30N4O4"/>
  </structure>
  <name>
    <name value="4-amino-N-{1-[(cyclohex-3-en-1-yl)methyl]piperidin-4-yl}-2-ethoxy-5-nitrobenzamide"/>
    <type>
      <coding>
        <system value="https://gsrs.ncats.nih.gov/ginas/app/beta/"/>
        <code value="x"/>
        <display value="Chemical Name"/>
      </coding>
    </type>
  </name>
</SubstanceDefinition>