<?xml version="1.0" encoding="UTF-8"?>

<ValueSet xmlns="http://hl7.org/fhir">
  <id value="RegulatedAuthorizationTypeIdSystems"/>
  <text>
    <status value="generated"/><div xmlns="http://www.w3.org/1999/xhtml"><ul><li>Include these codes as defined in <code>urn:ietf:rfc:3986</code><table class="none"><tr><td style="white-space:nowrap"><b>Code</b></td><td><b>Display</b></td></tr><tr><td>https://spor.ema.europa.eu/pmswi</td><td>SPOR Product (EU)</td></tr></table></li></ul></div>
  </text>
  <url value="http://hl7.org/fhir/uv/vulcan-eproduct-info/ValueSet/RegulatedAuthorizationTypeIdSystems"/>
  <version value="1.0.0-Ballot"/>
  <name value="VsRegulatedAuthorizationTypeIdSystems"/>
  <title value="Regulated Authorization Type identifier systems"/>
  <status value="active"/>
  <experimental value="false"/>
  <date value="2022-11-28T11:42:39+00:00"/>
  <contact>
    <name value="HL7 BR&amp;R"/>
    <telecom>
      <system value="url"/>
      <value value="http://hl7.org/Special/committees/"/>
    </telecom>
  </contact>
  <description value="Regulated Authorization Type Identifier systems (uri)"/>
  <jurisdiction>
    <coding>
      <system value="http://unstats.un.org/unsd/methods/m49/m49.htm"/>
      <code value="001"/>
      <display value="World"/>
    </coding>
  </jurisdiction>
  <compose>
    <include>
      <system value="urn:ietf:rfc:3986"/>
      <concept>
        <code value="https://spor.ema.europa.eu/pmswi"/>
        <display value="SPOR Product (EU)"/>
      </concept>
    </include>
  </compose>
</ValueSet>