<?xml version="1.0" encoding="UTF-8"?>

<ValueSet xmlns="http://hl7.org/fhir">
  <id value="VsRegulatedAuthorization"/>
  <text>
    <status value="generated"/><div xmlns="http://www.w3.org/1999/xhtml"><ul><li>Include all codes defined in <code>https://spor.ema.europa.eu/pmswi</code></li></ul></div>
  </text>
  <url value="http://hl7.org/fhir/uv/vulcan-eproduct-info/ValueSet/VsRegulatedAuthorization"/>
  <version value="1.0.0-Ballot"/>
  <name value="VsRegulatedAuthorization"/>
  <title value="Type of Regulated Authorization"/>
  <status value="active"/>
  <experimental value="false"/>
  <date value="2022-11-26T17:48:47+00:00"/>
  <contact>
    <name value="HL7 BR&amp;R"/>
    <telecom>
      <system value="url"/>
      <value value="http://hl7.org/Special/committees/"/>
    </telecom>
  </contact>
  <description value="Type of Regulated Authorization"/>
  <jurisdiction>
    <coding>
      <system value="http://unstats.un.org/unsd/methods/m49/m49.htm"/>
      <code value="001"/>
      <display value="World"/>
    </coding>
  </jurisdiction>
  <compose>
    <include>
      <system value="https://spor.ema.europa.eu/pmswi"/>
    </include>
  </compose>
</ValueSet>