<?xml version="1.0" encoding="UTF-8"?>

<ValueSet xmlns="http://hl7.org/fhir">
  <id value="regulatoryActivityType"/>
  <text>
    <status value="generated"/><div xmlns="http://www.w3.org/1999/xhtml"><ul><li>Include these codes as defined in <code>urn:ietf:rfc:3986</code><table class="none"><tr><td style="white-space:nowrap"><b>Code</b></td><td><b>Display</b></td></tr><tr><td>https://placeholder.com</td><td/></tr></table></li></ul></div>
  </text>
  <url value="http://hl7.org/fhir/uv/vulcan-eproduct-info/ValueSet/regulatoryActivityType"/>
  <version value="1.0.0-Ballot"/>
  <name value="VsRegulatoryActivityType"/>
  <title value="Regulatory Activity Type"/>
  <status value="active"/>
  <experimental value="false"/>
  <date value="2022-11-28T11:36:40+00:00"/>
  <contact>
    <name value="HL7 BR&amp;R"/>
    <telecom>
      <system value="url"/>
      <value value="http://hl7.org/Special/committees/"/>
    </telecom>
  </contact>
  <description value="Regulatory Activity Type; e.g., MAA"/>
  <jurisdiction>
    <coding>
      <system value="http://unstats.un.org/unsd/methods/m49/m49.htm"/>
      <code value="001"/>
      <display value="World"/>
    </coding>
  </jurisdiction>
  <compose>
    <include>
      <system value="urn:ietf:rfc:3986"/>
      <concept>
        <code value="https://placeholder.com"/>
      </concept>
    </include>
  </compose>
</ValueSet>