<?xml version="1.0" encoding="UTF-8"?>

<ValueSet xmlns="http://hl7.org/fhir">
  <id value="meddra"/>
  <text>
    <status value="generated"/><div xmlns="http://www.w3.org/1999/xhtml"><ul><li>Include all codes defined in <a href="http://terminology.hl7.org/5.0.0/CodeSystem-mdr.html"><code>http://terminology.hl7.org/CodeSystem/mdr</code></a></li></ul></div>
  </text>
  <url value="http://hl7.org/fhir/uv/emedicinal-product-info/ValueSet/meddra"/>
  <version value="1.0.0-ballot"/>
  <name value="VsMeddra"/>
  <title value="MedDRA Terms for clinical diseases and symptoms"/>
  <status value="active"/>
  <experimental value="false"/>
  <date value="2022-12-22T16:01:13+00:00"/>
  <contact>
    <name value="HL7 BR&amp;R"/>
    <telecom>
      <system value="url"/>
      <value value="http://www.hl7.org/Special/committees/rcrim"/>
    </telecom>
  </contact>
  <description value="MedDRA Terms for clinical diseases and symptoms"/>
  <jurisdiction>
    <coding>
      <system value="http://unstats.un.org/unsd/methods/m49/m49.htm"/>
      <code value="001"/>
      <display value="World"/>
    </coding>
  </jurisdiction>
  <compose>
    <include>
      <system value="http://terminology.hl7.org/CodeSystem/mdr"/>
    </include>
  </compose>
</ValueSet>