<?xml version="1.0" encoding="UTF-8"?>

<MedicinalProductDefinition xmlns="http://hl7.org/fhir">
  <id value="mpf97db27e6330f77484eb8425ad2913cd"/>
  <meta>
    <profile value="http://hl7.org/fhir/uv/emedicinal-product-info/StructureDefinition/MedicinalProductDefinition-uv-epi"/>
  </meta>
  <text>
    <status value="generated"/><div xmlns="http://www.w3.org/1999/xhtml"><p><b>Generated Narrative: MedicinalProductDefinition</b><a name="mpf97db27e6330f77484eb8425ad2913cd"> </a></p><div style="display: inline-block; background-color: #d9e0e7; padding: 6px; margin: 4px; border: 1px solid #8da1b4; border-radius: 5px; line-height: 60%"><p style="margin-bottom: 0px">Resource MedicinalProductDefinition &quot;mpf97db27e6330f77484eb8425ad2913cd&quot; </p><p style="margin-bottom: 0px">Profile: <a href="StructureDefinition-MedicinalProductDefinition-uv-epi.html">MedicinalProductDefinition (ePI)</a></p></div><p><b>identifier</b>: id: EU/1/03/256/022, id: 0x9982CA8A825D4561506CE808982E3B9E</p><p><b>type</b>: Medicinal Product <span style="background: LightGoldenRodYellow; margin: 4px; border: 1px solid khaki"> (<a href="http://hl7.org/fhir/R5/codesystem-medicinal-product-type.html">Medicinal Product Type</a>#MedicinalProduct)</span></p><p><b>domain</b>: Human use <span style="background: LightGoldenRodYellow; margin: 4px; border: 1px solid khaki"> (<a href="http://hl7.org/fhir/R5/codesystem-medicinal-product-domain.html">Medicinal Product Domain</a>#Human)</span></p><p><b>status</b>: active <span style="background: LightGoldenRodYellow; margin: 4px; border: 1px solid khaki"> (<a href="http://hl7.org/fhir/R5/codesystem-publication-status.html">PublicationStatus</a>#active)</span></p><p><b>legalStatusOfSupply</b>: Medicinal product subject to medical prescription <span style="background: LightGoldenRodYellow; margin: 4px; border: 1px solid khaki"> (rmswi#100000000000)</span></p><blockquote><p><b>name</b></p><p><b>productName</b>: Humira 40 mg Solution for injection Subcutaneous use pre-filled syringe (glass)</p><p><b>type</b>: Full name <span style="background: LightGoldenRodYellow; margin: 4px; border: 1px solid khaki"> (220000000000#220000000001)</span></p><blockquote><p><b>part</b></p><p><b>part</b>: Humira</p><p><b>type</b>: Invented name part <span style="background: LightGoldenRodYellow; margin: 4px; border: 1px solid khaki"> (220000000000#220000000002)</span></p></blockquote><blockquote><p><b>part</b></p><p><b>part</b>: Adalimumab</p><p><b>type</b>: Scientific name part <span style="background: LightGoldenRodYellow; margin: 4px; border: 1px solid khaki"> (220000000000#220000000003)</span></p></blockquote><blockquote><p><b>part</b></p><p><b>part</b>: 20 mg</p><p><b>type</b>: Strength part <span style="background: LightGoldenRodYellow; margin: 4px; border: 1px solid khaki"> (220000000000#220000000004)</span></p></blockquote><blockquote><p><b>part</b></p><p><b>part</b>: Solution for injection</p><p><b>type</b>: Pharmaceutical dose form part <span style="background: LightGoldenRodYellow; margin: 4px; border: 1px solid khaki"> (220000000000#220000000005)</span></p></blockquote><h3>Usages</h3><table class="grid"><tr><td>-</td><td><b>Country</b></td><td><b>Jurisdiction</b></td><td><b>Language</b></td></tr><tr><td>*</td><td>Spain <span style="background: LightGoldenRodYellow; margin: 4px; border: 1px solid khaki"> (<a href="http://terminology.hl7.org/5.0.0/CodeSystem-ISO3166Part1.html">ISO 3166-1 Codes for the representation of names of countries and their subdivisions — Part 1: Country code</a>#ES)</span></td><td>Spain <span style="background: LightGoldenRodYellow; margin: 4px; border: 1px solid khaki"> (<a href="http://terminology.hl7.org/5.0.0/CodeSystem-ISO3166Part1.html">ISO 3166-1 Codes for the representation of names of countries and their subdivisions — Part 1: Country code</a>#ES)</span></td><td>English <span style="background: LightGoldenRodYellow; margin: 4px; border: 1px solid khaki"> (<a href="http://terminology.hl7.org/5.0.0/CodeSystem-v3-ietf3066.html">Tags for the Identification of Languages</a>#en)</span></td></tr></table></blockquote></div>
  </text>
  <identifier>
    <system value="https://spor.ema.europa.eu/pmswi"/>
    <value value="EU/1/03/256/022"/>
  </identifier>
  <identifier>
    <system value="https://www.who-umc.org/phpid"/>
    <value value="0x9982CA8A825D4561506CE808982E3B9E"/>
  </identifier>
  <type>
    <coding>
      <system value="http://hl7.org/fhir/medicinal-product-type"/>
      <code value="MedicinalProduct"/>
      <display value="Medicinal Product"/>
    </coding>
  </type>
  <domain>
    <coding>
      <system value="http://hl7.org/fhir/medicinal-product-domain"/>
      <code value="Human"/>
      <display value="Human use"/>
    </coding>
  </domain>
  <status>
    <coding>
      <system value="http://hl7.org/fhir/publication-status"/>
      <code value="active"/>
      <display value="active"/>
    </coding>
  </status>
  <legalStatusOfSupply>
    <coding>
      <system value="https://spor.ema.europa.eu/rmswi"/>
      <code value="100000000000"/>
      <display value="Medicinal product subject to medical prescription"/>
    </coding>
  </legalStatusOfSupply>
  <name>
    <productName value="Humira 40 mg Solution for injection Subcutaneous use pre-filled syringe (glass)"/>
    <type>
      <coding>
        <system value="https://spor.ema.europa.eu/lists/220000000000"/>
        <code value="220000000001"/>
      </coding>
      <text value="Full name"/>
    </type>
    <part>
      <part value="Humira"/>
      <type>
        <coding>
          <system value="https://spor.ema.europa.eu/lists/220000000000"/>
          <code value="220000000002"/>
        </coding>
        <text value="Invented name part"/>
      </type>
    </part>
    <part>
      <part value="Adalimumab"/>
      <type>
        <coding>
          <system value="https://spor.ema.europa.eu/lists/220000000000"/>
          <code value="220000000003"/>
        </coding>
        <text value="Scientific name part"/>
      </type>
    </part>
    <part>
      <part value="20 mg"/>
      <type>
        <coding>
          <system value="https://spor.ema.europa.eu/lists/220000000000"/>
          <code value="220000000004"/>
        </coding>
        <text value="Strength part"/>
      </type>
    </part>
    <part>
      <part value="Solution for injection"/>
      <type>
        <coding>
          <system value="https://spor.ema.europa.eu/lists/220000000000"/>
          <code value="220000000005"/>
        </coding>
        <text value="Pharmaceutical dose form part"/>
      </type>
    </part>
    <usage>
      <country>
        <coding>
          <system value="urn:iso:std:iso:3166"/>
          <code value="ES"/>
        </coding>
      </country>
      <jurisdiction>
        <coding>
          <system value="urn:iso:std:iso:3166"/>
          <code value="ES"/>
        </coding>
      </jurisdiction>
      <language>
        <coding>
          <system value="urn:ietf:bcp:47"/>
          <code value="en"/>
          <display value="English"/>
        </coding>
      </language>
    </usage>
  </name>
</MedicinalProductDefinition>