<?xml version="1.0" encoding="UTF-8"?>

<Ingredient xmlns="http://hl7.org/fhir">
  <id value="ingredient-for-calciovitaminad-saccharinsodium"/>
  <meta>
    <profile value="http://hl7.org/fhir/uv/emedicinal-product-info/StructureDefinition/Ingredient-uv-epi"/>
  </meta>
  <text>
    <status value="generated"/><div xmlns="http://www.w3.org/1999/xhtml"><p><b>Generated Narrative: Ingredient</b><a name="ingredient-for-calciovitaminad-saccharinsodium"> </a></p><div style="display: inline-block; background-color: #d9e0e7; padding: 6px; margin: 4px; border: 1px solid #8da1b4; border-radius: 5px; line-height: 60%"><p style="margin-bottom: 0px">Resource Ingredient &quot;ingredient-for-calciovitaminad-saccharinsodium&quot; </p><p style="margin-bottom: 0px">Profile: <a href="StructureDefinition-Ingredient-uv-epi.html">Ingredient (ePI)</a></p></div><p><b>identifier</b>: id: SB8ZUX40TY (use: OFFICIAL)</p><p><b>status</b>: active</p><p><b>for</b>: </p><ul><li><a href="ManufacturedItemDefinition-mid-925dad38f0afbba36223a82b3a766438.html">ManufacturedItemDefinition/mid-925dad38f0afbba36223a82b3a766438</a></li><li><a href="MedicinalProductDefinition-mpd4bcbbaec04bf6aceb2f71162205967e.html">MedicinalProductDefinition/mpd4bcbbaec04bf6aceb2f71162205967e</a></li><li><a href="AdministrableProductDefinition-ap-925dad38f0afbba36223a82b3a766438.html">AdministrableProductDefinition/ap-925dad38f0afbba36223a82b3a766438</a></li></ul><p><b>role</b>: excipient <span style="background: LightGoldenRodYellow; margin: 4px; border: 1px solid khaki"> (rmswi#100000072082)</span></p><h3>Manufacturers</h3><table class="grid"><tr><td>-</td><td><b>Manufacturer</b></td></tr><tr><td>*</td><td><a href="Organization-org-b7afabe350ac415f70e662ba6c703030.html">Organization/org-b7afabe350ac415f70e662ba6c703030</a> &quot;Laboratorios Farmacéuticos ROVI, S.A.&quot;</td></tr></table><blockquote><p><b>substance</b></p><h3>Codes</h3><table class="grid"><tr><td>-</td><td><b>Concept</b></td></tr><tr><td>*</td><td>saccharin sodium <span style="background: LightGoldenRodYellow; margin: 4px; border: 1px solid khaki"> (<a href="http://terminology.hl7.org/5.0.0/CodeSystem-UNII.html">Unique Ingredient Identifier (UNII)</a>#SB8ZUX40TY)</span></td></tr></table></blockquote></div>
  </text>
  <identifier>
    <use value="official"/>
    <system value="http://fdasis.nlm.nih.gov"/>
    <value value="SB8ZUX40TY"/>
  </identifier>
  <status value="active"/>
  <for>
    <reference value="ManufacturedItemDefinition/mid-925dad38f0afbba36223a82b3a766438"/>
  </for>
  <for>
    <reference value="MedicinalProductDefinition/mpd4bcbbaec04bf6aceb2f71162205967e"/>
  </for>
  <for>
    <reference value="AdministrableProductDefinition/ap-925dad38f0afbba36223a82b3a766438"/>
  </for>
  <role>
    <coding>
      <system value="https://spor.ema.europa.eu/rmswi"/>
      <code value="100000072082"/>
      <display value="excipient"/>
    </coding>
  </role>
  <manufacturer>
    <manufacturer>
      <reference value="Organization/org-b7afabe350ac415f70e662ba6c703030"/>
    </manufacturer>
  </manufacturer>
  <substance>
    <code>
      <concept>
        <coding>
          <system value="http://fdasis.nlm.nih.gov"/>
          <code value="SB8ZUX40TY"/>
          <display value="saccharin sodium"/>
        </coding>
      </concept>
    </code>
  </substance>
</Ingredient>