<?xml version="1.0" encoding="UTF-8"?>

<Ingredient xmlns="http://hl7.org/fhir">
  <id value="ingredient-for-paracetamol-starchpotato"/>
  <meta>
    <profile value="http://hl7.org/fhir/uv/emedicinal-product-info/StructureDefinition/Ingredient-uv-epi"/>
  </meta>
  <text>
    <status value="generated"/><div xmlns="http://www.w3.org/1999/xhtml"><p><b>Generated Narrative: Ingredient</b><a name="ingredient-for-paracetamol-starchpotato"> </a></p><div style="display: inline-block; background-color: #d9e0e7; padding: 6px; margin: 4px; border: 1px solid #8da1b4; border-radius: 5px; line-height: 60%"><p style="margin-bottom: 0px">Resource Ingredient &quot;ingredient-for-paracetamol-starchpotato&quot; </p><p style="margin-bottom: 0px">Profile: <a href="StructureDefinition-Ingredient-uv-epi.html">Ingredient (ePI)</a></p></div><p><b>identifier</b>: id: 8I089SAH3T (use: OFFICIAL)</p><p><b>status</b>: active</p><p><b>for</b>: </p><ul><li><a href="ManufacturedItemDefinition-mid-08ac066220d4d68a3933a9c94bef32ff.html">ManufacturedItemDefinition/mid-08ac066220d4d68a3933a9c94bef32ff</a></li><li><a href="MedicinalProductDefinition-mpa975b7e209ea5c4c3bf8040a42b86fbd.html">MedicinalProductDefinition/mpa975b7e209ea5c4c3bf8040a42b86fbd</a></li><li><a href="AdministrableProductDefinition-ap-08ac066220d4d68a3933a9c94bef32ff.html">AdministrableProductDefinition/ap-08ac066220d4d68a3933a9c94bef32ff</a></li></ul><p><b>role</b>: Excipient <span style="background: LightGoldenRodYellow; margin: 4px; border: 1px solid khaki"> (rmswi#100000072082)</span></p><h3>Manufacturers</h3><table class="grid"><tr><td>-</td><td><b>Manufacturer</b></td></tr><tr><td>*</td><td><a href="Organization-org-65db33d6be47a433e6e9e9c2980ea7a4.html">Organization/org-65db33d6be47a433e6e9e9c2980ea7a4</a> &quot;FERRER INTERNACIONAL, S.A.&quot;</td></tr></table><blockquote><p><b>substance</b></p><h3>Codes</h3><table class="grid"><tr><td>-</td><td><b>Concept</b></td></tr><tr><td>*</td><td>STARCH, POTATO <span style="background: LightGoldenRodYellow; margin: 4px; border: 1px solid khaki"> (<a href="http://terminology.hl7.org/5.0.0/CodeSystem-UNII.html">Unique Ingredient Identifier (UNII)</a>#8I089SAH3T)</span></td></tr></table></blockquote></div>
  </text>
  <identifier>
    <use value="official"/>
    <system value="http://fdasis.nlm.nih.gov"/>
    <value value="8I089SAH3T"/>
  </identifier>
  <status value="active"/>
  <for>
    <reference value="ManufacturedItemDefinition/mid-08ac066220d4d68a3933a9c94bef32ff"/>
  </for>
  <for>
    <reference value="MedicinalProductDefinition/mpa975b7e209ea5c4c3bf8040a42b86fbd"/>
  </for>
  <for>
    <reference value="AdministrableProductDefinition/ap-08ac066220d4d68a3933a9c94bef32ff"/>
  </for>
  <role>
    <coding>
      <system value="https://spor.ema.europa.eu/rmswi"/>
      <code value="100000072082"/>
      <display value="Excipient"/>
    </coding>
  </role>
  <manufacturer>
    <manufacturer>
      <reference value="Organization/org-65db33d6be47a433e6e9e9c2980ea7a4"/>
    </manufacturer>
  </manufacturer>
  <substance>
    <code>
      <concept>
        <coding>
          <system value="http://fdasis.nlm.nih.gov"/>
          <code value="8I089SAH3T"/>
          <display value="STARCH, POTATO"/>
        </coding>
      </concept>
    </code>
  </substance>
</Ingredient>