<?xml version="1.0" encoding="UTF-8"?>

<Organization xmlns="http://hl7.org/fhir">
  <id value="cfsb1650997423990"/>
  <text>
    <status value="generated"/><div xmlns="http://www.w3.org/1999/xhtml"><p><b>Generated Narrative: Organization</b><a name="cfsb1650997423990"> </a></p><div style="display: inline-block; background-color: #d9e0e7; padding: 6px; margin: 4px; border: 1px solid #8da1b4; border-radius: 5px; line-height: 60%"><p style="margin-bottom: 0px">Resource Organization &quot;cfsb1650997423990&quot; </p></div><p><b>identifier</b>: id: ORG-100004538 (use: OFFICIAL), id: LOC-100000153 (use: OFFICIAL)</p><p><b>active</b>: true</p><p><b>type</b>: manufacturer <span style="background: LightGoldenRodYellow; margin: 4px; border: 1px solid khaki"> (rmswi#220000000033)</span></p><p><b>name</b>: GLAXO WELLCOME, S.A.</p><h3>Contacts</h3><table class="grid"><tr><td>-</td><td><b>Address</b></td></tr><tr><td>*</td><td>Avda. Extremadura, 3(WORK)</td></tr></table></div>
  </text>
  <identifier>
    <use value="official"/>
    <system value="https://spor.ema.europa.eu/omswi"/>
    <value value="ORG-100004538"/>
  </identifier>
  <identifier>
    <use value="official"/>
    <system value="https://spor.ema.europa.eu/omswi"/>
    <value value="LOC-100000153"/>
  </identifier>
  <active value="true"/>
  <type>
    <coding>
      <system value="https://spor.ema.europa.eu/rmswi"/>
      <code value="220000000033"/>
      <display value="manufacturer"/>
    </coding>
  </type>
  <name value="GLAXO WELLCOME, S.A."/>
  <contact>
    <address>
      <use value="work"/>
      <type value="physical"/>
      <text value="Avda. Extremadura, 3"/>
      <line value="Avda. Extremadura 3, 09400 Aranda De Duero"/>
      <city value="Aranda De Duero"/>
      <country value="ES"/>
    </address>
  </contact>
</Organization>