<?xml version="1.0" encoding="UTF-8"?>

<RegulatedAuthorization xmlns="http://hl7.org/fhir">
  <id value="cfsb1665505019066"/>
  <text>
    <status value="generated"/><div xmlns="http://www.w3.org/1999/xhtml"><p><b>Generated Narrative: RegulatedAuthorization</b><a name="cfsb1665505019066"> </a></p><div style="display: inline-block; background-color: #d9e0e7; padding: 6px; margin: 4px; border: 1px solid #8da1b4; border-radius: 5px; line-height: 60%"><p style="margin-bottom: 0px">Resource RegulatedAuthorization &quot;cfsb1665505019066&quot; </p></div><p><b>identifier</b>: id: EU/1/18/1289/001 (use: OFFICIAL)</p><p><b>type</b>: Marketing Authorisation <span style="background: LightGoldenRodYellow; margin: 4px; border: 1px solid khaki"> (rmswi#100000072062)</span></p><p><b>region</b>: European Union <span style="background: LightGoldenRodYellow; margin: 4px; border: 1px solid khaki"> (<a href="http://terminology.hl7.org/5.0.0/CodeSystem-ISO3166Part1.html">ISO 3166-1 Codes for the representation of names of countries and their subdivisions — Part 1: Country code</a>#eu)</span></p><p><b>status</b>: Active <span style="background: LightGoldenRodYellow; margin: 4px; border: 1px solid khaki"> (<a href="http://hl7.org/fhir/R5/codesystem-publication-status.html">PublicationStatus</a>#active)</span></p><p><b>statusDate</b>: 2018-06-21 13:28:17+0000</p><p><b>holder</b>: <a href="Organization-cfsb1665505132093.html">Organization/cfsb1665505132093</a> &quot;Gilead Sciences Ireland UC&quot;</p><p><b>regulator</b>: <a href="Organization-cfsb1665505181936.html">Organization/cfsb1665505181936</a> &quot;European Medicines Agency&quot;</p></div>
  </text>
  <identifier>
    <use value="official"/>
    <system value="$spor-prod"/>
    <value value="EU/1/18/1289/001"/>
  </identifier>
  <type>
    <coding>
      <system value="https://spor.ema.europa.eu/rmswi"/>
      <code value="100000072062"/>
    </coding>
    <text value="Marketing Authorisation"/>
  </type>
  <region>
    <coding>
      <system value="urn:iso:std:iso:3166"/>
      <code value="eu"/>
    </coding>
    <text value="European Union"/>
  </region>
  <status>
    <coding>
      <system value="http://hl7.org/fhir/publication-status"/>
      <code value="active"/>
    </coding>
    <text value="Active"/>
  </status>
  <statusDate value="2018-06-21T13:28:17Z"/>
  <holder>
    <reference value="Organization/cfsb1665505132093"/>
  </holder>
  <regulator>
    <reference value="Organization/cfsb1665505181936"/>
  </regulator>
</RegulatedAuthorization>