<?xml version="1.0" encoding="UTF-8"?>

<AdministrableProductDefinition xmlns="http://hl7.org/fhir">
  <id value="xxxxx"/>
  <meta>
    <profile value="http://hl7.org/fhir/uv/vulcan-eproduct-info/StructureDefinition/AdministrableProductDefinition-uv-epi"/>
  </meta>
  <text>
    <status value="generated"/><div xmlns="http://www.w3.org/1999/xhtml"><p><b>Generated Narrative: AdministrableProductDefinition</b><a name="xxxxx"> </a></p><div style="display: inline-block; background-color: #d9e0e7; padding: 6px; margin: 4px; border: 1px solid #8da1b4; border-radius: 5px; line-height: 60%"><p style="margin-bottom: 0px">Resource AdministrableProductDefinition &quot;xxxxx&quot; </p><p style="margin-bottom: 0px">Profile: <a href="StructureDefinition-AdministrableProductDefinition-uv-epi.html">AdministrableProductDefinition (ePI)</a></p></div><p><b>identifier</b>: id: 0x073AF2E5B92AE19E8B67635AFFB3D6CA</p><p><b>status</b>: active</p><p><b>formOf</b>: <a href="MedicinalProductDefinition-bdf843db-3035-4cab-9768-dfd67a78a0e1.html">MedicinalProductDefinition/bdf843db-3035-4cab-9768-dfd67a78a0e1</a></p><p><b>administrableDoseForm</b>: Suspension for injection <span style="background: LightGoldenRodYellow; margin: 4px; border: 1px solid khaki"> (rmswi#100000073864)</span></p><p><b>unitOfPresentation</b>: Pen <span style="background: LightGoldenRodYellow; margin: 4px; border: 1px solid khaki"> (rmswi#200000002135)</span></p><p><b>producedFrom</b>: <a href="ManufacturedItemDefinition-8b38e3ab-9e27-48e5-aef9-65a470c78b8d.html">ManufacturedItemDefinition/8b38e3ab-9e27-48e5-aef9-65a470c78b8d</a></p><blockquote><p><b>routeOfAdministration</b></p><p><b>code</b>: Subcutaneous use <span style="background: LightGoldenRodYellow; margin: 4px; border: 1px solid khaki"> (rmswi#100000073633)</span></p><h3>TargetSpecies</h3><table class="grid"><tr><td>-</td><td><b>Code</b></td></tr><tr><td>*</td><td>Human <span style="background: LightGoldenRodYellow; margin: 4px; border: 1px solid khaki"> (rmswi#100000109093)</span></td></tr></table></blockquote></div>
  </text>
  <identifier>
    <system value="https://www.who-umc.org/phpid"/>
    <value value="0x073AF2E5B92AE19E8B67635AFFB3D6CA"/>
  </identifier>
  <status value="active"/>
  <formOf>
    <reference value="MedicinalProductDefinition/bdf843db-3035-4cab-9768-dfd67a78a0e1"/>
  </formOf>
  <administrableDoseForm>
    <coding>
      <system value="https://spor.ema.europa.eu/rmswi"/>
      <code value="100000073864"/>
      <display value="Suspension for injection"/>
    </coding>
  </administrableDoseForm>
  <unitOfPresentation>
    <coding>
      <system value="https://spor.ema.europa.eu/rmswi"/>
      <code value="200000002135"/>
      <display value="Pen"/>
    </coding>
  </unitOfPresentation>
  <producedFrom>
    <reference value="ManufacturedItemDefinition/8b38e3ab-9e27-48e5-aef9-65a470c78b8d"/>
  </producedFrom>
  <routeOfAdministration>
    <code>
      <coding>
        <system value="https://spor.ema.europa.eu/rmswi"/>
        <code value="100000073633"/>
        <display value="Subcutaneous use"/>
      </coding>
    </code>
    <targetSpecies>
      <code>
        <coding>
          <system value="https://spor.ema.europa.eu/rmswi"/>
          <code value="100000109093"/>
          <display value="Human"/>
        </coding>
      </code>
    </targetSpecies>
  </routeOfAdministration>
</AdministrableProductDefinition>