{
  "resourceType" : "ClinicalUseDefinition",
  "id" : "interaction-methotrexate",
  "meta" : {
    "profile" : ["http://hl7.org/fhir/uv/emedicinal-product-info/StructureDefinition/ClinicalUseDefinition-interaction-uv-epi"]
  },
  "text" : {
    "status" : "generated",
    "div" : "<div xmlns=\"http://www.w3.org/1999/xhtml\"><p><b>Generated Narrative: ClinicalUseDefinition</b><a name=\"interaction-methotrexate\"> </a></p><div style=\"display: inline-block; background-color: #d9e0e7; padding: 6px; margin: 4px; border: 1px solid #8da1b4; border-radius: 5px; line-height: 60%\"><p style=\"margin-bottom: 0px\">Resource ClinicalUseDefinition &quot;interaction-methotrexate&quot; </p><p style=\"margin-bottom: 0px\">Profile: <a href=\"StructureDefinition-ClinicalUseDefinition-interaction-uv-epi.html\">ClinicalUseDefinition Interaction (ePI)</a></p></div><p><b>identifier</b>: id: xx (use: OFFICIAL)</p><p><b>type</b>: interaction</p><p><b>subject</b>: <a href=\"MedicinalProductDefinition-mpa2bd0171a7654dc24f7eb7e9338e1acc.html\">MedicinalProductDefinition/mpa2bd0171a7654dc24f7eb7e9338e1acc</a></p><blockquote><p><b>interaction</b></p><h3>Interactants</h3><table class=\"grid\"><tr><td>-</td><td><b>Item[x]</b></td></tr><tr><td>*</td><td>METHOTREXATE <span style=\"background: LightGoldenRodYellow; margin: 4px; border: 1px solid khaki\"> (#YL5FZ2Y5U1)</span></td></tr></table></blockquote></div>"
  },
  "identifier" : [{
    "use" : "official",
    "system" : "https://spor.ema.europa.eu/rmswi/#/",
    "value" : "xx"
  }],
  "type" : "interaction",
  "subject" : [{
    "reference" : "MedicinalProductDefinition/mpa2bd0171a7654dc24f7eb7e9338e1acc"
  }],
  "interaction" : {
    "interactant" : [{
      "itemCodeableConcept" : {
        "coding" : [{
          "system" : "https://gsrs.ncats.nih.gov/ginas/app/beta/",
          "code" : "YL5FZ2Y5U1",
          "display" : "METHOTREXATE"
        }]
      }
    }]
  }
}