<?xml version="1.0" encoding="UTF-8"?>

<Composition xmlns="http://hl7.org/fhir">
  <id value="8e41a79c-274e-4f52-984e-e2dc2174bbdf"/>
  <meta>
    <profile value="http://hl7.org/fhir/uv/vulcan-eproduct-info/StructureDefinition/Composition-uv-epi"/>
  </meta>
  <text>
    <status value="generated"/><div xmlns="http://www.w3.org/1999/xhtml"><p><b>Generated Narrative: Composition</b><a name="8e41a79c-274e-4f52-984e-e2dc2174bbdf"> </a></p><div style="display: inline-block; background-color: #d9e0e7; padding: 6px; margin: 4px; border: 1px solid #8da1b4; border-radius: 5px; line-height: 60%"><p style="margin-bottom: 0px">Resource Composition &quot;8e41a79c-274e-4f52-984e-e2dc2174bbdf&quot; </p><p style="margin-bottom: 0px">Profile: <a href="StructureDefinition-Composition-uv-epi.html">Composition (ePI)</a></p></div><p><b>identifier</b>: id: 0d69fdcb-33cf-407f-8209-a6529856ab4f</p><p><b>status</b>: final</p><p><b>type</b>: Package Leaflet <span style="background: LightGoldenRodYellow; margin: 4px; border: 1px solid khaki"> (#100000155538)</span></p><p><b>date</b>: 2022-02-16 01:28:17+0000</p><p><b>author</b>: <a href="Organization-961e5052-6a8a-403a-b6ac-5e585c89de8e.html">Organization/961e5052-6a8a-403a-b6ac-5e585c89de8e</a> &quot;Sanofi-Aventis Groupe&quot;</p><p><b>title</b>: TEST PURPOSES ONLY - Karvea (irbesartan) 75 mg tablets</p></div>
  </text>
  <identifier>
    <system value="https://spor.ema.europa.eu/rmswi/"/>
    <value value="0d69fdcb-33cf-407f-8209-a6529856ab4f"/>
  </identifier>
  <status value="final"/>
  <type>
    <coding>
      <system value="https://spor.ema.europa.eu/rmswi/"/>
      <code value="100000155538"/>
    </coding>
    <text value="Package Leaflet"/>
  </type>
  <subject>
    <reference value="MedicinalProductDefinition/d2bbeade-13e5-445d-8ec0-ae25cae09680"/>
  </subject>
  <date value="2022-02-16T13:28:17Z"/>
  <author>
    <reference value="Organization/961e5052-6a8a-403a-b6ac-5e585c89de8e"/>
  </author>
  <title value="TEST PURPOSES ONLY - Karvea (irbesartan) 75 mg tablets"/>
  <section>
    <title value="Product Information"/>
    <code>
      <text value="Product Info"/>
    </code>
    <entry>
      <reference value="ClinicalUseDefinition/ii"/>
    </entry>
    <entry>
      <reference value="Ingredient/9278143f-513c-4965-8ed6-12789e13a3fb"/>
    </entry>
    <entry>
      <reference value="SubstanceDefinition/79524c84-b17b-4c17-a69e-a9b9b9f1fe5f"/>
    </entry>
    <entry>
      <reference value="AdministrableProductDefinition/xx"/>
    </entry>
    <entry>
      <reference value="RegulatedAuthorization/d9901302-451f-4902-839a-5f4375895066"/>
    </entry>
    <entry>
      <reference value="Organization/961e5052-6a8a-403a-b6ac-5e585c89de8e"/>
    </entry>
    <entry>
      <reference value="PackagedProductDefinition/f556130a-9d5d-40d2-84a0-dbf2c92afbe4"/>
    </entry>
    <entry>
      <reference value="MedicinalProductDefinition/d2bbeade-13e5-445d-8ec0-ae25cae09680"/>
    </entry>
    <entry>
      <reference value="ManufacturedItemDefinition/1e8963b2-896e-4ad7-a162-85e07cdd272f"/>
    </entry>
  </section>
  <section>
    <title value="Narrative Text"/>
    <code>
      <text value="Narrative"/>
    </code>
    <section>
      <title value="B. Package Leaflet"/>
      <code>
        <coding>
          <system value="https://spor.ema.europa.eu/rmswi/"/>
          <code value="100000155538"/>
        </coding>
        <text value="B. PACKAGE LEAFLET"/>
      </code>
      <text>
        <status value="additional"/><div xmlns="http://www.w3.org/1999/xhtml">unavailable</div>
      </text>
      <emptyReason>
        <coding>
          <system value="http://terminology.hl7.org/CodeSystem/list-empty-reason"/>
          <code value="unavailable"/>
        </coding>
      </emptyReason>
      <section>
        <title value="Package leaflet: Information for the user"/>
        <code>
          <coding>
            <system value="https://spor.ema.europa.eu/rmswi/"/>
            <code value="100000155538"/>
          </coding>
          <text value="Package leaflet: Information for the user"/>
        </code>
        <text>
          <status value="additional"/><div></div>
        </text>
      </section>
      <section>
        <title value="What is in this leaflet"/>
        <code>
          <coding>
            <system value="https://spor.ema.europa.eu/rmswi/"/>
            <code value="100000155538"/>
          </coding>
          <text value="What is in this leaflet"/>
        </code>
        <text>
          <status value="additional"/><div></div>
        </text>
      </section>
      <section>
        <title value="1. What Karvea is and what it is used for"/>
        <code>
          <coding>
            <system value="https://spor.ema.europa.eu/rmswi/"/>
            <code value="100000155538"/>
          </coding>
          <text value="1. What Karvea is and what it is used for"/>
        </code>
        <text>
          <status value="additional"/><div></div>
        </text>
      </section>
      <section>
        <title value="2. What you need to know before you take Karvea"/>
        <code>
          <coding>
            <system value="https://spor.ema.europa.eu/rmswi/"/>
            <code value="100000155538"/>
          </coding>
          <text value="2. What you need to know before you take Karvea"/>
        </code>
        <text>
          <status value="additional"/><div></div>
        </text>
      </section>
      <section>
        <title value="3. How to take Karvea"/>
        <code>
          <coding>
            <system value="https://spor.ema.europa.eu/rmswi/"/>
            <code value="100000155538"/>
          </coding>
          <text value="3. How to take Karvea"/>
        </code>
        <text>
          <status value="additional"/><div></div>
        </text>
      </section>
      <section>
        <title value="4. Possible side effects"/>
        <code>
          <coding>
            <system value="https://spor.ema.europa.eu/rmswi/"/>
            <code value="100000155538"/>
          </coding>
          <text value="4. Possible side effects"/>
        </code>
        <text>
          <status value="additional"/><div></div>
        </text>
      </section>
      <section>
        <title value="5. How to store Karvea"/>
        <code>
          <coding>
            <system value="https://spor.ema.europa.eu/rmswi/"/>
            <code value="100000155538"/>
          </coding>
          <text value="5. How to store Karvea"/>
        </code>
        <text>
          <status value="additional"/><div></div>
        </text>
      </section>
      <section>
        <title value="6. Contents of the pack and other information"/>
        <code>
          <coding>
            <system value="https://spor.ema.europa.eu/rmswi/"/>
            <code value="100000155538"/>
          </coding>
          <text value="6. Contents of the pack and other information"/>
        </code>
        <text>
          <status value="additional"/><div></div>
        </text>
      </section>
    </section>
  </section>
</Composition>