<?xml version="1.0" encoding="UTF-8"?>

<Ingredient xmlns="http://hl7.org/fhir">
  <id value="cfsb1651164758053"/>
  <text>
    <status value="generated"/><div xmlns="http://www.w3.org/1999/xhtml"><p><b>Generated Narrative: Ingredient</b><a name="cfsb1651164758053"> </a></p><div style="display: inline-block; background-color: #d9e0e7; padding: 6px; margin: 4px; border: 1px solid #8da1b4; border-radius: 5px; line-height: 60%"><p style="margin-bottom: 0px">Resource Ingredient &quot;cfsb1651164758053&quot; </p></div><p><b>identifier</b>: id: 2T8Q726O95 (use: OFFICIAL)</p><p><b>status</b>: active</p><p><b>for</b>: <a href="ManufacturedItemDefinition-cfsb1650998521654.html">ManufacturedItemDefinition/cfsb1650998521654</a></p><p><b>role</b>: active <span style="background: LightGoldenRodYellow; margin: 4px; border: 1px solid khaki"> (#100000072072)</span></p><h3>Manufacturers</h3><table class="grid"><tr><td>-</td><td><b>Manufacturer</b></td></tr><tr><td>*</td><td><a href="Organization-cfsb1650997423990.html">Organization/cfsb1650997423990</a> &quot;GLAXO WELLCOME, S.A.&quot;</td></tr></table><blockquote><p><b>substance</b></p><h3>Codes</h3><table class="grid"><tr><td>-</td><td><b>Concept</b></td></tr><tr><td>*</td><td>lamivudine <span style="background: LightGoldenRodYellow; margin: 4px; border: 1px solid khaki"> (#2T8Q726O95)</span></td></tr></table><h3>Strengths</h3><table class="grid"><tr><td>-</td><td><b>Presentation[x]</b></td><td><b>Basis</b></td></tr><tr><td>*</td><td>300 mg</td><td>active ingredient - basis of strength <span style="background: LightGoldenRodYellow; margin: 4px; border: 1px solid khaki"> (<a href="http://terminology.hl7.org/5.0.0/CodeSystem-v3-RoleClass.html">RoleClass</a>#ACTIB)</span></td></tr></table></blockquote></div>
  </text>
  <identifier>
    <use value="official"/>
    <system value="https://gsrs.ncats.nih.gov/ginas/app/beta/"/>
    <value value="2T8Q726O95"/>
  </identifier>
  <status value="active"/>
  <for>
    <reference value="ManufacturedItemDefinition/cfsb1650998521654"/>
  </for>
  <role>
    <coding>
      <system value="https://spor.ema.europa.eu/rmswi/"/>
      <code value="100000072072"/>
    </coding>
    <text value="active"/>
  </role>
  <manufacturer>
    <manufacturer>
      <reference value="Organization/cfsb1650997423990"/>
    </manufacturer>
  </manufacturer>
  <substance>
    <code>
      <concept>
        <coding>
          <system value="https://gsrs.ncats.nih.gov/ginas/app/beta/"/>
          <code value="2T8Q726O95"/>
          <display value="lamivudine"/>
        </coding>
      </concept>
    </code>
    <strength>
      <presentationQuantity>
        <value value="300"/>
        <unit value="mg"/>
      </presentationQuantity>
      <basis>
        <coding>
          <system value="http://terminology.hl7.org/CodeSystem/v3-RoleClass"/>
          <code value="ACTIB"/>
        </coding>
        <text value="active ingredient - basis of strength"/>
      </basis>
    </strength>
  </substance>
</Ingredient>