<?xml version="1.0" encoding="UTF-8"?>

<Ingredient xmlns="http://hl7.org/fhir">
  <id value="ingredient-for-suliqua-metacresol"/>
  <meta>
    <profile value="http://hl7.org/fhir/uv/emedicinal-product-info/StructureDefinition/Ingredient-uv-epi"/>
  </meta>
  <text>
    <status value="generated"/><div xmlns="http://www.w3.org/1999/xhtml"><p><b>Generated Narrative: Ingredient</b><a name="ingredient-for-suliqua-metacresol"> </a></p><div style="display: inline-block; background-color: #d9e0e7; padding: 6px; margin: 4px; border: 1px solid #8da1b4; border-radius: 5px; line-height: 60%"><p style="margin-bottom: 0px">Resource Ingredient &quot;ingredient-for-suliqua-metacresol&quot; </p><p style="margin-bottom: 0px">Profile: <a href="StructureDefinition-Ingredient-uv-epi.html">Ingredient (ePI)</a></p></div><p><b>identifier</b>: id: GGO4Y809LO (use: OFFICIAL)</p><p><b>status</b>: active</p><p><b>for</b>: </p><ul><li><a href="ManufacturedItemDefinition-mid-66d97ddf0e95a23a3c0f4f2102139f34.html">ManufacturedItemDefinition/mid-66d97ddf0e95a23a3c0f4f2102139f34</a></li><li><a href="MedicinalProductDefinition-mp367b9089c0743a2330f4c6e82b40ee41.html">MedicinalProductDefinition/mp367b9089c0743a2330f4c6e82b40ee41</a></li><li><a href="AdministrableProductDefinition-ap-66d97ddf0e95a23a3c0f4f2102139f34.html">AdministrableProductDefinition/ap-66d97ddf0e95a23a3c0f4f2102139f34</a></li></ul><p><b>role</b>: Excipient <span style="background: LightGoldenRodYellow; margin: 4px; border: 1px solid khaki"> (rmswi#100000072082)</span></p><h3>Manufacturers</h3><table class="grid"><tr><td>-</td><td><b>Manufacturer</b></td></tr><tr><td>*</td><td><a href="Organization-org-16019cea3a857659d2c5a2018c2260df.html">Organization/org-16019cea3a857659d2c5a2018c2260df</a> &quot;Sanofi-Aventis Groupe&quot;</td></tr></table><blockquote><p><b>substance</b></p><h3>Codes</h3><table class="grid"><tr><td>-</td><td><b>Concept</b></td></tr><tr><td>*</td><td>Metacresol <span style="background: LightGoldenRodYellow; margin: 4px; border: 1px solid khaki"> (<a href="http://terminology.hl7.org/5.0.0/CodeSystem-UNII.html">Unique Ingredient Identifier (UNII)</a>#GGO4Y809LO)</span></td></tr></table></blockquote></div>
  </text>
  <identifier>
    <use value="official"/>
    <system value="http://fdasis.nlm.nih.gov"/>
    <value value="GGO4Y809LO"/>
  </identifier>
  <status value="active"/>
  <for>
    <reference value="ManufacturedItemDefinition/mid-66d97ddf0e95a23a3c0f4f2102139f34"/>
  </for>
  <for>
    <reference value="MedicinalProductDefinition/mp367b9089c0743a2330f4c6e82b40ee41"/>
  </for>
  <for>
    <reference value="AdministrableProductDefinition/ap-66d97ddf0e95a23a3c0f4f2102139f34"/>
  </for>
  <role>
    <coding>
      <system value="https://spor.ema.europa.eu/rmswi"/>
      <code value="100000072082"/>
      <display value="Excipient"/>
    </coding>
  </role>
  <manufacturer>
    <manufacturer>
      <reference value="Organization/org-16019cea3a857659d2c5a2018c2260df"/>
    </manufacturer>
  </manufacturer>
  <substance>
    <code>
      <concept>
        <coding>
          <system value="http://fdasis.nlm.nih.gov"/>
          <code value="GGO4Y809LO"/>
          <display value="Metacresol"/>
        </coding>
      </concept>
    </code>
  </substance>
</Ingredient>