<?xml version="1.0" encoding="UTF-8"?>

<Ingredient xmlns="http://hl7.org/fhir">
  <id value="ingredient-for-acmedrug-acmedruging3"/>
  <meta>
    <profile value="http://hl7.org/fhir/uv/emedicinal-product-info/StructureDefinition/Ingredient-uv-epi"/>
  </meta>
  <text>
    <status value="generated"/><div xmlns="http://www.w3.org/1999/xhtml"><p><b>Generated Narrative: Ingredient</b><a name="ingredient-for-acmedrug-acmedruging3"> </a></p><div style="display: inline-block; background-color: #d9e0e7; padding: 6px; margin: 4px; border: 1px solid #8da1b4; border-radius: 5px; line-height: 60%"><p style="margin-bottom: 0px">Resource Ingredient &quot;ingredient-for-acmedrug-acmedruging3&quot; </p><p style="margin-bottom: 0px">Profile: <a href="StructureDefinition-Ingredient-uv-epi.html">Ingredient (ePI)</a></p></div><p><b>identifier</b>: id: ETJ7Z6XBU4 (use: OFFICIAL)</p><p><b>status</b>: active</p><p><b>for</b>: </p><ul><li><a href="ManufacturedItemDefinition-mid-534e209eb0a3ff60437639cb2015316f.html">ManufacturedItemDefinition/mid-534e209eb0a3ff60437639cb2015316f</a></li><li><a href="MedicinalProductDefinition-mp534e209eb0a3ff60437639cb2015316f.html">MedicinalProductDefinition/mp534e209eb0a3ff60437639cb2015316f</a></li><li><a href="AdministrableProductDefinition-ap-5aa8042f9b2bea12d814ccaf27f6d64e.html">AdministrableProductDefinition/ap-5aa8042f9b2bea12d814ccaf27f6d64e</a></li></ul><p><b>role</b>: Excipient <span style="background: LightGoldenRodYellow; margin: 4px; border: 1px solid khaki"> (rmswi#100000072082)</span></p><h3>Manufacturers</h3><table class="grid"><tr><td>-</td><td><b>Manufacturer</b></td></tr><tr><td>*</td><td><a href="Organization-org-2aff7154a8d952c895e8a03849a25108.html">Organization/org-2aff7154a8d952c895e8a03849a25108</a> &quot;ACME industry&quot;</td></tr></table><blockquote><p><b>substance</b></p><h3>Codes</h3><table class="grid"><tr><td>-</td><td><b>Concept</b></td></tr><tr><td>*</td><td>acmedrug-ing3 <span style="background: LightGoldenRodYellow; margin: 4px; border: 1px solid khaki"> (<a href="http://terminology.hl7.org/5.0.0/CodeSystem-UNII.html">Unique Ingredient Identifier (UNII)</a>#ETJ7Z6XBU4)</span></td></tr></table></blockquote></div>
  </text>
  <identifier>
    <use value="official"/>
    <system value="http://fdasis.nlm.nih.gov"/>
    <value value="ETJ7Z6XBU4"/>
  </identifier>
  <status value="active"/>
  <for>
    <reference value="ManufacturedItemDefinition/mid-534e209eb0a3ff60437639cb2015316f"/>
  </for>
  <for>
    <reference value="MedicinalProductDefinition/mp534e209eb0a3ff60437639cb2015316f"/>
  </for>
  <for>
    <reference value="AdministrableProductDefinition/ap-5aa8042f9b2bea12d814ccaf27f6d64e"/>
  </for>
  <role>
    <coding>
      <system value="https://spor.ema.europa.eu/rmswi"/>
      <code value="100000072082"/>
      <display value="Excipient"/>
    </coding>
  </role>
  <manufacturer>
    <manufacturer>
      <reference value="Organization/org-2aff7154a8d952c895e8a03849a25108"/>
    </manufacturer>
  </manufacturer>
  <substance>
    <code>
      <concept>
        <coding>
          <system value="http://fdasis.nlm.nih.gov"/>
          <code value="ETJ7Z6XBU4"/>
          <display value="acmedrug-ing3"/>
        </coding>
      </concept>
    </code>
  </substance>
</Ingredient>