{
  "resourceType": "Organization",
  "id": "a8ad4152-3e43-48d9-a11c-75685eb1ce01",
  "meta": {
    "profile": [
      "http://hl7.org/fhir/uv/vulcan-eproduct-info/StructureDefinition/Organization-uv-epi"
    ]
  },
  "text": {
    "status": "generated",
    "div": "<div xmlns=\"http://www.w3.org/1999/xhtml\"><p><b>Generated Narrative: Organization</b><a name=\"a8ad4152-3e43-48d9-a11c-75685eb1ce01\"> </a></p><div style=\"display: inline-block; background-color: #d9e0e7; padding: 6px; margin: 4px; border: 1px solid #8da1b4; border-radius: 5px; line-height: 60%\"><p style=\"margin-bottom: 0px\">Resource Organization &quot;a8ad4152-3e43-48d9-a11c-75685eb1ce01&quot; </p><p style=\"margin-bottom: 0px\">Profile: <a href=\"StructureDefinition-Organization-uv-epi.html\">Organization (ePI)</a></p></div><p><b>identifier</b>: id: ORG-100001175 (use: OFFICIAL)</p><p><b>active</b>: true</p><p><b>type</b>: Manufacturer API <span style=\"background: LightGoldenRodYellow; margin: 4px; border: 1px solid khaki\"> (rmswi#220000000033)</span></p><p><b>name</b>: Sanofi-Aventis Deutschland GmbH</p><h3>Contacts</h3><table class=\"grid\"><tr><td>-</td><td><b>Address</b></td></tr><tr><td>*</td><td>Brueningstrasse 50, Industriepark Höchst, 65926 Frankfurt am Main, GERMANY(WORK)</td></tr></table></div>"
  },
  "identifier": [
    {
      "use": "official",
      "system": "https://spor.ema.europa.eu/omswi",
      "value": "ORG-100001175"
    }
  ],
  "active": true,
  "type": [
    {
      "coding": [
        {
          "system": "https://spor.ema.europa.eu/rmswi",
          "code": "220000000033",
          "display": "Manufacturer API"
        }
      ],
      "text": "Manufacturer API"
    }
  ],
  "name": "Sanofi-Aventis Deutschland GmbH",
  "contact": [
    {
      "address": {
        "use": "work",
        "type": "physical",
        "text": "Brueningstrasse 50, Industriepark Höchst, 65926 Frankfurt am Main, GERMANY",
        "line": [
          "Brueningstrasse 50, Industriepark Höchst"
        ],
        "city": "Frankfurt am Main",
        "postalCode": "65926",
        "country": "de"
      }
    }
  ]
}