{
  "resourceType" : "AdministrableProductDefinition",
  "id" : "ap-fa2090b7ce9bdf87e24a9d05bbb51677",
  "meta" : {
    "profile" : ["http://hl7.org/fhir/uv/emedicinal-product-info/StructureDefinition/AdministrableProductDefinition-uv-epi"]
  },
  "text" : {
    "status" : "generated",
    "div" : "<div xmlns=\"http://www.w3.org/1999/xhtml\"><p><b>Generated Narrative: AdministrableProductDefinition</b><a name=\"ap-fa2090b7ce9bdf87e24a9d05bbb51677\"> </a></p><div style=\"display: inline-block; background-color: #d9e0e7; padding: 6px; margin: 4px; border: 1px solid #8da1b4; border-radius: 5px; line-height: 60%\"><p style=\"margin-bottom: 0px\">Resource AdministrableProductDefinition &quot;ap-fa2090b7ce9bdf87e24a9d05bbb51677&quot; </p><p style=\"margin-bottom: 0px\">Profile: <a href=\"StructureDefinition-AdministrableProductDefinition-uv-epi.html\">AdministrableProductDefinition (ePI)</a></p></div><p><b>identifier</b>: id: 0x073AF2E5B92AE19E8B67635AFFB3D6CA</p><p><b>status</b>: active</p><p><b>formOf</b>: <a href=\"MedicinalProductDefinition-mpf6b4fcaaf21ddd70f011f383780f7bf3.html\">MedicinalProductDefinition/mpf6b4fcaaf21ddd70f011f383780f7bf3</a></p><p><b>administrableDoseForm</b>: Suspension for injection <span style=\"background: LightGoldenRodYellow; margin: 4px; border: 1px solid khaki\"> (rmswi#100000073864)</span></p><p><b>unitOfPresentation</b>: Pen <span style=\"background: LightGoldenRodYellow; margin: 4px; border: 1px solid khaki\"> (rmswi#200000002135)</span></p><p><b>producedFrom</b>: <a href=\"ManufacturedItemDefinition-mid-fa2090b7ce9bdf87e24a9d05bbb51677.html\">ManufacturedItemDefinition/mid-fa2090b7ce9bdf87e24a9d05bbb51677</a></p><blockquote><p><b>routeOfAdministration</b></p><p><b>code</b>: Subcutaneous use <span style=\"background: LightGoldenRodYellow; margin: 4px; border: 1px solid khaki\"> (rmswi#100000073633)</span></p><h3>TargetSpecies</h3><table class=\"grid\"><tr><td>-</td><td><b>Code</b></td></tr><tr><td>*</td><td>Human <span style=\"background: LightGoldenRodYellow; margin: 4px; border: 1px solid khaki\"> (rmswi#100000109093)</span></td></tr></table></blockquote></div>"
  },
  "identifier" : [{
    "system" : "https://www.who-umc.org/phpid",
    "value" : "0x073AF2E5B92AE19E8B67635AFFB3D6CA"
  }],
  "status" : "active",
  "formOf" : [{
    "reference" : "MedicinalProductDefinition/mpf6b4fcaaf21ddd70f011f383780f7bf3"
  }],
  "administrableDoseForm" : {
    "coding" : [{
      "system" : "https://spor.ema.europa.eu/rmswi",
      "code" : "100000073864",
      "display" : "Suspension for injection"
    }]
  },
  "unitOfPresentation" : {
    "coding" : [{
      "system" : "https://spor.ema.europa.eu/rmswi",
      "code" : "200000002135",
      "display" : "Pen"
    }]
  },
  "producedFrom" : [{
    "reference" : "ManufacturedItemDefinition/mid-fa2090b7ce9bdf87e24a9d05bbb51677"
  }],
  "routeOfAdministration" : [{
    "code" : {
      "coding" : [{
        "system" : "https://spor.ema.europa.eu/rmswi",
        "code" : "100000073633",
        "display" : "Subcutaneous use"
      }]
    },
    "targetSpecies" : [{
      "code" : {
        "coding" : [{
          "system" : "https://spor.ema.europa.eu/rmswi",
          "code" : "100000109093",
          "display" : "Human"
        }]
      }
    }]
  }]
}