{
  "resourceType" : "AdministrableProductDefinition",
  "id" : "f0c11726-e289-414b-b133-ad60e58311a2",
  "meta" : {
    "profile" : ["http://hl7.org/fhir/uv/emedicinal-product-info/StructureDefinition/AdministrableProductDefinition-uv-epi"]
  },
  "text" : {
    "status" : "generated",
    "div" : "<div xmlns=\"http://www.w3.org/1999/xhtml\"><p><b>Generated Narrative: AdministrableProductDefinition</b><a name=\"f0c11726-e289-414b-b133-ad60e58311a2\"> </a></p><div style=\"display: inline-block; background-color: #d9e0e7; padding: 6px; margin: 4px; border: 1px solid #8da1b4; border-radius: 5px; line-height: 60%\"><p style=\"margin-bottom: 0px\">Resource AdministrableProductDefinition &quot;f0c11726-e289-414b-b133-ad60e58311a2&quot; </p><p style=\"margin-bottom: 0px\">Profile: <a href=\"StructureDefinition-AdministrableProductDefinition-uv-epi.html\">AdministrableProductDefinition (ePI)</a></p></div><p><b>identifier</b>: id: nan</p><p><b>status</b>: active</p><p><b>formOf</b>: <a href=\"MedicinalProductDefinition-2d4b9963-bf4d-47cc-ba2e-45daa886aecf.html\">MedicinalProductDefinition/2d4b9963-bf4d-47cc-ba2e-45daa886aecf</a></p><p><b>administrableDoseForm</b>: Solution for injection <span style=\"background: LightGoldenRodYellow; margin: 4px; border: 1px solid khaki\"> (rmswi#11201000)</span></p><p><b>unitOfPresentation</b>: Syringe <span style=\"background: LightGoldenRodYellow; margin: 4px; border: 1px solid khaki\"> (rmswi#15052000)</span></p><p><b>producedFrom</b>: <a href=\"ManufacturedItemDefinition-52327d43-b722-4801-9676-2cb2a9f04fa4.html\">ManufacturedItemDefinition/52327d43-b722-4801-9676-2cb2a9f04fa4</a></p><blockquote><p><b>routeOfAdministration</b></p><p><b>code</b>: Subcutaneous use <span style=\"background: LightGoldenRodYellow; margin: 4px; border: 1px solid khaki\"> (rmswi#20066000)</span></p><h3>TargetSpecies</h3><table class=\"grid\"><tr><td>-</td><td><b>Code</b></td></tr><tr><td>*</td><td>Human <span style=\"background: LightGoldenRodYellow; margin: 4px; border: 1px solid khaki\"> (rmswi#100000109093)</span></td></tr></table></blockquote></div>"
  },
  "identifier" : [{
    "system" : "https://www.who-umc.org/phpid",
    "value" : "nan"
  }],
  "status" : "active",
  "formOf" : [{
    "reference" : "MedicinalProductDefinition/2d4b9963-bf4d-47cc-ba2e-45daa886aecf"
  }],
  "administrableDoseForm" : {
    "coding" : [{
      "system" : "https://spor.ema.europa.eu/rmswi",
      "code" : "11201000",
      "display" : "Solution for injection"
    }]
  },
  "unitOfPresentation" : {
    "coding" : [{
      "system" : "https://spor.ema.europa.eu/rmswi",
      "code" : "15052000",
      "display" : "Syringe"
    }]
  },
  "producedFrom" : [{
    "reference" : "ManufacturedItemDefinition/52327d43-b722-4801-9676-2cb2a9f04fa4"
  }],
  "routeOfAdministration" : [{
    "code" : {
      "coding" : [{
        "system" : "https://spor.ema.europa.eu/rmswi",
        "code" : "20066000",
        "display" : "Subcutaneous use"
      }]
    },
    "targetSpecies" : [{
      "code" : {
        "coding" : [{
          "system" : "https://spor.ema.europa.eu/rmswi",
          "code" : "100000109093",
          "display" : "Human"
        }]
      }
    }]
  }]
}