{
  "resourceType" : "ClinicalUseDefinition",
  "id" : "fbcad1f7-7563-446e-83e0-a72b898cb7ce",
  "meta" : {
    "profile" : ["http://hl7.org/fhir/uv/emedicinal-product-info/StructureDefinition/ClinicalUseDefinition-interaction-uv-epi"]
  },
  "text" : {
    "status" : "generated",
    "div" : "<div xmlns=\"http://www.w3.org/1999/xhtml\"><p><b>Generated Narrative: ClinicalUseDefinition</b><a name=\"fbcad1f7-7563-446e-83e0-a72b898cb7ce\"> </a></p><div style=\"display: inline-block; background-color: #d9e0e7; padding: 6px; margin: 4px; border: 1px solid #8da1b4; border-radius: 5px; line-height: 60%\"><p style=\"margin-bottom: 0px\">Resource ClinicalUseDefinition &quot;fbcad1f7-7563-446e-83e0-a72b898cb7ce&quot; </p><p style=\"margin-bottom: 0px\">Profile: <a href=\"StructureDefinition-ClinicalUseDefinition-interaction-uv-epi.html\">ClinicalUseDefinition Interaction (ePI)</a></p></div><p><b>identifier</b>: id: Y9449Q51XH (use: OFFICIAL)</p><p><b>type</b>: interaction</p><p><b>subject</b>: <a href=\"MedicinalProductDefinition-fb2a80e7-b5cb-4035-ac9c-2e655a9bb298.html\">MedicinalProductDefinition/fb2a80e7-b5cb-4035-ac9c-2e655a9bb298</a></p><blockquote><p><b>interaction</b></p><h3>Interactants</h3><table class=\"grid\"><tr><td>-</td><td><b>Item[x]</b></td></tr><tr><td>*</td><td>Bezafibrat <span style=\"background: LightGoldenRodYellow; margin: 4px; border: 1px solid khaki\"> (#Y9449Q51XH)</span></td></tr></table></blockquote></div>"
  },
  "identifier" : [{
    "use" : "official",
    "system" : "https://gsrs.ncats.nih.gov/ginas/app/beta/",
    "value" : "Y9449Q51XH"
  }],
  "type" : "interaction",
  "subject" : [{
    "reference" : "MedicinalProductDefinition/fb2a80e7-b5cb-4035-ac9c-2e655a9bb298"
  }],
  "interaction" : {
    "interactant" : [{
      "itemCodeableConcept" : {
        "coding" : [{
          "system" : "https://gsrs.ncats.nih.gov/ginas/app/beta/",
          "code" : "Y9449Q51XH",
          "display" : "Bezafibrat"
        }]
      }
    }]
  }
}