{
  "resourceType" : "Composition",
  "id" : "composition45f3604d61f93f5f026bea5d5824af10",
  "meta" : {
    "profile" : ["http://hl7.org/fhir/uv/emedicinal-product-info/StructureDefinition/Composition-uv-epi"]
  },
  "text" : {
    "status" : "generated",
    "div" : "<div xmlns=\"http://www.w3.org/1999/xhtml\"><p><b>Generated Narrative: Composition</b><a name=\"composition45f3604d61f93f5f026bea5d5824af10\"> </a></p><div style=\"display: inline-block; background-color: #d9e0e7; padding: 6px; margin: 4px; border: 1px solid #8da1b4; border-radius: 5px; line-height: 60%\"><p style=\"margin-bottom: 0px\">Resource Composition &quot;composition45f3604d61f93f5f026bea5d5824af10&quot; </p><p style=\"margin-bottom: 0px\">Profile: <a href=\"StructureDefinition-Composition-uv-epi.html\">Composition (ePI)</a></p></div><p><b>identifier</b>: id: 0d69fdcb-33cf-407f-8209-a6529856ab4f</p><p><b>status</b>: final</p><p><b>type</b>: Package Leaflet <span style=\"background: LightGoldenRodYellow; margin: 4px; border: 1px solid khaki\"> (#100000155538)</span></p><p><b>date</b>: 2022-02-16 13:28:17+0000</p><p><b>author</b>: <a href=\"Organization-org-3fdc76794516d7826890ab9f893e99c1.html\">Organization/org-3fdc76794516d7826890ab9f893e99c1</a> &quot;Eli Lilly Nederland B.V.&quot;</p><p><b>title</b>: TEST PURPOSES ONLY - Humalog</p></div>"
  },
  "identifier" : [{
    "system" : "https://spor.ema.europa.eu/rmswi/",
    "value" : "0d69fdcb-33cf-407f-8209-a6529856ab4f"
  }],
  "status" : "final",
  "type" : {
    "coding" : [{
      "system" : "https://spor.ema.europa.eu/rmswi/",
      "code" : "100000155538"
    }],
    "text" : "Package Leaflet"
  },
  "subject" : [{
    "reference" : "MedicinalProductDefinition/mpf6b4fcaaf21ddd70f011f383780f7bf3"
  }],
  "date" : "2022-02-16T13:28:17Z",
  "author" : [{
    "reference" : "Organization/org-3fdc76794516d7826890ab9f893e99c1"
  }],
  "title" : "TEST PURPOSES ONLY - Humalog",
  "section" : [{
    "title" : "B. Package Leaflet",
    "code" : {
      "coding" : [{
        "system" : "https://spor.ema.europa.eu/rmswi/",
        "code" : "100000155538"
      }],
      "text" : "B. PACKAGE LEAFLET"
    },
    "text" : {
      "status" : "additional",
      "div" : "<div xmlns=\"http://www.w3.org/1999/xhtml\">unavailable</div>"
    },
    "emptyReason" : {
      "coding" : [{
        "system" : "http://terminology.hl7.org/CodeSystem/list-empty-reason",
        "code" : "unavailable"
      }]
    },
    "section" : [{
      "title" : "Package leaflet: Information for the user",
      "code" : {
        "coding" : [{
          "system" : "https://spor.ema.europa.eu/rmswi/",
          "code" : "100000155538"
        }],
        "text" : "Package leaflet: Information for the user"
      },
      "text" : {
        "status" : "additional",
        "div" : "<div xmlns=\"http://www.w3.org/1999/xhtml\"><div xmlns=\"http://www.w3.org/1999/xhtml\">PACKAGE LEAFLET: INFORMATION FOR THE USER Humalog Mix50 100 units/ml suspension for injection in cartridge insulin lispro Read all of this leaflet carefully before you start taking this medicine because it contains important information for you.<ul><li>Keep this leaflet. You may need to read it again.</li><li>If you have any further questions, ask your doctor or pharmacist.</li><li>This medicine has been prescribed for you only. Do not pass it on to others. It may harm them, even if their signs of illness are the same as yours.</li><li>If you get any side effects talk to your doctor or pharmacist. This includes any possible side effects not listed in this leaflet. See section 4.</li></ul></div></div>"
      }
    },
    {
      "title" : "What is in this leaflet",
      "code" : {
        "coding" : [{
          "system" : "https://spor.ema.europa.eu/rmswi/",
          "code" : "100000155538"
        }],
        "text" : "What is in this leaflet"
      },
      "text" : {
        "status" : "additional",
        "div" : "<div xmlns=\"http://www.w3.org/1999/xhtml\"><div xmlns=\"http://www.w3.org/1999/xhtml\">What in this leaflet<ol><li>What Humalog Mix50 is and what it is used for</li><li>What you need to know before you take Humalog Mix50</li><li>How to take Humalog Mix50</li><li>Possible side effects</li><li>How to store Humalog Mix50</li><li>Contents of the pack and other information</li></ol></div></div>"
      }
    },
    {
      "title" : "1. What Humalog is and what it is used for",
      "code" : {
        "coding" : [{
          "system" : "https://spor.ema.europa.eu/rmswi/",
          "code" : "100000155538"
        }],
        "text" : "1. What Humalog is and what it is used for"
      },
      "text" : {
        "status" : "additional",
        "div" : "<div xmlns=\"http://www.w3.org/1999/xhtml\">unavailable</div>"
      },
      "emptyReason" : {
        "coding" : [{
          "system" : "http://terminology.hl7.org/CodeSystem/list-empty-reason",
          "code" : "unavailable"
        }]
      }
    },
    {
      "title" : "2. What you need to know before you take Humalog",
      "code" : {
        "coding" : [{
          "system" : "https://spor.ema.europa.eu/rmswi/",
          "code" : "100000155538"
        }],
        "text" : "2. What you need to know before you take Humalog"
      },
      "text" : {
        "status" : "additional",
        "div" : "<div xmlns=\"http://www.w3.org/1999/xhtml\"><div xmlns=\"http://www.w3.org/1999/xhtml\"><b>2. What you need to know before you use Humalog Mix50</b> Do NOT use Humalog Mix50 if you</div></div>"
      }
    },
    {
      "title" : "3. How to take Humalog",
      "code" : {
        "coding" : [{
          "system" : "https://spor.ema.europa.eu/rmswi/",
          "code" : "100000155538"
        }],
        "text" : "3. How to take Humalog"
      },
      "text" : {
        "status" : "additional",
        "div" : "<div xmlns=\"http://www.w3.org/1999/xhtml\"><div xmlns=\"http://www.w3.org/1999/xhtml\"><b>3. How to use Humalog Mix50</b> <b>The 3 ml cartridge is only for use in Lilly 3 ml pens. It is not for use in 1.5 ml pens.</b><p>Always use Humalog Mix50 exactly as your doctor has told you. You should check with your doctor if you are not sure. To prevent the possible transmission of disease, each cartridge must be used by you only, even if the needle on the delivery device is changed.</p></div></div>"
      }
    },
    {
      "title" : "4. Possible side effects",
      "code" : {
        "coding" : [{
          "system" : "https://spor.ema.europa.eu/rmswi/",
          "code" : "100000155538"
        }],
        "text" : "4. Possible side effects"
      },
      "text" : {
        "status" : "additional",
        "div" : "<div xmlns=\"http://www.w3.org/1999/xhtml\"><div xmlns=\"http://www.w3.org/1999/xhtml\"><p><b>4. Possible side effects</b></p><p>Like all medicines, this medicine can cause side effects, although not everybody gets them.</p></div></div>"
      }
    },
    {
      "title" : "5. How to store Humalog",
      "code" : {
        "coding" : [{
          "system" : "https://spor.ema.europa.eu/rmswi/",
          "code" : "100000155538"
        }],
        "text" : "5. How to store Humalog"
      },
      "text" : {
        "status" : "additional",
        "div" : "<div xmlns=\"http://www.w3.org/1999/xhtml\"><div xmlns=\"http://www.w3.org/1999/xhtml\"><p>Keep this medicine out of the sight and reach of children.</p><p>Do not use this medicine after the expiry date which is stated on the carton and on the blister after EXP. The expiry date refers to the last day of that month.</p><p>Do not store above 30°C.</p><p>Do not throw away any medicines via wastewater or household waste. Ask your pharmacist how to throw away of medicines you no longer use. These measures will help protect the environment.</p></div></div>"
      }
    },
    {
      "title" : "6. Contents of the pack and other information",
      "code" : {
        "coding" : [{
          "system" : "https://spor.ema.europa.eu/rmswi/",
          "code" : "100000155538"
        }],
        "text" : "6. Contents of the pack and other information"
      },
      "text" : {
        "status" : "additional",
        "div" : "<div xmlns=\"http://www.w3.org/1999/xhtml\"><div xmlns=\"http://www.w3.org/1999/xhtml\"><b>6. Contents of the pack and other information</b> <b>What Humalog Mix50 100 units/ml suspension for injection in cartridge contains</b><p>The active substance is insulin lispro. Insulin lispro is made in the laboratory by a ‘recombinant DNA technology’ process. It is a changed form of human insulin and so is different from other human and animal insulins. Insulin lispro is closely related to human insulin which is a natural hormone made by the pancreas. The other ingredients are protamine sulphate, m-cresol, phenol, glycerol, dibasic sodium phosphate 7H2O, zinc oxide and water for injection. Sodium hydroxide or hydrochloric acid may have been used to adjust the acidity.</p></div></div>"
      }
    }]
  }]
}