{
  "resourceType": "ManufacturedItemDefinition",
  "id": "258439a1-ebde-4f04-baed-5302d25fc29e",
  "meta": {
    "profile": [
      "http://hl7.org/fhir/uv/vulcan-eproduct-info/StructureDefinition/ManufacturedItemDefinition-uv-epi"
    ]
  },
  "text": {
    "status": "generated",
    "div": "<div xmlns=\"http://www.w3.org/1999/xhtml\"><p><b>Generated Narrative: ManufacturedItemDefinition</b><a name=\"258439a1-ebde-4f04-baed-5302d25fc29e\"> </a></p><div style=\"display: inline-block; background-color: #d9e0e7; padding: 6px; margin: 4px; border: 1px solid #8da1b4; border-radius: 5px; line-height: 60%\"><p style=\"margin-bottom: 0px\">Resource ManufacturedItemDefinition &quot;258439a1-ebde-4f04-baed-5302d25fc29e&quot; </p><p style=\"margin-bottom: 0px\">Profile: <a href=\"StructureDefinition-ManufacturedItemDefinition-uv-epi.html\">ManufacturedItemDefinition (ePI)</a></p></div><p><b>identifier</b>: id: EU/1/96/007/035 (use: OFFICIAL)</p><p><b>status</b>: active</p><p><b>manufacturedDoseForm</b>: Suspension for injection <span style=\"background: LightGoldenRodYellow; margin: 4px; border: 1px solid khaki\"> (#100000073864)</span></p><p><b>unitOfPresentation</b>: Pen <span style=\"background: LightGoldenRodYellow; margin: 4px; border: 1px solid khaki\"> (rmswi#200000002135)</span></p><p><b>manufacturer</b>: <a href=\"Organization-188e4e7a-832a-4099-a715-5792d96c8d8d.html\">Organization/188e4e7a-832a-4099-a715-5792d96c8d8d</a> &quot;Lilly S.A.&quot;</p></div>"
  },
  "identifier": [
    {
      "use": "official",
      "system": "https://spor.ema.europa.eu/pmswi/#/",
      "value": "EU/1/96/007/035"
    }
  ],
  "status": "active",
  "manufacturedDoseForm": {
    "coding": [
      {
        "system": "https://spor.ema.europa.eu/rmswi/",
        "code": "100000073864",
        "display": "Suspension for injection"
      }
    ]
  },
  "unitOfPresentation": {
    "coding": [
      {
        "system": "https://spor.ema.europa.eu/rmswi",
        "code": "200000002135",
        "display": "Pen"
      }
    ]
  },
  "manufacturer": [
    {
      "reference": "Organization/188e4e7a-832a-4099-a715-5792d96c8d8d"
    }
  ]
}