{
  "resourceType": "ManufacturedItemDefinition",
  "id": "8eb4188d-8948-4db7-8a31-5c906e0b92c5",
  "meta": {
    "profile": [
      "http://hl7.org/fhir/uv/vulcan-eproduct-info/StructureDefinition/ManufacturedItemDefinition-uv-epi"
    ]
  },
  "text": {
    "status": "generated",
    "div": "<div xmlns=\"http://www.w3.org/1999/xhtml\"><p><b>Generated Narrative: ManufacturedItemDefinition</b><a name=\"8eb4188d-8948-4db7-8a31-5c906e0b92c5\"> </a></p><div style=\"display: inline-block; background-color: #d9e0e7; padding: 6px; margin: 4px; border: 1px solid #8da1b4; border-radius: 5px; line-height: 60%\"><p style=\"margin-bottom: 0px\">Resource ManufacturedItemDefinition &quot;8eb4188d-8948-4db7-8a31-5c906e0b92c5&quot; </p><p style=\"margin-bottom: 0px\">Profile: <a href=\"StructureDefinition-ManufacturedItemDefinition-uv-epi.html\">ManufacturedItemDefinition (ePI)</a></p></div><p><b>identifier</b>: id: EU/1/96/007/035 (use: OFFICIAL)</p><p><b>status</b>: active</p><p><b>manufacturedDoseForm</b>: tablet <span style=\"background: LightGoldenRodYellow; margin: 4px; border: 1px solid khaki\"> (#100000073864)</span></p><p><b>unitOfPresentation</b>: Tablet <span style=\"background: LightGoldenRodYellow; margin: 4px; border: 1px solid khaki\"> (rmswi#200000002152)</span></p><p><b>manufacturer</b>: <a href=\"Organization-ab412c85-b8af-463b-ab20-4605091fe702.html\">Organization/ab412c85-b8af-463b-ab20-4605091fe702</a> &quot;Sanofi-Aventis Groupe&quot;</p></div>"
  },
  "identifier": [
    {
      "use": "official",
      "system": "https://spor.ema.europa.eu/pmswi/#/",
      "value": "EU/1/96/007/035"
    }
  ],
  "status": "active",
  "manufacturedDoseForm": {
    "coding": [
      {
        "system": "https://spor.ema.europa.eu/rmswi/",
        "code": "100000073864",
        "display": "tablet"
      }
    ]
  },
  "unitOfPresentation": {
    "coding": [
      {
        "system": "https://spor.ema.europa.eu/rmswi",
        "code": "200000002152",
        "display": "Tablet"
      }
    ]
  },
  "manufacturer": [
    {
      "reference": "Organization/ab412c85-b8af-463b-ab20-4605091fe702"
    }
  ]
}