{
  "resourceType": "MedicinalProductDefinition",
  "id": "53d36464-e1de-42c2-aa91-9cf2c7af7515",
  "meta": {
    "profile": [
      "http://hl7.org/fhir/uv/vulcan-eproduct-info/StructureDefinition/MedicinalProductDefinition-uv-epi"
    ]
  },
  "text": {
    "status": "generated",
    "div": "<div xmlns=\"http://www.w3.org/1999/xhtml\"><p><b>Generated Narrative: MedicinalProductDefinition</b><a name=\"53d36464-e1de-42c2-aa91-9cf2c7af7515\"> </a></p><div style=\"display: inline-block; background-color: #d9e0e7; padding: 6px; margin: 4px; border: 1px solid #8da1b4; border-radius: 5px; line-height: 60%\"><p style=\"margin-bottom: 0px\">Resource MedicinalProductDefinition &quot;53d36464-e1de-42c2-aa91-9cf2c7af7515&quot; </p><p style=\"margin-bottom: 0px\">Profile: <a href=\"StructureDefinition-MedicinalProductDefinition-uv-epi.html\">MedicinalProductDefinition (ePI)</a></p></div><p><b>identifier</b>: id: 4471bb15-7f52-4fcd-b615-8674ce6eb91e</p><p><b>type</b>: Medicinal Product <span style=\"background: LightGoldenRodYellow; margin: 4px; border: 1px solid khaki\"> (<a href=\"http://build.fhir.org/codesystem-medicinal-product-type.html\">MedicinalProductType</a>#MedicinalProduct)</span></p><p><b>domain</b>: Human use <span style=\"background: LightGoldenRodYellow; margin: 4px; border: 1px solid khaki\"> (<a href=\"http://build.fhir.org/codesystem-medicinal-product-domain.html\">MedicinalProductDomain</a>#Human)</span></p><p><b>status</b>: active <span style=\"background: LightGoldenRodYellow; margin: 4px; border: 1px solid khaki\"> (<a href=\"http://build.fhir.org/codesystem-publication-status.html\">PublicationStatus</a>#active)</span></p><p><b>legalStatusOfSupply</b>: Medicinal product subject to medical prescription <span style=\"background: LightGoldenRodYellow; margin: 4px; border: 1px solid khaki\"> (rmswi#100000072084)</span></p><blockquote><p><b>name</b></p><p><b>productName</b>: Karvea 75 mg tablet blister x28</p><p><b>type</b>: Full name <span style=\"background: LightGoldenRodYellow; margin: 4px; border: 1px solid khaki\"> (220000000000#220000000001)</span></p><blockquote><p><b>part</b></p><p><b>part</b>: Karvea</p><p><b>type</b>: Invented name part <span style=\"background: LightGoldenRodYellow; margin: 4px; border: 1px solid khaki\"> (220000000000#220000000002)</span></p></blockquote><blockquote><p><b>part</b></p><p><b>part</b>: irbesartan</p><p><b>type</b>: Scientific name part <span style=\"background: LightGoldenRodYellow; margin: 4px; border: 1px solid khaki\"> (220000000000#220000000003)</span></p></blockquote><blockquote><p><b>part</b></p><p><b>part</b>: 75 mg</p><p><b>type</b>: Strength part <span style=\"background: LightGoldenRodYellow; margin: 4px; border: 1px solid khaki\"> (220000000000#220000000004)</span></p></blockquote><blockquote><p><b>part</b></p><p><b>part</b>: tablet</p><p><b>type</b>: Pharmaceutical dose form part <span style=\"background: LightGoldenRodYellow; margin: 4px; border: 1px solid khaki\"> (220000000000#220000000005)</span></p></blockquote><h3>Usages</h3><table class=\"grid\"><tr><td>-</td><td><b>Country</b></td><td><b>Jurisdiction</b></td><td><b>Language</b></td></tr><tr><td>*</td><td>Denmark <span style=\"background: LightGoldenRodYellow; margin: 4px; border: 1px solid khaki\"> (<a href=\"http://terminology.hl7.org/5.0.0/CodeSystem-ISO3166Part1.html\">ISO 3166-1 Codes for the representation of names of countries and their subdivisions — Part 1: Country code</a>#DK)</span></td><td>Denmark <span style=\"background: LightGoldenRodYellow; margin: 4px; border: 1px solid khaki\"> (<a href=\"http://terminology.hl7.org/5.0.0/CodeSystem-ISO3166Part1.html\">ISO 3166-1 Codes for the representation of names of countries and their subdivisions — Part 1: Country code</a>#DK)</span></td><td>English <span style=\"background: LightGoldenRodYellow; margin: 4px; border: 1px solid khaki\"> (<a href=\"http://terminology.hl7.org/5.0.0/CodeSystem-v3-ietf3066.html\">Tags for the Identification of Languages</a>#en)</span></td></tr></table></blockquote></div>"
  },
  "identifier": [
    {
      "system": "https://spor.ema.europa.eu/pmswi",
      "value": "4471bb15-7f52-4fcd-b615-8674ce6eb91e"
    }
  ],
  "type": {
    "coding": [
      {
        "system": "http://hl7.org/fhir/medicinal-product-type",
        "code": "MedicinalProduct",
        "display": "Medicinal Product"
      }
    ]
  },
  "domain": {
    "coding": [
      {
        "system": "http://hl7.org/fhir/medicinal-product-domain",
        "code": "Human",
        "display": "Human use"
      }
    ]
  },
  "status": {
    "coding": [
      {
        "system": "http://hl7.org/fhir/publication-status",
        "code": "active",
        "display": "active"
      }
    ]
  },
  "legalStatusOfSupply": {
    "coding": [
      {
        "system": "https://spor.ema.europa.eu/rmswi",
        "code": "100000072084",
        "display": "Medicinal product subject to medical prescription"
      }
    ]
  },
  "name": [
    {
      "productName": "Karvea 75 mg tablet blister x28",
      "type": {
        "coding": [
          {
            "system": "https://spor.ema.europa.eu/rmswi/220000000000",
            "code": "220000000001"
          }
        ],
        "text": "Full name"
      },
      "part": [
        {
          "part": "Karvea",
          "type": {
            "coding": [
              {
                "system": "https://spor.ema.europa.eu/rmswi/220000000000",
                "code": "220000000002"
              }
            ],
            "text": "Invented name part"
          }
        },
        {
          "part": "irbesartan",
          "type": {
            "coding": [
              {
                "system": "https://spor.ema.europa.eu/rmswi/220000000000",
                "code": "220000000003"
              }
            ],
            "text": "Scientific name part"
          }
        },
        {
          "part": "75 mg",
          "type": {
            "coding": [
              {
                "system": "https://spor.ema.europa.eu/rmswi/220000000000",
                "code": "220000000004"
              }
            ],
            "text": "Strength part"
          }
        },
        {
          "part": "tablet",
          "type": {
            "coding": [
              {
                "system": "https://spor.ema.europa.eu/rmswi/220000000000",
                "code": "220000000005"
              }
            ],
            "text": "Pharmaceutical dose form part"
          }
        }
      ],
      "usage": [
        {
          "country": {
            "coding": [
              {
                "system": "urn:iso:std:iso:3166",
                "code": "DK",
                "display": "Denmark"
              }
            ]
          },
          "jurisdiction": {
            "coding": [
              {
                "system": "urn:iso:std:iso:3166",
                "code": "DK",
                "display": "Denmark"
              }
            ]
          },
          "language": {
            "coding": [
              {
                "system": "urn:ietf:bcp:47",
                "code": "en",
                "display": "English"
              }
            ]
          }
        }
      ]
    }
  ]
}