{
  "resourceType" : "Organization",
  "id" : "cf627b16-7e19-40ff-8244-f5002055577a",
  "meta" : {
    "profile" : ["http://hl7.org/fhir/uv/emedicinal-product-info/StructureDefinition/Organization-uv-epi"]
  },
  "text" : {
    "status" : "generated",
    "div" : "<div xmlns=\"http://www.w3.org/1999/xhtml\"><p><b>Generated Narrative: Organization</b><a name=\"cf627b16-7e19-40ff-8244-f5002055577a\"> </a></p><div style=\"display: inline-block; background-color: #d9e0e7; padding: 6px; margin: 4px; border: 1px solid #8da1b4; border-radius: 5px; line-height: 60%\"><p style=\"margin-bottom: 0px\">Resource Organization &quot;cf627b16-7e19-40ff-8244-f5002055577a&quot; </p><p style=\"margin-bottom: 0px\">Profile: <a href=\"StructureDefinition-Organization-uv-epi.html\">Organization (ePI)</a></p></div><p><b>identifier</b>: id: ORG-100000789 (use: OFFICIAL)</p><p><b>active</b>: true</p><p><b>type</b>: Marketing authorisation holder <span style=\"background: LightGoldenRodYellow; margin: 4px; border: 1px solid khaki\"> (rmswi#220000000034)</span></p><p><b>name</b>: Sanofi-Aventis Groupe</p><h3>Contacts</h3><table class=\"grid\"><tr><td>-</td><td><b>Address</b></td></tr><tr><td>*</td><td>54, rue La Boétie F-75008 Paris FR(WORK)</td></tr></table></div>"
  },
  "identifier" : [{
    "use" : "official",
    "system" : "https://spor.ema.europa.eu/omswi",
    "value" : "ORG-100000789"
  }],
  "active" : true,
  "type" : [{
    "coding" : [{
      "system" : "https://spor.ema.europa.eu/rmswi",
      "code" : "220000000034",
      "display" : "Marketing authorisation holder"
    }],
    "text" : "Marketing authorisation holder"
  }],
  "name" : "Sanofi-Aventis Groupe",
  "contact" : [{
    "address" : {
      "use" : "work",
      "type" : "physical",
      "text" : "54, rue La Boétie F-75008 Paris FR",
      "line" : ["54, rue La Boétie F-75008"],
      "city" : "Paris",
      "country" : "FR"
    }
  }]
}