{
  "resourceType" : "PackagedProductDefinition",
  "id" : "b3f25574-fca9-4994-82c5-da198f8fa6ac",
  "meta" : {
    "profile" : ["http://hl7.org/fhir/uv/emedicinal-product-info/StructureDefinition/PackagedProductDefinition-uv-epi"]
  },
  "text" : {
    "status" : "generated",
    "div" : "<div xmlns=\"http://www.w3.org/1999/xhtml\"><p><b>Generated Narrative: PackagedProductDefinition</b><a name=\"b3f25574-fca9-4994-82c5-da198f8fa6ac\"> </a></p><div style=\"display: inline-block; background-color: #d9e0e7; padding: 6px; margin: 4px; border: 1px solid #8da1b4; border-radius: 5px; line-height: 60%\"><p style=\"margin-bottom: 0px\">Resource PackagedProductDefinition &quot;b3f25574-fca9-4994-82c5-da198f8fa6ac&quot; </p><p style=\"margin-bottom: 0px\">Profile: <a href=\"StructureDefinition-PackagedProductDefinition-uv-epi.html\">PackagedProductDefinition (ePI)</a></p></div><p><b>identifier</b>: id: nan (use: OFFICIAL)</p><p><b>name</b>: Humira 20 mg solution for injection in pre-filled syringe 2 pre-filled syringes + 2 alcohol pads</p><p><b>type</b>: Chemical Medicinal Prodcut <span style=\"background: LightGoldenRodYellow; margin: 4px; border: 1px solid khaki\"> (rmswi#100000155527)</span></p><p><b>packageFor</b>: <a href=\"MedicinalProductDefinition-e08788c9-1403-4d0e-9e5f-fef66bb88d2e.html\">MedicinalProductDefinition/e08788c9-1403-4d0e-9e5f-fef66bb88d2e</a></p><p><b>status</b>: active <span style=\"background: LightGoldenRodYellow; margin: 4px; border: 1px solid khaki\"> ([not stated]#active)</span></p><p><b>statusDate</b>: 2008-09-08</p><p><b>containedItemQuantity</b>: 20 mg<span style=\"background: LightGoldenRodYellow\"> (Details: UCUM code mg = 'mg')</span></p><p><b>manufacturer</b>: <a href=\"Organization-93c7f694-718b-48c9-bf22-06029bb40679.html\">Organization/93c7f694-718b-48c9-bf22-06029bb40679</a> &quot;AbbVie Deutschland GmbH Co. KG&quot;</p><h3>Packagings</h3><table class=\"grid\"><tr><td>-</td><td><b>Identifier</b></td><td><b>Type</b></td><td><b>Quantity</b></td><td><b>Material</b></td></tr><tr><td>*</td><td>id: 123456</td><td>Pre-filled syringe <span style=\"background: LightGoldenRodYellow; margin: 4px; border: 1px solid khaki\"> (rmswi#30051000)</span></td><td>1</td><td>nan <span style=\"background: LightGoldenRodYellow; margin: 4px; border: 1px solid khaki\"> (rmswi#nan)</span></td></tr></table></div>"
  },
  "identifier" : [{
    "use" : "official",
    "system" : "https://spor.ema.europa.eu/pmswi",
    "value" : "nan"
  }],
  "name" : "Humira 20 mg solution for injection in pre-filled syringe 2 pre-filled syringes + 2 alcohol pads",
  "type" : {
    "coding" : [{
      "system" : "https://spor.ema.europa.eu/rmswi",
      "code" : "100000155527",
      "display" : "Chemical Medicinal Prodcut"
    }]
  },
  "packageFor" : [{
    "reference" : "MedicinalProductDefinition/e08788c9-1403-4d0e-9e5f-fef66bb88d2e"
  }],
  "status" : {
    "coding" : [{
      "code" : "active"
    }]
  },
  "statusDate" : "2008-09-08",
  "containedItemQuantity" : [{
    "value" : 20,
    "system" : "http://unitsofmeasure.org",
    "code" : "mg"
  }],
  "manufacturer" : [{
    "reference" : "Organization/93c7f694-718b-48c9-bf22-06029bb40679"
  }],
  "packaging" : {
    "identifier" : [{
      "system" : "https://spor.ema.europa.eu/pmswi",
      "value" : "123456"
    }],
    "type" : {
      "coding" : [{
        "system" : "https://spor.ema.europa.eu/rmswi",
        "code" : "30051000",
        "display" : "Pre-filled syringe"
      }]
    },
    "quantity" : 1,
    "material" : [{
      "coding" : [{
        "system" : "https://spor.ema.europa.eu/rmswi",
        "code" : "nan",
        "display" : "nan"
      }]
    }]
  }
}