{
  "resourceType" : "SubstanceDefinition",
  "id" : "b386aa9b-e11e-4d03-ae3e-8a88bc0d173e",
  "meta" : {
    "profile" : ["http://hl7.org/fhir/uv/emedicinal-product-info/StructureDefinition/SubstanceDefinition-uv-epi"]
  },
  "text" : {
    "status" : "generated",
    "div" : "<div xmlns=\"http://www.w3.org/1999/xhtml\"><p><b>Generated Narrative: SubstanceDefinition</b><a name=\"b386aa9b-e11e-4d03-ae3e-8a88bc0d173e\"> </a></p><div style=\"display: inline-block; background-color: #d9e0e7; padding: 6px; margin: 4px; border: 1px solid #8da1b4; border-radius: 5px; line-height: 60%\"><p style=\"margin-bottom: 0px\">Resource SubstanceDefinition &quot;b386aa9b-e11e-4d03-ae3e-8a88bc0d173e&quot; </p><p style=\"margin-bottom: 0px\">Profile: <a href=\"StructureDefinition-SubstanceDefinition-uv-epi.html\">SubstanceDefinition (ePI)</a></p></div><p><b>identifier</b>: id: H0G9379FGK (use: OFFICIAL)</p><p><b>version</b>: 1</p><p><b>status</b>: Validated (UNII) <span style=\"background: LightGoldenRodYellow; margin: 4px; border: 1px solid khaki\"> (#1)</span></p><p><b>description</b>: nan</p><p><b>manufacturer</b>: <a href=\"Organization-999a6757-7465-4936-8055-e336523e87f3.html\">Organization/999a6757-7465-4936-8055-e336523e87f3</a> &quot;Laboratorios Farmacéuticos ROVI, S.A.&quot;</p><h3>MolecularWeights</h3><table class=\"grid\"><tr><td>-</td><td><b>Type</b></td><td><b>Amount</b></td></tr><tr><td>*</td><td>exact <span style=\"background: LightGoldenRodYellow; margin: 4px; border: 1px solid khaki\"> ()</span></td><td>100.09</td></tr></table><h3>Structures</h3><table class=\"grid\"><tr><td>-</td><td><b>MolecularFormula</b></td></tr><tr><td>*</td><td>CO3.Ca</td></tr></table><h3>Names</h3><table class=\"grid\"><tr><td>-</td><td><b>Name</b></td><td><b>Type</b></td></tr><tr><td>*</td><td>CALCII CARBONAS [WHO-IP LATIN]</td><td>Chemical Name <span style=\"background: LightGoldenRodYellow; margin: 4px; border: 1px solid khaki\"> (#x)</span></td></tr></table></div>"
  },
  "identifier" : [{
    "use" : "official",
    "system" : "https://gsrs.ncats.nih.gov/ginas/app/beta/",
    "value" : "H0G9379FGK"
  }],
  "version" : "1",
  "status" : {
    "coding" : [{
      "system" : "https://gsrs.ncats.nih.gov/ginas/app/beta/",
      "code" : "1",
      "display" : "Validated (UNII)"
    }]
  },
  "description" : "nan",
  "manufacturer" : [{
    "reference" : "Organization/999a6757-7465-4936-8055-e336523e87f3"
  }],
  "molecularWeight" : [{
    "type" : {
      "text" : "exact"
    },
    "amount" : {
      "value" : 100.09
    }
  }],
  "structure" : {
    "molecularFormula" : "CO3.Ca"
  },
  "name" : [{
    "name" : "CALCII CARBONAS [WHO-IP LATIN]",
    "type" : {
      "coding" : [{
        "system" : "https://gsrs.ncats.nih.gov/ginas/app/beta/",
        "code" : "x",
        "display" : "Chemical Name"
      }]
    }
  }]
}