<?xml version="1.0" encoding="UTF-8"?><CodeSystem xmlns="http://hl7.org/fhir"><id value="CodeSystemUvEPIRsmswi"/><text><status value="generated"/><div xmlns="http://www.w3.org/1999/xhtml"><p>This code system <code>http://hl7.org/fhir/uv/vulcan-eproduct-info/CodeSystem/CodeSystemUvEPIRsmswi</code> defines the following codes:</p><table class="codes"><tr><td style="white-space:nowrap"><b>Code</b></td></tr><tr><td style="white-space:nowrap">1<a name="CodeSystemUvEPIRsmswi-1"> </a></td></tr><tr><td style="white-space:nowrap">2<a name="CodeSystemUvEPIRsmswi-2"> </a></td></tr></table></div></text><url value="http://hl7.org/fhir/uv/vulcan-eproduct-info/CodeSystem/CodeSystemUvEPIRsmswi"/><version value="1.0.0-Ballot"/><name value="CodeSystemUvEPIRsmswi"/><title value="Substances Management Services CodeSystem"/><status value="active"/><experimental value="false"/><date value="2022-11-25T11:57:58+00:00"/><contact><name value="HL7 BR&amp;R"/><telecom><system value="url"/><value value="http://hl7.org/Special/committees/"/></telecom></contact><description value="Items from https://spor.ema.europa.eu/smswi"/><jurisdiction><coding><system value="http://unstats.un.org/unsd/methods/m49/m49.htm"/><code value="001"/><display value="World"/></coding></jurisdiction><caseSensitive value="false"/><content value="complete"/><count value="2"/><concept><code value="1"/></concept><concept><code value="2"/></concept></CodeSystem>