<?xml version="1.0" encoding="UTF-8"?><ValueSet xmlns="http://hl7.org/fhir"><id value="marketingStatus"/><text><status value="generated"/><div xmlns="http://www.w3.org/1999/xhtml"><ul><li>Include all codes defined in <code>https://spor.ema.europa.eu/rmswi/100000072052</code></li></ul></div></text><url value="http://hl7.org/fhir/uv/vulcan-eproduct-info/ValueSet/marketingStatus"/><version value="1.0.0-Ballot"/><name value="VsMarketingStatus"/><title value="Marketing Status"/><status value="active"/><experimental value="false"/><date value="2022-11-25T11:53:22+00:00"/><contact><name value="HL7 BR&amp;R"/><telecom><system value="url"/><value value="http://hl7.org/Special/committees/"/></telecom></contact><description value="Marketing Status"/><jurisdiction><coding><system value="http://unstats.un.org/unsd/methods/m49/m49.htm"/><code value="001"/><display value="World"/></coding></jurisdiction><compose><include><system value="https://spor.ema.europa.eu/rmswi/100000072052"/></include></compose></ValueSet>