<?xml version="1.0" encoding="UTF-8"?>

<Bundle xmlns="http://hl7.org/fhir">
  <id value="cfsb1651596479132"/>
  <identifier>
    <system value="https://www.gravitatehealth.eu/sid/doc"/>
    <value value="EU/1/19/1370/001"/>
  </identifier>
  <type value="document"/>
  <timestamp value="2011-06-23T08:38:00+02:00"/>
  <entry>
    <fullUrl value="Composition/cfsb1651231019151"/>
    <resource>
      <Composition>
        <id value="cfsb1651231019151"/>
        <language value="en"/>
        <text>
          <status value="generated"/><div xmlns="http://www.w3.org/1999/xhtml" xml:lang="en" lang="en"><p><b>Generated Narrative: Composition</b><a name="cfsb1651231019151"> </a></p><div style="display: inline-block; background-color: #d9e0e7; padding: 6px; margin: 4px; border: 1px solid #8da1b4; border-radius: 5px; line-height: 60%"><p style="margin-bottom: 0px">Resource Composition &quot;cfsb1651231019151&quot;  (Language &quot;en&quot;) </p></div><p><b>status</b>: final</p><p><b>type</b>: Package Leaflet <span style="background: LightGoldenRodYellow; margin: 4px; border: 1px solid khaki"> (#100000155538)</span></p><p><b>date</b>: 2022-04-29 13:28:17+0000</p><p><b>author</b>: <a href="#Organization_cfsb1651149636159">See above (Organization/cfsb1651149636159)</a></p><p><b>title</b>: TEST PURPOSES ONLY - Dovato 50 mg/300 mg film-coated tablets</p><h3>Attesters</h3><table class="grid"><tr><td>-</td><td><b>Mode</b></td><td><b>Time</b></td></tr><tr><td>*</td><td>Official <span style="background: LightGoldenRodYellow; margin: 4px; border: 1px solid khaki"> (<a href="http://hl7.org/fhir/R5/codesystem-composition-attestation-mode.html">Composition Attestation Mode</a>#official)</span></td><td>2002-08-01 13:28:17+0000</td></tr></table></div>
        </text>
        <status value="final"/>
        <type>
          <coding>
            <system value="https://spor.ema.europa.eu/"/>
            <code value="100000155538"/>
          </coding>
          <text value="Package Leaflet"/>
        </type>
        <subject>
          <reference value="RegulatedAuthorization/cfsb1651148079894"/>
        </subject>
        <date value="2022-04-29T13:28:17Z"/>
        <author>
          <reference value="Organization/cfsb1651149636159"/>
        </author>
        <title value="TEST PURPOSES ONLY - Dovato 50 mg/300 mg film-coated tablets"/>
        <attester>
          <mode>
            <coding>
              <system value="http://hl7.org/fhir/composition-attestation-mode"/>
              <code value="official"/>
            </coding>
          </mode>
          <time value="2002-08-01T13:28:17Z"/>
        </attester>
        <section>
          <title value="Product Information"/>
          <code>
            <text value="Product Info"/>
          </code>
          <entry>
            <reference value="Ingredient/cfsb1651162710491"/>
          </entry>
          <entry>
            <reference value="Ingredient/cfsb1651164758053"/>
          </entry>
          <entry>
            <reference value="Ingredient/cfsb1651170791283"/>
          </entry>
          <entry>
            <reference value="Ingredient/cfsb1651229974487"/>
          </entry>
          <entry>
            <reference value="Ingredient/cfsb1651230170831"/>
          </entry>
          <entry>
            <reference value="Ingredient/cfsb1651230330246"/>
          </entry>
          <entry>
            <reference value="AdministrableProductDefinition/cfsb1650999516847"/>
          </entry>
          <entry>
            <reference value="RegulatedAuthorization/cfsb1651148079894"/>
          </entry>
          <entry>
            <reference value="Organization/cfsb1651149636159"/>
          </entry>
          <entry>
            <reference value="Organization/cfsb1651152112409"/>
          </entry>
          <entry>
            <reference value="ManufacturedItemDefinition/cfsb1650998521654"/>
          </entry>
          <entry>
            <reference value="Organization/cfsb1650997423990"/>
          </entry>
          <entry>
            <reference value="PackagedProductDefinition/cfsb1650995718524"/>
          </entry>
          <entry>
            <reference value="MedicinalProductDefinition/cfsb1650904258324"/>
          </entry>
          <entry>
            <reference value="ManufacturedItemDefinition/cfsb1650998521654"/>
          </entry>
        </section>
        <section>
          <title value="Narrative Text"/>
          <code>
            <text value="Narrative"/>
          </code>
          <section>
            <title value="B. Package Leaflet"/>
            <code>
              <coding>
                <system value="https://spor.ema.europa.eu/"/>
                <code value="100000155538"/>
              </coding>
              <text value="B. PACKAGE LEAFLET"/>
            </code>
            <text>
              <status value="additional"/><div xmlns="http://www.w3.org/1999/xhtml">Package leaflet: Information for the patient Dovato 50 mg/300 mg film-coated tablets dolutegravir/lamivudine Read all of this leaflet carefully before you start taking this medicine because it contains important information for you.<ul><li>Keep this leaflet. You may need to read it again.</li><li>If you have any further questions, ask your doctor or pharmacist.</li><li>This medicine has been prescribed for you only. Do not pass it on to others. It may harm them, even if their signs of illness are the same as yours.</li><li>If you get any side effects talk to your doctor or pharmacist. This includes any possible side effects not listed in this leaflet. See section 4.</li></ul></div>
            </text>
          </section>
          <section>
            <title value="What is in this leaflet"/>
            <code>
              <coding>
                <system value="https://spor.ema.europa.eu/"/>
                <code value="100000155538-0"/>
              </coding>
              <text value="B. PACKAGE LEAFLET"/>
            </code>
            <text>
              <status value="additional"/><div xmlns="http://www.w3.org/1999/xhtml">What in this leaflet<ol><li>What Dovato is and what it is used for</li><li>What you need to know before you take Dovato</li><li>How to take Dovato</li><li>Possible side effects</li><li>How to store Dovato</li><li>Contents of the pack and other information</li></ol></div>
            </text>
          </section>
          <section>
            <title value="1. What Dovato is and what it is used for"/>
            <code>
              <coding>
                <system value="https://spor.ema.europa.eu/"/>
                <code value="100000155538-1"/>
              </coding>
              <text value="B. PACKAGE LEAFLET"/>
            </code>
            <text>
              <status value="additional"/><div xmlns="http://www.w3.org/1999/xhtml"><b>1. What Dovato is and what it is used for</b> Dovato is a medicine that contains two active ingredients used to treat human immunodeficiency virus (HIV) infection: dolutegravir and lamivudine.</div>
            </text>
          </section>
          <section>
            <title value="2. What you need to know before you take Dovato"/>
            <code>
              <coding>
                <system value="https://spor.ema.europa.eu/"/>
                <code value="100000155538-2"/>
              </coding>
              <text value="B. PACKAGE LEAFLET"/>
            </code>
            <text>
              <status value="additional"/><div xmlns="http://www.w3.org/1999/xhtml"><b>2. What you need to know before you take Dovato</b> Do not take Dovato<ul><li>if you are allergic (hypersensitive) to dolutegravir or lamivudine or any of the other ingredients of this medicine (listed in section 6).</li><li>If you are taking a medicine called fampridine (also known as dalfampridine; used in multiple sclerosis).</li></ul></div>
            </text>
          </section>
          <section>
            <title value="3. How to take Dovato"/>
            <code>
              <coding>
                <system value="https://spor.ema.europa.eu/"/>
                <code value="100000155538-3"/>
              </coding>
              <text value="B. PACKAGE LEAFLET"/>
            </code>
            <text>
              <status value="additional"/><div xmlns="http://www.w3.org/1999/xhtml"><b>How to take Dovato</b><p>Always take this medicine exactly as your doctor has told you. Check with your doctor or pharmacist if you are not sure</p><ul><li>The recommended dose of Dovato is <b>one tablet once a day.</b></li><li>If you are taking a medicine called fampridine (also known as dalfampridine; used in multiple sclerosis).</li></ul></div>
            </text>
          </section>
          <section>
            <title value="4. Possible side effects"/>
            <code>
              <coding>
                <system value="https://spor.ema.europa.eu/"/>
                <code value="100000155538-4"/>
              </coding>
              <text value="B. PACKAGE LEAFLET"/>
            </code>
            <text>
              <status value="additional"/><div xmlns="http://www.w3.org/1999/xhtml"><p><b>4. Possible side effects</b></p><p>Like all medicines, this medicine can cause side effects, although not everybody gets them,<b>so it is very important to talk to your doctor about any changes in your health</b></p></div>
            </text>
          </section>
          <section>
            <title value="5. How to store Dovato"/>
            <code>
              <coding>
                <system value="https://spor.ema.europa.eu/"/>
                <code value="100000155538-5"/>
              </coding>
              <text value="B. PACKAGE LEAFLET"/>
            </code>
            <text>
              <status value="additional"/><div xmlns="http://www.w3.org/1999/xhtml"><b>5. How to store Dovato</b><p>Keep this medicine out of the sight and reach of children.</p><p>Do not use this medicine after the expiry date which is stated on the carton and bottle after EXP. The expiry date refers to the last day of that month.</p><p>This medicine does not require any special storage conditions.</p><p>Do not throw away any medicines via wastewater or household waste. Ask your pharmacist how to throw away medicines you no longer use. These measures will help protect the environment.</p></div>
            </text>
          </section>
          <section>
            <title value="6. Contents of the pack and other information"/>
            <code>
              <coding>
                <system value="https://spor.ema.europa.eu/"/>
                <code value="100000155538-6"/>
              </coding>
              <text value="B. PACKAGE LEAFLET"/>
            </code>
            <text>
              <status value="additional"/><div xmlns="http://www.w3.org/1999/xhtml"><b>6. Contents of the pack and other information</b> <b>What Dovato contains</b><ul><li>The active substances are dolutegravir and lamivudine. Each tablet contains dolutegravir sodium equivalent to 50 mg dolutegravir and 300 mg lamivudine.</li><li>The other ingredients are microcrystalline cellulose, sodium starch glycolate, magnesium stearate, mannitol (E421), povidone (K29/32), sodium stearyl fumarate, hypromellose (E464), macrogol, titanium dioxide (E171).</li><li>This medicine contains less than 1 mmol sodium (23 mg) per tablet, that is to say essentially ‘sodiumfree’.</li></ul></div>
            </text>
          </section>
        </section>
      </Composition>
    </resource>
  </entry>
  <entry>
    <fullUrl value="Organization/cfsb1650997423990"/>
    <resource>
      <Organization>
        <id value="cfsb1650997423990"/>
        <text>
          <status value="generated"/><div xmlns="http://www.w3.org/1999/xhtml"><p><b>Generated Narrative: Organization</b><a name="cfsb1650997423990"> </a></p><div style="display: inline-block; background-color: #d9e0e7; padding: 6px; margin: 4px; border: 1px solid #8da1b4; border-radius: 5px; line-height: 60%"><p style="margin-bottom: 0px">Resource Organization &quot;cfsb1650997423990&quot; </p></div><p><b>identifier</b>: id: ORG-100004538 (use: OFFICIAL), id: LOC-100000153 (use: OFFICIAL)</p><p><b>active</b>: true</p><p><b>type</b>: manufacturer <span style="background: LightGoldenRodYellow; margin: 4px; border: 1px solid khaki"> (rmswi#220000000033)</span></p><p><b>name</b>: GLAXO WELLCOME, S.A.</p><h3>Contacts</h3><table class="grid"><tr><td>-</td><td><b>Address</b></td></tr><tr><td>*</td><td>Avda. Extremadura, 3(WORK)</td></tr></table></div>
        </text>
        <identifier>
          <use value="official"/>
          <system value="https://spor.ema.europa.eu/omswi"/>
          <value value="ORG-100004538"/>
        </identifier>
        <identifier>
          <use value="official"/>
          <system value="https://spor.ema.europa.eu/omswi"/>
          <value value="LOC-100000153"/>
        </identifier>
        <active value="true"/>
        <type>
          <coding>
            <system value="https://spor.ema.europa.eu/rmswi"/>
            <code value="220000000033"/>
            <display value="manufacturer"/>
          </coding>
        </type>
        <name value="GLAXO WELLCOME, S.A."/>
        <contact>
          <address>
            <use value="work"/>
            <type value="physical"/>
            <text value="Avda. Extremadura, 3"/>
            <line value="Avda. Extremadura 3, 09400 Aranda De Duero"/>
            <city value="Aranda De Duero"/>
            <country value="ES"/>
          </address>
        </contact>
      </Organization>
    </resource>
  </entry>
  <entry>
    <fullUrl value="Organization/cfsb1651152112409"/>
    <resource>
      <Organization>
        <id value="cfsb1651152112409"/>
        <text>
          <status value="generated"/><div xmlns="http://www.w3.org/1999/xhtml"><p><b>Generated Narrative: Organization</b><a name="cfsb1651152112409"> </a></p><div style="display: inline-block; background-color: #d9e0e7; padding: 6px; margin: 4px; border: 1px solid #8da1b4; border-radius: 5px; line-height: 60%"><p style="margin-bottom: 0px">Resource Organization &quot;cfsb1651152112409&quot; </p></div><p><b>identifier</b>: id: ORG-100013412 (use: OFFICIAL), id: LOC-100020264 (use: OFFICIAL)</p><p><b>active</b>: true</p><p><b>type</b>: Medicines Regulatory Authority <span style="background: LightGoldenRodYellow; margin: 4px; border: 1px solid khaki"> (#/#220000000032)</span></p><p><b>name</b>: European Medicines Agency</p><h3>Contacts</h3><table class="grid"><tr><td>-</td><td><b>Address</b></td></tr><tr><td>*</td><td>Domenico Scarlattilaan 6 1083 HS Amsterdam The Netherlands(WORK)</td></tr></table></div>
        </text>
        <identifier>
          <use value="official"/>
          <system value="https://spor.ema.europa.eu/omswi"/>
          <value value="ORG-100013412"/>
        </identifier>
        <identifier>
          <use value="official"/>
          <system value="https://spor.ema.europa.eu/omswi"/>
          <value value="LOC-100020264"/>
        </identifier>
        <active value="true"/>
        <type>
          <coding>
            <system value="https://spor.ema.europa.eu/rmswi/"/>
            <code value="/#220000000032"/>
          </coding>
          <text value="Medicines Regulatory Authority"/>
        </type>
        <name value="European Medicines Agency"/>
        <contact>
          <address>
            <use value="work"/>
            <type value="physical"/>
            <text value="Domenico Scarlattilaan 6 1083 HS Amsterdam The Netherlands"/>
            <line value="Carretera De Martorell 41 61, Poligono Industrial Nord-Est"/>
            <city value="Amsterdam"/>
            <postalCode value="1083 HS"/>
            <country value="nl"/>
          </address>
        </contact>
      </Organization>
    </resource>
  </entry>
  <entry>
    <fullUrl value="Organization/cfsb1651149636159"/>
    <resource>
      <Organization>
        <id value="cfsb1651149636159"/>
        <text>
          <status value="generated"/><div xmlns="http://www.w3.org/1999/xhtml"><p><b>Generated Narrative: Organization</b><a name="cfsb1651149636159"> </a></p><div style="display: inline-block; background-color: #d9e0e7; padding: 6px; margin: 4px; border: 1px solid #8da1b4; border-radius: 5px; line-height: 60%"><p style="margin-bottom: 0px">Resource Organization &quot;cfsb1651149636159&quot; </p></div><p><b>identifier</b>: id: ORG-100012958 (use: OFFICIAL)</p><p><b>active</b>: true</p><p><b>type</b>: Marketing authorisation holder <span style="background: LightGoldenRodYellow; margin: 4px; border: 1px solid khaki"> (rmswi#220000000034)</span></p><p><b>name</b>: ViiV Healthcare BV</p><h3>Contacts</h3><table class="grid"><tr><td>-</td><td><b>Address</b></td></tr><tr><td>*</td><td>Van Asch van Wijckstraat 55H 3811 LP Amersfoort Netherlands(WORK)</td></tr></table></div>
        </text>
        <identifier>
          <use value="official"/>
          <system value="https://spor.ema.europa.eu/omswi"/>
          <value value="ORG-100012958"/>
        </identifier>
        <active value="true"/>
        <type>
          <coding>
            <system value="https://spor.ema.europa.eu/rmswi"/>
            <code value="220000000034"/>
            <display value="Marketing authorisation holder"/>
          </coding>
          <text value="Marketing authorisation holder"/>
        </type>
        <name value="ViiV Healthcare BV"/>
        <contact>
          <address>
            <use value="work"/>
            <type value="physical"/>
            <text value="Van Asch van Wijckstraat 55H 3811 LP Amersfoort Netherlands"/>
            <line value="Van Asch van Wijckstraat 55H"/>
            <city value="Amersfoort"/>
            <country value="NL"/>
          </address>
        </contact>
      </Organization>
    </resource>
  </entry>
  <entry>
    <fullUrl value="RegulatedAuthorization/cfsb1651148079894"/>
    <resource>
      <RegulatedAuthorization>
        <id value="cfsb1651148079894"/>
        <text>
          <status value="generated"/><div xmlns="http://www.w3.org/1999/xhtml"><p><b>Generated Narrative: RegulatedAuthorization</b><a name="cfsb1651148079894"> </a></p><div style="display: inline-block; background-color: #d9e0e7; padding: 6px; margin: 4px; border: 1px solid #8da1b4; border-radius: 5px; line-height: 60%"><p style="margin-bottom: 0px">Resource RegulatedAuthorization &quot;cfsb1651148079894&quot; </p></div><p><b>identifier</b>: id: EU/1/19/1370/001 (use: OFFICIAL)</p><p><b>subject</b>: <a href="#MedicinalProductDefinition_cfsb1650904258324">See above (MedicinalProductDefinition/cfsb1650904258324)</a></p><p><b>type</b>: Marketing Authorisation <span style="background: LightGoldenRodYellow; margin: 4px; border: 1px solid khaki"> (rmswi#100000072062)</span></p><p><b>region</b>: European Union <span style="background: LightGoldenRodYellow; margin: 4px; border: 1px solid khaki"> (<a href="http://terminology.hl7.org/5.0.0/CodeSystem-ISO3166Part1.html">ISO 3166-1 Codes for the representation of names of countries and their subdivisions — Part 1: Country code</a>#eu)</span></p><p><b>status</b>: Active <span style="background: LightGoldenRodYellow; margin: 4px; border: 1px solid khaki"> (<a href="http://hl7.org/fhir/R5/codesystem-publication-status.html">PublicationStatus</a>#active)</span></p><p><b>statusDate</b>: 2019-07-01 13:28:17+0000</p><p><b>holder</b>: <a href="#Organization_cfsb1651149636159">See above (Organization/cfsb1651149636159)</a></p><p><b>regulator</b>: <a href="#Organization_cfsb1651152112409">See above (Organization/cfsb1651152112409)</a></p></div>
        </text>
        <identifier>
          <use value="official"/>
          <system value="https://spor.ema.europa.eu/pmswi"/>
          <value value="EU/1/19/1370/001"/>
        </identifier>
        <subject>
          <reference value="MedicinalProductDefinition/cfsb1650904258324"/>
        </subject>
        <type>
          <coding>
            <system value="https://spor.ema.europa.eu/rmswi"/>
            <code value="100000072062"/>
          </coding>
          <text value="Marketing Authorisation"/>
        </type>
        <region>
          <coding>
            <system value="urn:iso:std:iso:3166"/>
            <code value="eu"/>
          </coding>
          <text value="European Union"/>
        </region>
        <status>
          <coding>
            <system value="http://hl7.org/fhir/publication-status"/>
            <code value="active"/>
          </coding>
          <text value="Active"/>
        </status>
        <statusDate value="2019-07-01T13:28:17Z"/>
        <holder>
          <reference value="Organization/cfsb1651149636159"/>
        </holder>
        <regulator>
          <reference value="Organization/cfsb1651152112409"/>
        </regulator>
      </RegulatedAuthorization>
    </resource>
  </entry>
  <entry>
    <fullUrl value="MedicinalProductDefinition/cfsb1650904258324"/>
    <resource>
      <MedicinalProductDefinition>
        <id value="cfsb1650904258324"/>
        <text>
          <status value="generated"/><div xmlns="http://www.w3.org/1999/xhtml"><p><b>Generated Narrative: MedicinalProductDefinition</b><a name="cfsb1650904258324"> </a></p><div style="display: inline-block; background-color: #d9e0e7; padding: 6px; margin: 4px; border: 1px solid #8da1b4; border-radius: 5px; line-height: 60%"><p style="margin-bottom: 0px">Resource MedicinalProductDefinition &quot;cfsb1650904258324&quot; </p></div><p><b>identifier</b>: id: 498163</p><p><b>type</b>: Medicinal Product <span style="background: LightGoldenRodYellow; margin: 4px; border: 1px solid khaki"> (<a href="http://hl7.org/fhir/R5/codesystem-medicinal-product-type.html">Medicinal Product Type</a>#MedicinalProduct)</span></p><p><b>domain</b>: Human use <span style="background: LightGoldenRodYellow; margin: 4px; border: 1px solid khaki"> (<a href="http://hl7.org/fhir/R5/codesystem-medicinal-product-domain.html">Medicinal Product Domain</a>#Human)</span></p><p><b>status</b>: Active <span style="background: LightGoldenRodYellow; margin: 4px; border: 1px solid khaki"> (<a href="http://hl7.org/fhir/R5/codesystem-publication-status.html">PublicationStatus</a>#active)</span></p><p><b>legalStatusOfSupply</b>: Medicinal product subject to medical prescription <span style="background: LightGoldenRodYellow; margin: 4px; border: 1px solid khaki"> (rmswi#100000072084)</span></p><blockquote><p><b>name</b></p><p><b>productName</b>: Dovato 50 mg/300 mg film-coated tablets</p><p><b>type</b>: Full name <span style="background: LightGoldenRodYellow; margin: 4px; border: 1px solid khaki"> (rmswi#220000000001)</span></p><blockquote><p><b>part</b></p><p><b>part</b>: Dovato</p><p><b>type</b>: Invented name part <span style="background: LightGoldenRodYellow; margin: 4px; border: 1px solid khaki"> (rmswi#220000000002)</span></p></blockquote><blockquote><p><b>part</b></p><p><b>part</b>: dolutegravir/lamivudine</p><p><b>type</b>: Scientific name part <span style="background: LightGoldenRodYellow; margin: 4px; border: 1px solid khaki"> (rmswi#220000000003)</span></p></blockquote><blockquote><p><b>part</b></p><p><b>part</b>: 50 mg/300 mg</p><p><b>type</b>: Strength part <span style="background: LightGoldenRodYellow; margin: 4px; border: 1px solid khaki"> (rmswi#220000000004)</span></p></blockquote><blockquote><p><b>part</b></p><p><b>part</b>: film-coated tablets</p><p><b>type</b>: Pharmaceutical dose form part <span style="background: LightGoldenRodYellow; margin: 4px; border: 1px solid khaki"> (rmswi#220000000005)</span></p></blockquote><h3>Usages</h3><table class="grid"><tr><td>-</td><td><b>Country</b></td><td><b>Jurisdiction</b></td><td><b>Language</b></td></tr><tr><td>*</td><td>European Union <span style="background: LightGoldenRodYellow; margin: 4px; border: 1px solid khaki"> (<a href="http://terminology.hl7.org/5.0.0/CodeSystem-ISO3166Part1.html">ISO 3166-1 Codes for the representation of names of countries and their subdivisions — Part 1: Country code</a>#eu)</span></td><td>European Union <span style="background: LightGoldenRodYellow; margin: 4px; border: 1px solid khaki"> (<a href="http://terminology.hl7.org/5.0.0/CodeSystem-ISO3166Part1.html">ISO 3166-1 Codes for the representation of names of countries and their subdivisions — Part 1: Country code</a>#eu)</span></td><td>English <span style="background: LightGoldenRodYellow; margin: 4px; border: 1px solid khaki"> (<a href="http://terminology.hl7.org/5.0.0/CodeSystem-v3-ietf3066.html">Tags for the Identification of Languages</a>#en)</span></td></tr></table></blockquote></div>
        </text>
        <identifier>
          <system value="https://spor.ema.europa.eu/pmswi"/>
          <value value="498163"/>
        </identifier>
        <type>
          <coding>
            <system value="http://hl7.org/fhir/medicinal-product-type"/>
            <code value="MedicinalProduct"/>
          </coding>
          <text value="Medicinal Product"/>
        </type>
        <domain>
          <coding>
            <system value="http://hl7.org/fhir/medicinal-product-domain"/>
            <code value="Human"/>
          </coding>
          <text value="Human use"/>
        </domain>
        <status>
          <coding>
            <system value="http://hl7.org/fhir/publication-status"/>
            <code value="active"/>
            <display value="Active"/>
          </coding>
        </status>
        <legalStatusOfSupply>
          <coding>
            <system value="https://spor.ema.europa.eu/rmswi"/>
            <code value="100000072084"/>
          </coding>
          <text value="Medicinal product subject to medical prescription"/>
        </legalStatusOfSupply>
        <name>
          <productName value="Dovato 50 mg/300 mg film-coated tablets"/>
          <type>
            <coding>
              <system value="https://spor.ema.europa.eu/rmswi"/>
              <code value="220000000001"/>
            </coding>
            <text value="Full name"/>
          </type>
          <part>
            <part value="Dovato"/>
            <type>
              <coding>
                <system value="https://spor.ema.europa.eu/rmswi"/>
                <code value="220000000002"/>
                <display value="Invented name part"/>
              </coding>
            </type>
          </part>
          <part>
            <part value="dolutegravir/lamivudine"/>
            <type>
              <coding>
                <system value="https://spor.ema.europa.eu/rmswi"/>
                <code value="220000000003"/>
                <display value="Scientific name part"/>
              </coding>
            </type>
          </part>
          <part>
            <part value="50 mg/300 mg"/>
            <type>
              <coding>
                <system value="https://spor.ema.europa.eu/rmswi"/>
                <code value="220000000004"/>
                <display value="Strength part"/>
              </coding>
            </type>
          </part>
          <part>
            <part value="film-coated tablets"/>
            <type>
              <coding>
                <system value="https://spor.ema.europa.eu/rmswi"/>
                <code value="220000000005"/>
                <display value="Pharmaceutical dose form part"/>
              </coding>
            </type>
          </part>
          <usage>
            <country>
              <coding>
                <system value="urn:iso:std:iso:3166"/>
                <code value="eu"/>
                <display value="European Union"/>
              </coding>
            </country>
            <jurisdiction>
              <coding>
                <system value="urn:iso:std:iso:3166"/>
                <code value="eu"/>
                <display value="European Union"/>
              </coding>
            </jurisdiction>
            <language>
              <coding>
                <system value="urn:ietf:bcp:47"/>
                <code value="en"/>
                <display value="English"/>
              </coding>
            </language>
          </usage>
        </name>
      </MedicinalProductDefinition>
    </resource>
  </entry>
  <entry>
    <fullUrl value="PackagedProductDefinition/cfsb1650995718524"/>
    <resource>
      <PackagedProductDefinition>
        <id value="cfsb1650995718524"/>
        <text>
          <status value="generated"/><div xmlns="http://www.w3.org/1999/xhtml"><p><b>Generated Narrative: PackagedProductDefinition</b><a name="cfsb1650995718524"> </a></p><div style="display: inline-block; background-color: #d9e0e7; padding: 6px; margin: 4px; border: 1px solid #8da1b4; border-radius: 5px; line-height: 60%"><p style="margin-bottom: 0px">Resource PackagedProductDefinition &quot;cfsb1650995718524&quot; </p></div><p><b>identifier</b>: id: EU/1/19/1370/001 (use: OFFICIAL)</p><p><b>name</b>: Dovato 50 mg/300 mg film-coated tablets</p><p><b>type</b>: Chemical Medicinal Prodcut <span style="background: LightGoldenRodYellow; margin: 4px; border: 1px solid khaki"> (rmswi#100000155527)</span></p><p><b>packageFor</b>: <a href="#MedicinalProductDefinition_cfsb1650904258324">See above (MedicinalProductDefinition/cfsb1650904258324)</a></p><p><b>status</b>: Active <span style="background: LightGoldenRodYellow; margin: 4px; border: 1px solid khaki"> (<a href="http://hl7.org/fhir/R5/codesystem-publication-status.html">PublicationStatus</a>#active)</span></p><p><b>statusDate</b>: 2012-02-07 13:28:17+0000</p><p><b>containedItemQuantity</b>: 30 tablets</p><p><b>manufacturer</b>: <a href="#Organization_cfsb1650997423990">See above (Organization/cfsb1650997423990)</a></p><h3>Packagings</h3><table class="grid"><tr><td>-</td><td><b>Identifier</b></td><td><b>Type</b></td><td><b>Quantity</b></td><td><b>Material</b></td></tr><tr><td>*</td><td>id: 654321</td><td>Child-resistant closure <span style="background: LightGoldenRodYellow; margin: 4px; border: 1px solid khaki"> (rmswi#100000073504)</span></td><td>1</td><td>Cardboard <span style="background: LightGoldenRodYellow; margin: 4px; border: 1px solid khaki"> (rmswi#200000003529)</span></td></tr></table></div>
        </text>
        <identifier>
          <use value="official"/>
          <system value="https://spor.ema.europa.eu/pmswi"/>
          <value value="EU/1/19/1370/001"/>
        </identifier>
        <name value="Dovato 50 mg/300 mg film-coated tablets"/>
        <type>
          <coding>
            <system value="https://spor.ema.europa.eu/rmswi"/>
            <code value="100000155527"/>
          </coding>
          <text value="Chemical Medicinal Prodcut"/>
        </type>
        <packageFor>
          <reference value="MedicinalProductDefinition/cfsb1650904258324"/>
        </packageFor>
        <status>
          <coding>
            <system value="http://hl7.org/fhir/publication-status"/>
            <code value="active"/>
            <display value="Active"/>
          </coding>
        </status>
        <statusDate value="2012-02-07T13:28:17Z"/>
        <containedItemQuantity>
          <value value="30"/>
          <unit value="tablets"/>
        </containedItemQuantity>
        <manufacturer>
          <reference value="Organization/cfsb1650997423990"/>
        </manufacturer>
        <packaging>
          <identifier>
            <system value="https://spor.ema.europa.eu/pmswi"/>
            <value value="654321"/>
          </identifier>
          <type>
            <coding>
              <system value="https://spor.ema.europa.eu/rmswi"/>
              <code value="100000073504"/>
              <display value="Child-resistant closure"/>
            </coding>
          </type>
          <quantity value="1"/>
          <material>
            <coding>
              <system value="https://spor.ema.europa.eu/rmswi"/>
              <code value="200000003529"/>
              <display value="Cardboard"/>
            </coding>
          </material>
        </packaging>
      </PackagedProductDefinition>
    </resource>
  </entry>
  <entry>
    <fullUrl value="AdministrableProductDefinition/cfsb1650999516847"/>
    <resource>
      <AdministrableProductDefinition>
        <id value="cfsb1650999516847"/>
        <text>
          <status value="generated"/><div xmlns="http://www.w3.org/1999/xhtml"><p><b>Generated Narrative: AdministrableProductDefinition</b><a name="cfsb1650999516847"> </a></p><div style="display: inline-block; background-color: #d9e0e7; padding: 6px; margin: 4px; border: 1px solid #8da1b4; border-radius: 5px; line-height: 60%"><p style="margin-bottom: 0px">Resource AdministrableProductDefinition &quot;cfsb1650999516847&quot; </p></div><p><b>identifier</b>: id: 123456</p><p><b>status</b>: active</p><p><b>formOf</b>: <a href="#MedicinalProductDefinition_cfsb1650904258324">See above (MedicinalProductDefinition/cfsb1650904258324)</a></p><p><b>administrableDoseForm</b>: Tablet <span style="background: LightGoldenRodYellow; margin: 4px; border: 1px solid khaki"> (#10219000)</span></p><p><b>unitOfPresentation</b>: Tablet <span style="background: LightGoldenRodYellow; margin: 4px; border: 1px solid khaki"> (#15054000)</span></p><p><b>producedFrom</b>: <a href="#ManufacturedItemDefinition_cfsb1650998521654">See above (ManufacturedItemDefinition/cfsb1650998521654)</a></p><blockquote><p><b>routeOfAdministration</b></p><p><b>code</b>: Oral use <span style="background: LightGoldenRodYellow; margin: 4px; border: 1px solid khaki"> (#20053000)</span></p><h3>TargetSpecies</h3><table class="grid"><tr><td>-</td><td><b>Code</b></td></tr><tr><td>*</td><td>Human <span style="background: LightGoldenRodYellow; margin: 4px; border: 1px solid khaki"> (#/#100000109093)</span></td></tr></table></blockquote></div>
        </text>
        <identifier>
          <system value="https://www.who-umc.org/phpid"/>
          <value value="123456"/>
        </identifier>
        <status value="active"/>
        <formOf>
          <reference value="MedicinalProductDefinition/cfsb1650904258324"/>
        </formOf>
        <administrableDoseForm>
          <coding>
            <system value="https://standardterms.edqm.eu/browse/get_concepts_by/SOM/SOM/"/>
            <code value="10219000"/>
          </coding>
          <text value="Tablet"/>
        </administrableDoseForm>
        <unitOfPresentation>
          <coding>
            <system value="https://standardterms.edqm.eu/browse/get_concepts/UOP/"/>
            <code value="15054000"/>
          </coding>
          <text value="Tablet"/>
        </unitOfPresentation>
        <producedFrom>
          <reference value="ManufacturedItemDefinition/cfsb1650998521654"/>
        </producedFrom>
        <routeOfAdministration>
          <code>
            <coding>
              <system value="https://standardterms.edqm.eu/browse/get_concepts/ROA/"/>
              <code value="20053000"/>
            </coding>
            <text value="Oral use"/>
          </code>
          <targetSpecies>
            <code>
              <coding>
                <system value="https://spor.ema.europa.eu/rmswi/"/>
                <code value="/#100000109093"/>
              </coding>
              <text value="Human"/>
            </code>
          </targetSpecies>
        </routeOfAdministration>
      </AdministrableProductDefinition>
    </resource>
  </entry>
  <entry>
    <fullUrl value="ManufacturedItemDefinition/cfsb1650998521654"/>
    <resource>
      <ManufacturedItemDefinition>
        <id value="cfsb1650998521654"/>
        <text>
          <status value="generated"/><div xmlns="http://www.w3.org/1999/xhtml"><p><b>Generated Narrative: ManufacturedItemDefinition</b><a name="cfsb1650998521654"> </a></p><div style="display: inline-block; background-color: #d9e0e7; padding: 6px; margin: 4px; border: 1px solid #8da1b4; border-radius: 5px; line-height: 60%"><p style="margin-bottom: 0px">Resource ManufacturedItemDefinition &quot;cfsb1650998521654&quot; </p></div><p><b>identifier</b>: id: EU/1/19/1370/001 (use: OFFICIAL)</p><p><b>status</b>: active</p><p><b>manufacturedDoseForm</b>: Film-coated tablet <span style="background: LightGoldenRodYellow; margin: 4px; border: 1px solid khaki"> (#100000073665)</span></p><p><b>unitOfPresentation</b>: Tablet <span style="background: LightGoldenRodYellow; margin: 4px; border: 1px solid khaki"> (rmswi#200000002152)</span></p><p><b>manufacturer</b>: <a href="#Organization_cfsb1650997423990">See above (Organization/cfsb1650997423990)</a></p></div>
        </text>
        <identifier>
          <use value="official"/>
          <system value="https://spor.ema.europa.eu/pmswi/#/"/>
          <value value="EU/1/19/1370/001"/>
        </identifier>
        <status value="active"/>
        <manufacturedDoseForm>
          <coding>
            <system value="https://spor.ema.europa.eu/rmswi/"/>
            <code value="100000073665"/>
          </coding>
          <text value="Film-coated tablet"/>
        </manufacturedDoseForm>
        <unitOfPresentation>
          <coding>
            <system value="https://spor.ema.europa.eu/rmswi"/>
            <code value="200000002152"/>
          </coding>
          <text value="Tablet"/>
        </unitOfPresentation>
        <manufacturer>
          <reference value="Organization/cfsb1650997423990"/>
        </manufacturer>
      </ManufacturedItemDefinition>
    </resource>
  </entry>
  <entry>
    <fullUrl value="Ingredient/cfsb1651162710491"/>
    <resource>
      <Ingredient>
        <id value="cfsb1651162710491"/>
        <text>
          <status value="generated"/><div xmlns="http://www.w3.org/1999/xhtml"><p><b>Generated Narrative: Ingredient</b><a name="cfsb1651162710491"> </a></p><div style="display: inline-block; background-color: #d9e0e7; padding: 6px; margin: 4px; border: 1px solid #8da1b4; border-radius: 5px; line-height: 60%"><p style="margin-bottom: 0px">Resource Ingredient &quot;cfsb1651162710491&quot; </p></div><p><b>identifier</b>: id: 1Q1V9V5WYQ (use: OFFICIAL)</p><p><b>status</b>: active</p><p><b>for</b>: <a href="#ManufacturedItemDefinition_cfsb1650998521654">See above (ManufacturedItemDefinition/cfsb1650998521654)</a></p><p><b>role</b>: active <span style="background: LightGoldenRodYellow; margin: 4px; border: 1px solid khaki"> (#00000072072)</span></p><h3>Manufacturers</h3><table class="grid"><tr><td>-</td><td><b>Manufacturer</b></td></tr><tr><td>*</td><td><a href="#Organization_cfsb1650997423990">See above (Organization/cfsb1650997423990)</a></td></tr></table><blockquote><p><b>substance</b></p><h3>Codes</h3><table class="grid"><tr><td>-</td><td><b>Concept</b></td></tr><tr><td>*</td><td>DOLUTEGRAVIR SODIUM <span style="background: LightGoldenRodYellow; margin: 4px; border: 1px solid khaki"> (#1Q1V9V5WYQ)</span></td></tr></table><h3>Strengths</h3><table class="grid"><tr><td>-</td><td><b>Presentation[x]</b></td><td><b>Basis</b></td></tr><tr><td>*</td><td>50 mg</td><td>active ingredient - basis of strength <span style="background: LightGoldenRodYellow; margin: 4px; border: 1px solid khaki"> (<a href="http://terminology.hl7.org/5.0.0/CodeSystem-v3-RoleClass.html">RoleClass</a>#ACTIB)</span></td></tr></table></blockquote></div>
        </text>
        <identifier>
          <use value="official"/>
          <system value="https://gsrs.ncats.nih.gov/ginas/app/beta/"/>
          <value value="1Q1V9V5WYQ"/>
        </identifier>
        <status value="active"/>
        <for>
          <reference value="ManufacturedItemDefinition/cfsb1650998521654"/>
        </for>
        <role>
          <coding>
            <system value="https://spor.ema.europa.eu/rmswi/"/>
            <code value="00000072072"/>
          </coding>
          <text value="active"/>
        </role>
        <manufacturer>
          <manufacturer>
            <reference value="Organization/cfsb1650997423990"/>
          </manufacturer>
        </manufacturer>
        <substance>
          <code>
            <concept>
              <coding>
                <system value="https://gsrs.ncats.nih.gov/ginas/app/beta/"/>
                <code value="1Q1V9V5WYQ"/>
                <display value="DOLUTEGRAVIR SODIUM"/>
              </coding>
            </concept>
          </code>
          <strength>
            <presentationQuantity>
              <value value="50"/>
              <unit value="mg"/>
            </presentationQuantity>
            <basis>
              <coding>
                <system value="http://terminology.hl7.org/CodeSystem/v3-RoleClass"/>
                <code value="ACTIB"/>
              </coding>
              <text value="active ingredient - basis of strength"/>
            </basis>
          </strength>
        </substance>
      </Ingredient>
    </resource>
  </entry>
  <entry>
    <fullUrl value="Ingredient/cfsb1651164758053"/>
    <resource>
      <Ingredient>
        <id value="cfsb1651164758053"/>
        <text>
          <status value="generated"/><div xmlns="http://www.w3.org/1999/xhtml"><p><b>Generated Narrative: Ingredient</b><a name="cfsb1651164758053"> </a></p><div style="display: inline-block; background-color: #d9e0e7; padding: 6px; margin: 4px; border: 1px solid #8da1b4; border-radius: 5px; line-height: 60%"><p style="margin-bottom: 0px">Resource Ingredient &quot;cfsb1651164758053&quot; </p></div><p><b>identifier</b>: id: 2T8Q726O95 (use: OFFICIAL)</p><p><b>status</b>: active</p><p><b>for</b>: <a href="#ManufacturedItemDefinition_cfsb1650998521654">See above (ManufacturedItemDefinition/cfsb1650998521654)</a></p><p><b>role</b>: active <span style="background: LightGoldenRodYellow; margin: 4px; border: 1px solid khaki"> (#100000072072)</span></p><h3>Manufacturers</h3><table class="grid"><tr><td>-</td><td><b>Manufacturer</b></td></tr><tr><td>*</td><td><a href="#Organization_cfsb1650997423990">See above (Organization/cfsb1650997423990)</a></td></tr></table><blockquote><p><b>substance</b></p><h3>Codes</h3><table class="grid"><tr><td>-</td><td><b>Concept</b></td></tr><tr><td>*</td><td>lamivudine <span style="background: LightGoldenRodYellow; margin: 4px; border: 1px solid khaki"> (#2T8Q726O95)</span></td></tr></table><h3>Strengths</h3><table class="grid"><tr><td>-</td><td><b>Presentation[x]</b></td><td><b>Basis</b></td></tr><tr><td>*</td><td>300 mg</td><td>active ingredient - basis of strength <span style="background: LightGoldenRodYellow; margin: 4px; border: 1px solid khaki"> (<a href="http://terminology.hl7.org/5.0.0/CodeSystem-v3-RoleClass.html">RoleClass</a>#ACTIB)</span></td></tr></table></blockquote></div>
        </text>
        <identifier>
          <use value="official"/>
          <system value="https://gsrs.ncats.nih.gov/ginas/app/beta/"/>
          <value value="2T8Q726O95"/>
        </identifier>
        <status value="active"/>
        <for>
          <reference value="ManufacturedItemDefinition/cfsb1650998521654"/>
        </for>
        <role>
          <coding>
            <system value="https://spor.ema.europa.eu/rmswi/"/>
            <code value="100000072072"/>
          </coding>
          <text value="active"/>
        </role>
        <manufacturer>
          <manufacturer>
            <reference value="Organization/cfsb1650997423990"/>
          </manufacturer>
        </manufacturer>
        <substance>
          <code>
            <concept>
              <coding>
                <system value="https://gsrs.ncats.nih.gov/ginas/app/beta/"/>
                <code value="2T8Q726O95"/>
                <display value="lamivudine"/>
              </coding>
            </concept>
          </code>
          <strength>
            <presentationQuantity>
              <value value="300"/>
              <unit value="mg"/>
            </presentationQuantity>
            <basis>
              <coding>
                <system value="http://terminology.hl7.org/CodeSystem/v3-RoleClass"/>
                <code value="ACTIB"/>
              </coding>
              <text value="active ingredient - basis of strength"/>
            </basis>
          </strength>
        </substance>
      </Ingredient>
    </resource>
  </entry>
  <entry>
    <fullUrl value="Ingredient/cfsb1651170791283"/>
    <resource>
      <Ingredient>
        <id value="cfsb1651170791283"/>
        <text>
          <status value="generated"/><div xmlns="http://www.w3.org/1999/xhtml"><p><b>Generated Narrative: Ingredient</b><a name="cfsb1651170791283"> </a></p><div style="display: inline-block; background-color: #d9e0e7; padding: 6px; margin: 4px; border: 1px solid #8da1b4; border-radius: 5px; line-height: 60%"><p style="margin-bottom: 0px">Resource Ingredient &quot;cfsb1651170791283&quot; </p></div><p><b>identifier</b>: id: OP1R32D61U (use: OFFICIAL)</p><p><b>status</b>: active</p><p><b>for</b>: <a href="#ManufacturedItemDefinition_cfsb1650998521654">See above (ManufacturedItemDefinition/cfsb1650998521654)</a></p><p><b>role</b>: Excipient <span style="background: LightGoldenRodYellow; margin: 4px; border: 1px solid khaki"> (#100000072082)</span></p><h3>Manufacturers</h3><table class="grid"><tr><td>-</td><td><b>Manufacturer</b></td></tr><tr><td>*</td><td><a href="#Organization_cfsb1650997423990">See above (Organization/cfsb1650997423990)</a></td></tr></table><blockquote><p><b>substance</b></p><h3>Codes</h3><table class="grid"><tr><td>-</td><td><b>Concept</b></td></tr><tr><td>*</td><td>microcrystalline cellulose <span style="background: LightGoldenRodYellow; margin: 4px; border: 1px solid khaki"> (#OP1R32D61U)</span></td></tr></table></blockquote></div>
        </text>
        <identifier>
          <use value="official"/>
          <system value="https://gsrs.ncats.nih.gov/ginas/app/beta/"/>
          <value value="OP1R32D61U"/>
        </identifier>
        <status value="active"/>
        <for>
          <reference value="ManufacturedItemDefinition/cfsb1650998521654"/>
        </for>
        <role>
          <coding>
            <system value="https://spor.ema.europa.eu/rmswi/"/>
            <code value="100000072082"/>
          </coding>
          <text value="Excipient"/>
        </role>
        <manufacturer>
          <manufacturer>
            <reference value="Organization/cfsb1650997423990"/>
          </manufacturer>
        </manufacturer>
        <substance>
          <code>
            <concept>
              <coding>
                <system value="https://gsrs.ncats.nih.gov/ginas/app/beta/"/>
                <code value="OP1R32D61U"/>
                <display value="microcrystalline cellulose"/>
              </coding>
            </concept>
          </code>
        </substance>
      </Ingredient>
    </resource>
  </entry>
  <entry>
    <fullUrl value="Ingredient/cfsb1651229974487"/>
    <resource>
      <Ingredient>
        <id value="cfsb1651229974487"/>
        <text>
          <status value="generated"/><div xmlns="http://www.w3.org/1999/xhtml"><p><b>Generated Narrative: Ingredient</b><a name="cfsb1651229974487"> </a></p><div style="display: inline-block; background-color: #d9e0e7; padding: 6px; margin: 4px; border: 1px solid #8da1b4; border-radius: 5px; line-height: 60%"><p style="margin-bottom: 0px">Resource Ingredient &quot;cfsb1651229974487&quot; </p></div><p><b>identifier</b>: id: H8AV0SQX4D (use: OFFICIAL)</p><p><b>status</b>: active</p><p><b>for</b>: <a href="#ManufacturedItemDefinition_cfsb1650998521654">See above (ManufacturedItemDefinition/cfsb1650998521654)</a></p><p><b>role</b>: Excipient <span style="background: LightGoldenRodYellow; margin: 4px; border: 1px solid khaki"> (#100000072082)</span></p><h3>Manufacturers</h3><table class="grid"><tr><td>-</td><td><b>Manufacturer</b></td></tr><tr><td>*</td><td><a href="#Organization_cfsb1650997423990">See above (Organization/cfsb1650997423990)</a></td></tr></table><blockquote><p><b>substance</b></p><h3>Codes</h3><table class="grid"><tr><td>-</td><td><b>Concept</b></td></tr><tr><td>*</td><td>sodium starch glycolate <span style="background: LightGoldenRodYellow; margin: 4px; border: 1px solid khaki"> (#H8AV0SQX4D)</span></td></tr></table></blockquote></div>
        </text>
        <identifier>
          <use value="official"/>
          <system value="https://gsrs.ncats.nih.gov/ginas/app/beta/"/>
          <value value="H8AV0SQX4D"/>
        </identifier>
        <status value="active"/>
        <for>
          <reference value="ManufacturedItemDefinition/cfsb1650998521654"/>
        </for>
        <role>
          <coding>
            <system value="https://spor.ema.europa.eu/rmswi/"/>
            <code value="100000072082"/>
          </coding>
          <text value="Excipient"/>
        </role>
        <manufacturer>
          <manufacturer>
            <reference value="Organization/cfsb1650997423990"/>
          </manufacturer>
        </manufacturer>
        <substance>
          <code>
            <concept>
              <coding>
                <system value="https://gsrs.ncats.nih.gov/ginas/app/beta/"/>
                <code value="H8AV0SQX4D"/>
                <display value="sodium starch glycolate"/>
              </coding>
            </concept>
          </code>
        </substance>
      </Ingredient>
    </resource>
  </entry>
  <entry>
    <fullUrl value="Ingredient/cfsb1651230170831"/>
    <resource>
      <Ingredient>
        <id value="cfsb1651230170831"/>
        <text>
          <status value="generated"/><div xmlns="http://www.w3.org/1999/xhtml"><p><b>Generated Narrative: Ingredient</b><a name="cfsb1651230170831"> </a></p><div style="display: inline-block; background-color: #d9e0e7; padding: 6px; margin: 4px; border: 1px solid #8da1b4; border-radius: 5px; line-height: 60%"><p style="margin-bottom: 0px">Resource Ingredient &quot;cfsb1651230170831&quot; </p></div><p><b>identifier</b>: id: 70097M6I30 (use: OFFICIAL)</p><p><b>status</b>: active</p><p><b>for</b>: <a href="#ManufacturedItemDefinition_cfsb1650998521654">See above (ManufacturedItemDefinition/cfsb1650998521654)</a></p><p><b>role</b>: Excipient <span style="background: LightGoldenRodYellow; margin: 4px; border: 1px solid khaki"> (#100000072082)</span></p><h3>Manufacturers</h3><table class="grid"><tr><td>-</td><td><b>Manufacturer</b></td></tr><tr><td>*</td><td><a href="#Organization_cfsb1650997423990">See above (Organization/cfsb1650997423990)</a></td></tr></table><blockquote><p><b>substance</b></p><h3>Codes</h3><table class="grid"><tr><td>-</td><td><b>Concept</b></td></tr><tr><td>*</td><td>magnesium stearate <span style="background: LightGoldenRodYellow; margin: 4px; border: 1px solid khaki"> (#70097M6I30)</span></td></tr></table></blockquote></div>
        </text>
        <identifier>
          <use value="official"/>
          <system value="https://gsrs.ncats.nih.gov/ginas/app/beta/"/>
          <value value="70097M6I30"/>
        </identifier>
        <status value="active"/>
        <for>
          <reference value="ManufacturedItemDefinition/cfsb1650998521654"/>
        </for>
        <role>
          <coding>
            <system value="https://spor.ema.europa.eu/rmswi/"/>
            <code value="100000072082"/>
          </coding>
          <text value="Excipient"/>
        </role>
        <manufacturer>
          <manufacturer>
            <reference value="Organization/cfsb1650997423990"/>
          </manufacturer>
        </manufacturer>
        <substance>
          <code>
            <concept>
              <coding>
                <system value="https://gsrs.ncats.nih.gov/ginas/app/beta/"/>
                <code value="70097M6I30"/>
                <display value="magnesium stearate"/>
              </coding>
            </concept>
          </code>
        </substance>
      </Ingredient>
    </resource>
  </entry>
  <entry>
    <fullUrl value="Ingredient/cfsb1651230330246"/>
    <resource>
      <Ingredient>
        <id value="cfsb1651230330246"/>
        <text>
          <status value="generated"/><div xmlns="http://www.w3.org/1999/xhtml"><p><b>Generated Narrative: Ingredient</b><a name="cfsb1651230330246"> </a></p><div style="display: inline-block; background-color: #d9e0e7; padding: 6px; margin: 4px; border: 1px solid #8da1b4; border-radius: 5px; line-height: 60%"><p style="margin-bottom: 0px">Resource Ingredient &quot;cfsb1651230330246&quot; </p></div><p><b>identifier</b>: id: 3OWL53L36A (use: OFFICIAL)</p><p><b>status</b>: active</p><p><b>for</b>: <a href="#ManufacturedItemDefinition_cfsb1650998521654">See above (ManufacturedItemDefinition/cfsb1650998521654)</a></p><p><b>role</b>: Excipient <span style="background: LightGoldenRodYellow; margin: 4px; border: 1px solid khaki"> (#100000072082)</span></p><h3>Manufacturers</h3><table class="grid"><tr><td>-</td><td><b>Manufacturer</b></td></tr><tr><td>*</td><td><a href="#Organization_cfsb1650997423990">See above (Organization/cfsb1650997423990)</a></td></tr></table><blockquote><p><b>substance</b></p><h3>Codes</h3><table class="grid"><tr><td>-</td><td><b>Concept</b></td></tr><tr><td>*</td><td>mannitol <span style="background: LightGoldenRodYellow; margin: 4px; border: 1px solid khaki"> (#3OWL53L36A)</span></td></tr></table></blockquote></div>
        </text>
        <identifier>
          <use value="official"/>
          <system value="https://gsrs.ncats.nih.gov/ginas/app/beta/"/>
          <value value="3OWL53L36A"/>
        </identifier>
        <status value="active"/>
        <for>
          <reference value="ManufacturedItemDefinition/cfsb1650998521654"/>
        </for>
        <role>
          <coding>
            <system value="https://spor.ema.europa.eu/rmswi/"/>
            <code value="100000072082"/>
          </coding>
          <text value="Excipient"/>
        </role>
        <manufacturer>
          <manufacturer>
            <reference value="Organization/cfsb1650997423990"/>
          </manufacturer>
        </manufacturer>
        <substance>
          <code>
            <concept>
              <coding>
                <system value="https://gsrs.ncats.nih.gov/ginas/app/beta/"/>
                <code value="3OWL53L36A"/>
                <display value="mannitol"/>
              </coding>
            </concept>
          </code>
        </substance>
      </Ingredient>
    </resource>
  </entry>
</Bundle>