<?xml version="1.0" encoding="UTF-8"?>

<ClinicalUseDefinition xmlns="http://hl7.org/fhir">
  <id value="ii"/>
  <meta>
    <profile value="http://hl7.org/fhir/uv/emedicinal-product-info/StructureDefinition/ClinicalUseDefinition-contraindication-uv-epi"/>
  </meta>
  <text>
    <status value="generated"/><div xmlns="http://www.w3.org/1999/xhtml"><p><b>Generated Narrative: ClinicalUseDefinition</b><a name="ii"> </a></p><div style="display: inline-block; background-color: #d9e0e7; padding: 6px; margin: 4px; border: 1px solid #8da1b4; border-radius: 5px; line-height: 60%"><p style="margin-bottom: 0px">Resource ClinicalUseDefinition &quot;ii&quot; </p><p style="margin-bottom: 0px">Profile: <a href="StructureDefinition-ClinicalUseDefinition-contraindication-uv-epi.html">ClinicalUseDefinition Contraindication (ePI)</a></p></div><p><b>identifier</b>: id: xx (use: OFFICIAL)</p><p><b>type</b>: contraindication</p><p><b>subject</b>: <a href="MedicinalProductDefinition-53d36464-e1de-42c2-aa91-9cf2c7af7515.html">MedicinalProductDefinition/53d36464-e1de-42c2-aa91-9cf2c7af7515</a></p><blockquote><p><b>contraindication</b></p><h3>DiseaseSymptomProcedures</h3><table class="grid"><tr><td>-</td><td><b>Concept</b></td></tr><tr><td>*</td><td>Diabetis Mellitus <span style="background: LightGoldenRodYellow; margin: 4px; border: 1px solid khaki"> (<a href="http://terminology.hl7.org/5.0.0/CodeSystem-mdr.html">MedDRA</a>#10012601)</span></td></tr></table></blockquote></div>
  </text>
  <identifier>
    <use value="official"/>
    <system value="https://spor.ema.europa.eu/rmswi/#/"/>
    <value value="xx"/>
  </identifier>
  <type value="contraindication"/>
  <subject>
    <reference value="MedicinalProductDefinition/53d36464-e1de-42c2-aa91-9cf2c7af7515"/>
  </subject>
  <contraindication>
    <diseaseSymptomProcedure>
      <concept>
        <coding>
          <system value="http://terminology.hl7.org/CodeSystem/mdr"/>
          <code value="10012601"/>
          <display value="Diabetis Mellitus"/>
        </coding>
      </concept>
    </diseaseSymptomProcedure>
  </contraindication>
</ClinicalUseDefinition>