<?xml version="1.0" encoding="UTF-8"?>

<CodeSystem xmlns="http://hl7.org/fhir">
  <id value="CodeSystemUvEPIRrmswi"/>
  <text>
    <status value="generated"/><div xmlns="http://www.w3.org/1999/xhtml"><p>This code system <code>http://hl7.org/fhir/uv/vulcan-eproduct-info/CodeSystem/CodeSystemUvEPIRrmswi</code> defines the following codes:</p><table class="codes"><tr><td style="white-space:nowrap"><b>Code</b></td><td><b>Display</b></td></tr><tr><td style="white-space:nowrap">00000072072<a name="CodeSystemUvEPIRrmswi-00000072072"> </a></td><td>active</td></tr><tr><td style="white-space:nowrap">100000000012<a name="CodeSystemUvEPIRrmswi-100000000012"> </a></td><td/></tr><tr><td style="white-space:nowrap">100000072062<a name="CodeSystemUvEPIRrmswi-100000072062"> </a></td><td/></tr><tr><td style="white-space:nowrap">100000072082<a name="CodeSystemUvEPIRrmswi-100000072082"> </a></td><td/></tr><tr><td style="white-space:nowrap">100000072084<a name="CodeSystemUvEPIRrmswi-100000072084"> </a></td><td>Medicinal product subject to medical prescription</td></tr><tr><td style="white-space:nowrap">100000073543<a name="CodeSystemUvEPIRrmswi-100000073543"> </a></td><td>Pre-filled pen</td></tr><tr><td style="white-space:nowrap">100000073578<a name="CodeSystemUvEPIRrmswi-100000073578"> </a></td><td>Gingival use</td></tr><tr><td style="white-space:nowrap">100000073633<a name="CodeSystemUvEPIRrmswi-100000073633"> </a></td><td/></tr><tr><td style="white-space:nowrap">100000073646<a name="CodeSystemUvEPIRrmswi-100000073646"> </a></td><td>Oral solution</td></tr><tr><td style="white-space:nowrap">100000073864<a name="CodeSystemUvEPIRrmswi-100000073864"> </a></td><td/></tr><tr><td style="white-space:nowrap">100000109093<a name="CodeSystemUvEPIRrmswi-100000109093"> </a></td><td/></tr><tr><td style="white-space:nowrap">100000155527<a name="CodeSystemUvEPIRrmswi-100000155527"> </a></td><td>Chemical Medicinal Product</td></tr><tr><td style="white-space:nowrap">100000155538<a name="CodeSystemUvEPIRrmswi-100000155538"> </a></td><td/></tr><tr><td style="white-space:nowrap">200000002135<a name="CodeSystemUvEPIRrmswi-200000002135"> </a></td><td/></tr><tr><td style="white-space:nowrap">200000002145<a name="CodeSystemUvEPIRrmswi-200000002145"> </a></td><td>Spoonful</td></tr><tr><td style="white-space:nowrap">200000003204<a name="CodeSystemUvEPIRrmswi-200000003204"> </a></td><td>Glass type I</td></tr><tr><td style="white-space:nowrap">100000073496<a name="CodeSystemUvEPIRrmswi-100000073496"> </a></td><td>Blister</td></tr><tr><td style="white-space:nowrap">220000000001<a name="CodeSystemUvEPIRrmswi-220000000001"> </a></td><td>Full name</td></tr><tr><td style="white-space:nowrap">220000000002<a name="CodeSystemUvEPIRrmswi-220000000002"> </a></td><td>Invented name part</td></tr><tr><td style="white-space:nowrap">220000000003<a name="CodeSystemUvEPIRrmswi-220000000003"> </a></td><td>Scientific name part</td></tr><tr><td style="white-space:nowrap">220000000004<a name="CodeSystemUvEPIRrmswi-220000000004"> </a></td><td>Strength part</td></tr><tr><td style="white-space:nowrap">220000000005<a name="CodeSystemUvEPIRrmswi-220000000005"> </a></td><td>Pharmaceutical dose form part</td></tr><tr><td style="white-space:nowrap">220000000033<a name="CodeSystemUvEPIRrmswi-220000000033"> </a></td><td/></tr><tr><td style="white-space:nowrap">220000000034<a name="CodeSystemUvEPIRrmswi-220000000034"> </a></td><td/></tr><tr><td style="white-space:nowrap">30007000<a name="CodeSystemUvEPIRrmswi-30007000"> </a></td><td>Blister</td></tr><tr><td style="white-space:nowrap">200000003222<a name="CodeSystemUvEPIRrmswi-200000003222"> </a></td><td>PolyVinyl Chloride</td></tr><tr><td style="white-space:nowrap">200000003215<a name="CodeSystemUvEPIRrmswi-200000003215"> </a></td><td>High Density PolyEthylene</td></tr><tr><td style="white-space:nowrap">100000073497<a name="CodeSystemUvEPIRrmswi-100000073497"> </a></td><td>Bottle</td></tr><tr><td style="white-space:nowrap">10219000<a name="CodeSystemUvEPIRrmswi-10219000"> </a></td><td>Tablet</td></tr><tr><td style="white-space:nowrap">15054000<a name="CodeSystemUvEPIRrmswi-15054000"> </a></td><td>Tablet</td></tr><tr><td style="white-space:nowrap">20053000<a name="CodeSystemUvEPIRrmswi-20053000"> </a></td><td>Oral use</td></tr><tr><td style="white-space:nowrap">100000116155<a name="CodeSystemUvEPIRrmswi-100000116155"> </a></td><td>Granules and solvent for oral suspension</td></tr><tr><td style="white-space:nowrap">100000073619<a name="CodeSystemUvEPIRrmswi-100000073619"> </a></td><td>oral use</td></tr><tr><td style="white-space:nowrap">100000155538-0<a name="CodeSystemUvEPIRrmswi-100000155538-0"> </a></td><td/></tr><tr><td style="white-space:nowrap">100000155538-1<a name="CodeSystemUvEPIRrmswi-100000155538-1"> </a></td><td/></tr><tr><td style="white-space:nowrap">100000155538-2<a name="CodeSystemUvEPIRrmswi-100000155538-2"> </a></td><td/></tr><tr><td style="white-space:nowrap">100000155538-3<a name="CodeSystemUvEPIRrmswi-100000155538-3"> </a></td><td/></tr><tr><td style="white-space:nowrap">100000155538-4<a name="CodeSystemUvEPIRrmswi-100000155538-4"> </a></td><td/></tr><tr><td style="white-space:nowrap">100000155538-5<a name="CodeSystemUvEPIRrmswi-100000155538-5"> </a></td><td/></tr><tr><td style="white-space:nowrap">100000155538-6<a name="CodeSystemUvEPIRrmswi-100000155538-6"> </a></td><td/></tr><tr><td style="white-space:nowrap">100000073504<a name="CodeSystemUvEPIRrmswi-100000073504"> </a></td><td>Child-resistant closure</td></tr><tr><td style="white-space:nowrap">200000003529<a name="CodeSystemUvEPIRrmswi-200000003529"> </a></td><td>Cardboard</td></tr><tr><td style="white-space:nowrap">200000002152<a name="CodeSystemUvEPIRrmswi-200000002152"> </a></td><td/></tr><tr><td style="white-space:nowrap">200000001111<a name="CodeSystemUvEPIRrmswi-200000001111"> </a></td><td>List of Products</td></tr><tr><td style="white-space:nowrap">200000001112<a name="CodeSystemUvEPIRrmswi-200000001112"> </a></td><td>List of ePI documents</td></tr></table></div>
  </text>
  <url value="http://hl7.org/fhir/uv/vulcan-eproduct-info/CodeSystem/CodeSystemUvEPIRrmswi"/>
  <version value="1.0.0-Ballot"/>
  <name value="CodeSystemUvEPIRrmswi"/>
  <title value="Referentials Management Services CodeSystem"/>
  <status value="active"/>
  <experimental value="false"/>
  <date value="2022-11-29T11:19:39+00:00"/>
  <contact>
    <name value="HL7 BR&amp;R"/>
    <telecom>
      <system value="url"/>
      <value value="http://hl7.org/Special/committees/"/>
    </telecom>
  </contact>
  <description value="Items from https://spor.ema.europa.eu/rmswi"/>
  <jurisdiction>
    <coding>
      <system value="http://unstats.un.org/unsd/methods/m49/m49.htm"/>
      <code value="001"/>
      <display value="World"/>
    </coding>
  </jurisdiction>
  <caseSensitive value="false"/>
  <content value="complete"/>
  <count value="45"/>
  <concept>
    <code value="00000072072"/>
    <display value="active"/>
  </concept>
  <concept>
    <code value="100000000012"/>
  </concept>
  <concept>
    <code value="100000072062"/>
  </concept>
  <concept>
    <code value="100000072082"/>
  </concept>
  <concept>
    <code value="100000072084"/>
    <display value="Medicinal product subject to medical prescription"/>
  </concept>
  <concept>
    <code value="100000073543"/>
    <display value="Pre-filled pen"/>
  </concept>
  <concept>
    <code value="100000073578"/>
    <display value="Gingival use"/>
  </concept>
  <concept>
    <code value="100000073633"/>
  </concept>
  <concept>
    <code value="100000073646"/>
    <display value="Oral solution"/>
  </concept>
  <concept>
    <code value="100000073864"/>
  </concept>
  <concept>
    <code value="100000109093"/>
  </concept>
  <concept>
    <code value="100000155527"/>
    <display value="Chemical Medicinal Product"/>
  </concept>
  <concept>
    <code value="100000155538"/>
  </concept>
  <concept>
    <code value="200000002135"/>
  </concept>
  <concept>
    <code value="200000002145"/>
    <display value="Spoonful"/>
  </concept>
  <concept>
    <code value="200000003204"/>
    <display value="Glass type I"/>
  </concept>
  <concept>
    <code value="100000073496"/>
    <display value="Blister"/>
  </concept>
  <concept>
    <code value="220000000001"/>
    <display value="Full name"/>
  </concept>
  <concept>
    <code value="220000000002"/>
    <display value="Invented name part"/>
  </concept>
  <concept>
    <code value="220000000003"/>
    <display value="Scientific name part"/>
  </concept>
  <concept>
    <code value="220000000004"/>
    <display value="Strength part"/>
  </concept>
  <concept>
    <code value="220000000005"/>
    <display value="Pharmaceutical dose form part"/>
  </concept>
  <concept>
    <code value="220000000033"/>
  </concept>
  <concept>
    <code value="220000000034"/>
  </concept>
  <concept>
    <code value="30007000"/>
    <display value="Blister"/>
  </concept>
  <concept>
    <code value="200000003222"/>
    <display value="PolyVinyl Chloride"/>
  </concept>
  <concept>
    <code value="200000003215"/>
    <display value="High Density PolyEthylene"/>
  </concept>
  <concept>
    <code value="100000073497"/>
    <display value="Bottle"/>
  </concept>
  <concept>
    <code value="10219000"/>
    <display value="Tablet"/>
  </concept>
  <concept>
    <code value="15054000"/>
    <display value="Tablet"/>
  </concept>
  <concept>
    <code value="20053000"/>
    <display value="Oral use"/>
  </concept>
  <concept>
    <code value="100000116155"/>
    <display value="Granules and solvent for oral suspension"/>
  </concept>
  <concept>
    <code value="100000073619"/>
    <display value="oral use"/>
  </concept>
  <concept>
    <code value="100000155538-0"/>
  </concept>
  <concept>
    <code value="100000155538-1"/>
  </concept>
  <concept>
    <code value="100000155538-2"/>
  </concept>
  <concept>
    <code value="100000155538-3"/>
  </concept>
  <concept>
    <code value="100000155538-4"/>
  </concept>
  <concept>
    <code value="100000155538-5"/>
  </concept>
  <concept>
    <code value="100000155538-6"/>
  </concept>
  <concept>
    <code value="100000073504"/>
    <display value="Child-resistant closure"/>
  </concept>
  <concept>
    <code value="200000003529"/>
    <display value="Cardboard"/>
  </concept>
  <concept>
    <code value="200000002152"/>
  </concept>
  <concept>
    <code value="200000001111"/>
    <display value="List of Products"/>
  </concept>
  <concept>
    <code value="200000001112"/>
    <display value="List of ePI documents"/>
  </concept>
</CodeSystem>