<?xml version="1.0" encoding="UTF-8"?>

<Composition xmlns="http://hl7.org/fhir">
  <id value="c58a2559-c16a-4388-b133-a2612a8ccb68"/>
  <meta>
    <profile value="http://hl7.org/fhir/uv/emedicinal-product-info/StructureDefinition/Composition-uv-epi"/>
  </meta>
  <text>
    <status value="generated"/><div xmlns="http://www.w3.org/1999/xhtml"><p><b>Generated Narrative: Composition</b><a name="c58a2559-c16a-4388-b133-a2612a8ccb68"> </a></p><div style="display: inline-block; background-color: #d9e0e7; padding: 6px; margin: 4px; border: 1px solid #8da1b4; border-radius: 5px; line-height: 60%"><p style="margin-bottom: 0px">Resource Composition &quot;c58a2559-c16a-4388-b133-a2612a8ccb68&quot; </p><p style="margin-bottom: 0px">Profile: <a href="StructureDefinition-Composition-uv-epi.html">Composition (ePI)</a></p></div><p><b>identifier</b>: id: 0d69fdcb-33cf-407f-8209-a6529856ab4f</p><p><b>status</b>: final</p><p><b>type</b>: Package Leaflet <span style="background: LightGoldenRodYellow; margin: 4px; border: 1px solid khaki"> (#100000155538)</span></p><p><b>date</b>: 2022-02-16 13:28:17+0000</p><p><b>author</b>: <a href="Organization-dd023079-84ba-4e53-9e94-39e74de02793.html">Organization/dd023079-84ba-4e53-9e94-39e74de02793</a> &quot;Eli Lilly Nederland B.V.&quot;</p><p><b>title</b>: TEST PURPOSES ONLY - Humalog Vulcan ePI v1</p></div>
  </text>
  <identifier>
    <system value="https://spor.ema.europa.eu/rmswi/"/>
    <value value="0d69fdcb-33cf-407f-8209-a6529856ab4f"/>
  </identifier>
  <status value="final"/>
  <type>
    <coding>
      <system value="https://spor.ema.europa.eu/rmswi/"/>
      <code value="100000155538"/>
    </coding>
    <text value="Package Leaflet"/>
  </type>
  <subject>
    <reference value="MedicinalProductDefinition/bdf843db-3035-4cab-9768-dfd67a78a0e1"/>
  </subject>
  <date value="2022-02-16T13:28:17Z"/>
  <author>
    <reference value="Organization/dd023079-84ba-4e53-9e94-39e74de02793"/>
  </author>
  <title value="TEST PURPOSES ONLY - Humalog Vulcan ePI v1"/>
  <section>
    <title value="Product Information"/>
    <code>
      <text value="Product Info"/>
    </code>
    <entry>
      <reference value="Ingredient/c5ef4ed7-5578-4fa9-9959-847524450714"/>
    </entry>
    <entry>
      <reference value="Ingredient/1fb2ec19-1705-4bb2-b66d-3252b8498c05"/>
    </entry>
    <entry>
      <reference value="Ingredient/8ac669b9-eb26-4232-be2e-9858bff72fc0"/>
    </entry>
    <entry>
      <reference value="Ingredient/550a61ce-2019-4d53-9cbd-40a83f00061e"/>
    </entry>
    <entry>
      <reference value="Ingredient/30278875-02dc-4a9c-9a4e-35c7abca0eaa"/>
    </entry>
    <entry>
      <reference value="Ingredient/e5cc746a-5a27-4177-b09d-0dece84d0cc2"/>
    </entry>
    <entry>
      <reference value="Ingredient/d24c9451-74d1-42de-94cd-a084cb5dd815"/>
    </entry>
    <entry>
      <reference value="Ingredient/166a6519-25e7-46df-bc09-bb42504edf01"/>
    </entry>
    <entry>
      <reference value="AdministrableProductDefinition/xxxxx"/>
    </entry>
    <entry>
      <reference value="RegulatedAuthorization/0de57933-1ad6-429f-9507-461ebea37790"/>
    </entry>
    <entry>
      <reference value="Organization/dd023079-84ba-4e53-9e94-39e74de02793"/>
    </entry>
    <entry>
      <reference value="Organization/7569e92a-c5b5-44af-a965-4f760aebbd66"/>
    </entry>
    <entry>
      <reference value="Organization/b71cd809-191a-418d-961f-e733c698bcae"/>
    </entry>
    <entry>
      <reference value="PackagedProductDefinition/9f1d9c2d-eb18-4524-8611-b478975190e6"/>
    </entry>
    <entry>
      <reference value="MedicinalProductDefinition/bdf843db-3035-4cab-9768-dfd67a78a0e1"/>
    </entry>
    <entry>
      <reference value="ManufacturedItemDefinition/8b38e3ab-9e27-48e5-aef9-65a470c78b8d"/>
    </entry>
  </section>
  <section>
    <title value="Narrative Text"/>
    <code>
      <text value="Narrative"/>
    </code>
    <section>
      <title value="B. Package Leaflet"/>
      <code>
        <coding>
          <system value="https://spor.ema.europa.eu/rmswi/"/>
          <code value="100000155538"/>
        </coding>
        <text value="B. PACKAGE LEAFLET"/>
      </code>
      <text>
        <status value="additional"/><div xmlns="http://www.w3.org/1999/xhtml">unavailable</div>
      </text>
      <emptyReason>
        <coding>
          <system value="http://terminology.hl7.org/CodeSystem/list-empty-reason"/>
          <code value="unavailable"/>
        </coding>
      </emptyReason>
      <section>
        <title value="Package leaflet: Information for the user"/>
        <code>
          <coding>
            <system value="https://spor.ema.europa.eu/rmswi/"/>
            <code value="100000155538"/>
          </coding>
          <text value="Package leaflet: Information for the user"/>
        </code>
        <text>
          <status value="additional"/><div xmlns="http://www.w3.org/1999/xhtml">PACKAGE LEAFLET: INFORMATION FOR THE USER Humalog Mix50 100 units/ml suspension for injection in cartridge insulin lispro Read all of this leaflet carefully before you start taking this medicine because it contains important information for you.<ul><li>Keep this leaflet. You may need to read it again.</li><li>If you have any further questions, ask your doctor or pharmacist.</li><li>This medicine has been prescribed for you only. Do not pass it on to others. It may harm them, even if their signs of illness are the same as yours.</li><li>If you get any side effects talk to your doctor or pharmacist. This includes any possible side effects not listed in this leaflet. See section 4.</li></ul></div>
        </text>
      </section>
      <section>
        <title value="What is in this leaflet"/>
        <code>
          <coding>
            <system value="https://spor.ema.europa.eu/rmswi/"/>
            <code value="100000155538"/>
          </coding>
          <text value="What is in this leaflet"/>
        </code>
        <text>
          <status value="additional"/><div xmlns="http://www.w3.org/1999/xhtml">What in this leaflet<ol><li>What Humalog Mix50 is and what it is used for</li><li>What you need to know before you take Humalog Mix50</li><li>How to take Humalog Mix50</li><li>Possible side effects</li><li>How to store Humalog Mix50</li><li>Contents of the pack and other information</li></ol></div>
        </text>
      </section>
      <section>
        <title value="1. What Humalog is and what it is used for"/>
        <code>
          <coding>
            <system value="https://spor.ema.europa.eu/rmswi/"/>
            <code value="100000155538"/>
          </coding>
          <text value="1. What Humalog is and what it is used for"/>
        </code>
        <text>
          <status value="additional"/><div xmlns="http://www.w3.org/1999/xhtml">unavailable</div>
        </text>
        <emptyReason>
          <coding>
            <system value="http://terminology.hl7.org/CodeSystem/list-empty-reason"/>
            <code value="unavailable"/>
          </coding>
        </emptyReason>
      </section>
      <section>
        <title value="2. What you need to know before you take Humalog"/>
        <code>
          <coding>
            <system value="https://spor.ema.europa.eu/rmswi/"/>
            <code value="100000155538"/>
          </coding>
          <text value="2. What you need to know before you take Humalog"/>
        </code>
        <text>
          <status value="additional"/><div xmlns="http://www.w3.org/1999/xhtml"><b>2. What you need to know before you use Humalog Mix50</b> Do NOT use Humalog Mix50 if you</div>
        </text>
      </section>
      <section>
        <title value="3. How to take Humalog"/>
        <code>
          <coding>
            <system value="https://spor.ema.europa.eu/rmswi/"/>
            <code value="100000155538"/>
          </coding>
          <text value="3. How to take Humalog"/>
        </code>
        <text>
          <status value="additional"/><div xmlns="http://www.w3.org/1999/xhtml"><b>3. How to use Humalog Mix50</b> <b>The 3 ml cartridge is only for use in Lilly 3 ml pens. It is not for use in 1.5 ml pens.</b><p>Always use Humalog Mix50 exactly as your doctor has told you. You should check with your doctor if you are not sure. To prevent the possible transmission of disease, each cartridge must be used by you only, even if the needle on the delivery device is changed.</p></div>
        </text>
      </section>
      <section>
        <title value="4. Possible side effects"/>
        <code>
          <coding>
            <system value="https://spor.ema.europa.eu/rmswi/"/>
            <code value="100000155538"/>
          </coding>
          <text value="4. Possible side effects"/>
        </code>
        <text>
          <status value="additional"/><div xmlns="http://www.w3.org/1999/xhtml"><p><b>4. Possible side effects</b></p><p>Like all medicines, this medicine can cause side effects, although not everybody gets them.</p></div>
        </text>
      </section>
      <section>
        <title value="5. How to store Humalog"/>
        <code>
          <coding>
            <system value="https://spor.ema.europa.eu/rmswi/"/>
            <code value="100000155538"/>
          </coding>
          <text value="5. How to store Humalog"/>
        </code>
        <text>
          <status value="additional"/><div xmlns="http://www.w3.org/1999/xhtml"><p>Keep this medicine out of the sight and reach of children.</p><p>Do not use this medicine after the expiry date which is stated on the carton and on the blister after EXP. The expiry date refers to the last day of that month.</p><p>Do not store above 30°C.</p><p>Do not throw away any medicines via wastewater or household waste. Ask your pharmacist how to throw away of medicines you no longer use. These measures will help protect the environment.</p></div>
        </text>
      </section>
      <section>
        <title value="6. Contents of the pack and other information"/>
        <code>
          <coding>
            <system value="https://spor.ema.europa.eu/rmswi/"/>
            <code value="100000155538"/>
          </coding>
          <text value="6. Contents of the pack and other information"/>
        </code>
        <text>
          <status value="additional"/><div xmlns="http://www.w3.org/1999/xhtml"><b>6. Contents of the pack and other information</b> <b>What Humalog Mix50 100 units/ml suspension for injection in cartridge contains</b><p>The active substance is insulin lispro. Insulin lispro is made in the laboratory by a ‘recombinant DNA technology’ process. It is a changed form of human insulin and so is different from other human and animal insulins. Insulin lispro is closely related to human insulin which is a natural hormone made by the pancreas. The other ingredients are protamine sulphate, m-cresol, phenol, glycerol, dibasic sodium phosphate 7H2O, zinc oxide and water for injection. Sodium hydroxide or hydrochloric acid may have been used to adjust the acidity.</p></div>
        </text>
      </section>
    </section>
  </section>
</Composition>