<?xml version="1.0" encoding="UTF-8"?>

<Ingredient xmlns="http://hl7.org/fhir">
  <id value="dda6e8c1-b98c-4b93-96e3-b824316017b7"/>
  <meta>
    <profile value="http://hl7.org/fhir/uv/emedicinal-product-info/StructureDefinition/Ingredient-uv-epi"/>
  </meta>
  <text>
    <status value="generated"/><div xmlns="http://www.w3.org/1999/xhtml"><p><b>Generated Narrative: Ingredient</b><a name="dda6e8c1-b98c-4b93-96e3-b824316017b7"> </a></p><div style="display: inline-block; background-color: #d9e0e7; padding: 6px; margin: 4px; border: 1px solid #8da1b4; border-radius: 5px; line-height: 60%"><p style="margin-bottom: 0px">Resource Ingredient &quot;dda6e8c1-b98c-4b93-96e3-b824316017b7&quot; </p><p style="margin-bottom: 0px">Profile: <a href="StructureDefinition-Ingredient-uv-epi.html">Ingredient (ePI)</a></p></div><p><b>identifier</b>: id: 8I089SAH3T (use: OFFICIAL)</p><p><b>status</b>: active</p><p><b>for</b>: <a href="ManufacturedItemDefinition-103d9efe-49f6-4fb7-b75b-00e6e3fd19ac.html">ManufacturedItemDefinition/103d9efe-49f6-4fb7-b75b-00e6e3fd19ac</a></p><p><b>role</b>: Excipient <span style="background: LightGoldenRodYellow; margin: 4px; border: 1px solid khaki"> (rmswi#100000072082)</span></p><h3>Manufacturers</h3><table class="grid"><tr><td>-</td><td><b>Manufacturer</b></td></tr><tr><td>*</td><td><a href="Organization-af84b461-9b78-4b1f-82e3-af0f4b03fe1e.html">Organization/af84b461-9b78-4b1f-82e3-af0f4b03fe1e</a> &quot;FERRER INTERNACIONAL, S.A.&quot;</td></tr></table><blockquote><p><b>substance</b></p><h3>Codes</h3><table class="grid"><tr><td>-</td><td><b>Concept</b></td></tr><tr><td>*</td><td>STARCH, POTATO <span style="background: LightGoldenRodYellow; margin: 4px; border: 1px solid khaki"> (<a href="http://terminology.hl7.org/5.0.0/CodeSystem-UNII.html">Unique Ingredient Identifier (UNII)</a>#8I089SAH3T)</span></td></tr></table></blockquote></div>
  </text>
  <identifier>
    <use value="official"/>
    <system value="http://fdasis.nlm.nih.gov"/>
    <value value="8I089SAH3T"/>
  </identifier>
  <status value="active"/>
  <for>
    <reference value="ManufacturedItemDefinition/103d9efe-49f6-4fb7-b75b-00e6e3fd19ac"/>
  </for>
  <role>
    <coding>
      <system value="https://spor.ema.europa.eu/rmswi"/>
      <code value="100000072082"/>
      <display value="Excipient"/>
    </coding>
  </role>
  <manufacturer>
    <manufacturer>
      <reference value="Organization/af84b461-9b78-4b1f-82e3-af0f4b03fe1e"/>
    </manufacturer>
  </manufacturer>
  <substance>
    <code>
      <concept>
        <coding>
          <system value="http://fdasis.nlm.nih.gov"/>
          <code value="8I089SAH3T"/>
          <display value="STARCH, POTATO"/>
        </coding>
      </concept>
    </code>
  </substance>
</Ingredient>