<?xml version="1.0" encoding="UTF-8"?>

<Ingredient xmlns="http://hl7.org/fhir">
  <id value="0d6debc6-768f-4408-9a7a-54bb15f3d2cc"/>
  <meta>
    <profile value="http://hl7.org/fhir/uv/emedicinal-product-info/StructureDefinition/Ingredient-uv-epi"/>
  </meta>
  <text>
    <status value="generated"/><div xmlns="http://www.w3.org/1999/xhtml"><p><b>Generated Narrative: Ingredient</b><a name="0d6debc6-768f-4408-9a7a-54bb15f3d2cc"> </a></p><div style="display: inline-block; background-color: #d9e0e7; padding: 6px; margin: 4px; border: 1px solid #8da1b4; border-radius: 5px; line-height: 60%"><p style="margin-bottom: 0px">Resource Ingredient &quot;0d6debc6-768f-4408-9a7a-54bb15f3d2cc&quot; </p><p style="margin-bottom: 0px">Profile: <a href="StructureDefinition-Ingredient-uv-epi.html">Ingredient (ePI)</a></p></div><p><b>identifier</b>: id: J0E2756Z7N (use: OFFICIAL)</p><p><b>status</b>: active</p><p><b>for</b>: <a href="ManufacturedItemDefinition-a0b07754-10c3-4b1b-b437-11e3b8e02747.html">ManufacturedItemDefinition/a0b07754-10c3-4b1b-b437-11e3b8e02747</a></p><p><b>role</b>: active <span style="background: LightGoldenRodYellow; margin: 4px; border: 1px solid khaki"> (rmswi#72072)</span></p><h3>Manufacturers</h3><table class="grid"><tr><td>-</td><td><b>Manufacturer</b></td></tr><tr><td>*</td><td><a href="Organization-597c80a0-8e3f-42d1-a253-70c29ed85ba7.html">Organization/597c80a0-8e3f-42d1-a253-70c29ed85ba7</a> &quot;Sanofi-Aventis Groupe&quot;</td></tr></table><blockquote><p><b>substance</b></p><h3>Codes</h3><table class="grid"><tr><td>-</td><td><b>Concept</b></td></tr><tr><td>*</td><td>irbesartan <span style="background: LightGoldenRodYellow; margin: 4px; border: 1px solid khaki"> (<a href="http://terminology.hl7.org/5.0.0/CodeSystem-UNII.html">Unique Ingredient Identifier (UNII)</a>#J0E2756Z7N)</span></td></tr></table><h3>Strengths</h3><table class="grid"><tr><td>-</td><td><b>Presentation[x]</b></td><td><b>Basis</b></td></tr><tr><td>*</td><td>75 mg<span style="background: LightGoldenRodYellow"> (Details: UCUM code mg = 'mg')</span></td><td>active ingredient - basis of strength <span style="background: LightGoldenRodYellow; margin: 4px; border: 1px solid khaki"> (<a href="http://terminology.hl7.org/5.0.0/CodeSystem-v3-RoleClass.html">RoleClass</a>#ACTIB)</span></td></tr></table></blockquote></div>
  </text>
  <identifier>
    <use value="official"/>
    <system value="http://fdasis.nlm.nih.gov"/>
    <value value="J0E2756Z7N"/>
  </identifier>
  <status value="active"/>
  <for>
    <reference value="ManufacturedItemDefinition/a0b07754-10c3-4b1b-b437-11e3b8e02747"/>
  </for>
  <role>
    <coding>
      <system value="https://spor.ema.europa.eu/rmswi"/>
      <code value="72072"/>
      <display value="active"/>
    </coding>
  </role>
  <manufacturer>
    <manufacturer>
      <reference value="Organization/597c80a0-8e3f-42d1-a253-70c29ed85ba7"/>
    </manufacturer>
  </manufacturer>
  <substance>
    <code>
      <concept>
        <coding>
          <system value="http://fdasis.nlm.nih.gov"/>
          <code value="J0E2756Z7N"/>
          <display value="irbesartan"/>
        </coding>
      </concept>
    </code>
    <strength>
      <presentationQuantity>
        <value value="75"/>
        <system value="http://unitsofmeasure.org"/>
        <code value="mg"/>
      </presentationQuantity>
      <basis>
        <coding>
          <system value="http://terminology.hl7.org/CodeSystem/v3-RoleClass"/>
          <code value="ACTIB"/>
          <display value="active ingredient - basis of strength"/>
        </coding>
      </basis>
    </strength>
  </substance>
</Ingredient>