<?xml version="1.0" encoding="UTF-8"?>

<Organization xmlns="http://hl7.org/fhir">
  <id value="org-ff74c5498eb163c2fb470e9fd175a0c1"/>
  <meta>
    <profile value="http://hl7.org/fhir/uv/emedicinal-product-info/StructureDefinition/Organization-uv-epi"/>
  </meta>
  <text>
    <status value="generated"/><div xmlns="http://www.w3.org/1999/xhtml"><p><b>Generated Narrative: Organization</b><a name="org-ff74c5498eb163c2fb470e9fd175a0c1"> </a></p><div style="display: inline-block; background-color: #d9e0e7; padding: 6px; margin: 4px; border: 1px solid #8da1b4; border-radius: 5px; line-height: 60%"><p style="margin-bottom: 0px">Resource Organization &quot;org-ff74c5498eb163c2fb470e9fd175a0c1&quot; </p><p style="margin-bottom: 0px">Profile: <a href="StructureDefinition-Organization-uv-epi.html">Organization (ePI)</a></p></div><p><b>identifier</b>: id: ORG-100013412 (use: OFFICIAL)</p><p><b>active</b>: true</p><p><b>type</b>: Medicines Regulatory Authority <span style="background: LightGoldenRodYellow; margin: 4px; border: 1px solid khaki"> (rmswi#220000000033)</span></p><p><b>name</b>: European Medicines Agency</p><h3>Contacts</h3><table class="grid"><tr><td>-</td><td><b>Address</b></td></tr><tr><td>*</td><td>Carretera De Martorell 41 61, Poligono Industrial Nord-Est Amsterdam nl(WORK)</td></tr></table></div>
  </text>
  <identifier>
    <use value="official"/>
    <system value="https://spor.ema.europa.eu/omswi"/>
    <value value="ORG-100013412"/>
  </identifier>
  <active value="true"/>
  <type>
    <coding>
      <system value="https://spor.ema.europa.eu/rmswi"/>
      <code value="220000000033"/>
      <display value="Medicines Regulatory Authority"/>
    </coding>
    <text value="Medicines Regulatory Authority"/>
  </type>
  <name value="European Medicines Agency"/>
  <contact>
    <address>
      <use value="work"/>
      <type value="physical"/>
      <text value="Carretera De Martorell 41 61, Poligono Industrial Nord-Est Amsterdam nl"/>
      <line value="Carretera De Martorell 41 61, Poligono Industrial Nord-Est"/>
      <city value="Amsterdam"/>
      <postalCode value="1083.0"/>
      <country value="nl"/>
    </address>
  </contact>
</Organization>