<?xml version="1.0" encoding="UTF-8"?>

<PackagedProductDefinition xmlns="http://hl7.org/fhir">
  <id value="495d2435-78a6-4e63-b210-7699db211f43"/>
  <meta>
    <profile value="http://hl7.org/fhir/uv/emedicinal-product-info/StructureDefinition/PackagedProductDefinition-uv-epi"/>
  </meta>
  <text>
    <status value="generated"/><div xmlns="http://www.w3.org/1999/xhtml"><p><b>Generated Narrative: PackagedProductDefinition</b><a name="495d2435-78a6-4e63-b210-7699db211f43"> </a></p><div style="display: inline-block; background-color: #d9e0e7; padding: 6px; margin: 4px; border: 1px solid #8da1b4; border-radius: 5px; line-height: 60%"><p style="margin-bottom: 0px">Resource PackagedProductDefinition &quot;495d2435-78a6-4e63-b210-7699db211f43&quot; </p><p style="margin-bottom: 0px">Profile: <a href="StructureDefinition-PackagedProductDefinition-uv-epi.html">PackagedProductDefinition (ePI)</a></p></div><p><b>identifier</b>: id: x (use: OFFICIAL)</p><p><b>name</b>: Pentasa Slow Release Tablets 1g</p><p><b>type</b>: Chemical Medicinal Prodcut <span style="background: LightGoldenRodYellow; margin: 4px; border: 1px solid khaki"> (rmswi#100000155527)</span></p><p><b>packageFor</b>: <a href="MedicinalProductDefinition-0d1da9fc-0eac-48da-b62b-4ea041b1b8c6.html">MedicinalProductDefinition/0d1da9fc-0eac-48da-b62b-4ea041b1b8c6</a></p><p><b>status</b>: Active <span style="background: LightGoldenRodYellow; margin: 4px; border: 1px solid khaki"> (<a href="http://hl7.org/fhir/5.0.0-snapshot3/codesystem-publication-status.html">PublicationStatus</a>#active)</span></p><p><b>statusDate</b>: 2021-01-01</p><p><b>containedItemQuantity</b>: 1 g<span style="background: LightGoldenRodYellow"> (Details: UCUM code g = 'g')</span></p><p><b>copackagedIndicator</b>: false</p><p><b>manufacturer</b>: <a href="Organization-71214174-4022-4ff7-afdf-59a5fb695c31.html">Organization/71214174-4022-4ff7-afdf-59a5fb695c31</a> &quot;FERRING S.A.U.&quot;</p><h3>Packagings</h3><table class="grid"><tr><td>-</td><td><b>Identifier</b></td><td><b>Type</b></td><td><b>Quantity</b></td><td><b>Material</b></td></tr><tr><td>*</td><td>id: 123456</td><td>Blister <span style="background: LightGoldenRodYellow; margin: 4px; border: 1px solid khaki"> (rmswi#100000073496)</span></td><td>28</td><td>PolyVinyl Chloride <span style="background: LightGoldenRodYellow; margin: 4px; border: 1px solid khaki"> (rmswi#200000003222)</span></td></tr></table></div>
  </text>
  <identifier>
    <use value="official"/>
    <system value="https://spor.ema.europa.eu/pmswi"/>
    <value value="x"/>
  </identifier>
  <name value="Pentasa Slow Release Tablets 1g"/>
  <type>
    <coding>
      <system value="https://spor.ema.europa.eu/rmswi"/>
      <code value="100000155527"/>
      <display value="Chemical Medicinal Prodcut"/>
    </coding>
  </type>
  <packageFor>
    <reference value="MedicinalProductDefinition/0d1da9fc-0eac-48da-b62b-4ea041b1b8c6"/>
  </packageFor>
  <status>
    <coding>
      <system value="http://hl7.org/fhir/publication-status"/>
      <code value="active"/>
      <display value="Active"/>
    </coding>
  </status>
  <statusDate value="2021-01-01"/>
  <containedItemQuantity>
    <value value="1"/>
    <system value="http://unitsofmeasure.org"/>
    <code value="g"/>
  </containedItemQuantity>
  <copackagedIndicator value="false"/>
  <manufacturer>
    <reference value="Organization/71214174-4022-4ff7-afdf-59a5fb695c31"/>
  </manufacturer>
  <packaging>
    <identifier>
      <system value="https://spor.ema.europa.eu/pmswi"/>
      <value value="123456"/>
    </identifier>
    <type>
      <coding>
        <system value="https://spor.ema.europa.eu/rmswi"/>
        <code value="100000073496"/>
        <display value="Blister"/>
      </coding>
    </type>
    <quantity value="28"/>
    <material>
      <coding>
        <system value="https://spor.ema.europa.eu/rmswi"/>
        <code value="200000003222"/>
        <display value="PolyVinyl Chloride"/>
      </coding>
    </material>
  </packaging>
</PackagedProductDefinition>