<?xml version="1.0" encoding="UTF-8"?>

<RegulatedAuthorization xmlns="http://hl7.org/fhir">
  <id value="c477c8b3-3418-4619-a620-3fba6d51d430"/>
  <meta>
    <profile value="http://hl7.org/fhir/uv/emedicinal-product-info/StructureDefinition/RegulatedAuthorization-uv-epi"/>
  </meta>
  <text>
    <status value="generated"/><div xmlns="http://www.w3.org/1999/xhtml"><p><b>Generated Narrative: RegulatedAuthorization</b><a name="c477c8b3-3418-4619-a620-3fba6d51d430"> </a></p><div style="display: inline-block; background-color: #d9e0e7; padding: 6px; margin: 4px; border: 1px solid #8da1b4; border-radius: 5px; line-height: 60%"><p style="margin-bottom: 0px">Resource RegulatedAuthorization &quot;c477c8b3-3418-4619-a620-3fba6d51d430&quot; </p><p style="margin-bottom: 0px">Profile: <a href="StructureDefinition-RegulatedAuthorization-uv-epi.html">RegulatedAuthorization (ePI)</a></p></div><p><b>identifier</b>: id: 67.068 (use: OFFICIAL)</p><p><b>subject</b>: <a href="MedicinalProductDefinition-f5505418-c7d5-435f-9e55-ac5f03fc6f7f.html">MedicinalProductDefinition/f5505418-c7d5-435f-9e55-ac5f03fc6f7f</a></p><p><b>type</b>: Marketing Authorisation <span style="background: LightGoldenRodYellow; margin: 4px; border: 1px solid khaki"> (rmswi#100000072062)</span></p><p><b>region</b>: Spain <span style="background: LightGoldenRodYellow; margin: 4px; border: 1px solid khaki"> (<a href="http://terminology.hl7.org/5.0.0/CodeSystem-ISO3166Part1.html">ISO 3166-1 Codes for the representation of names of countries and their subdivisions — Part 1: Country code</a>#ES)</span></p><p><b>status</b>: Active <span style="background: LightGoldenRodYellow; margin: 4px; border: 1px solid khaki"> (<a href="http://hl7.org/fhir/5.0.0-snapshot3/codesystem-publication-status.html">PublicationStatus</a>#active)</span></p><p><b>statusDate</b>: 2021-01-01</p><p><b>holder</b>: <a href="Organization-d298ea2e-3daa-4d96-94f9-14101207bf85.html">Organization/d298ea2e-3daa-4d96-94f9-14101207bf85</a> &quot;LABORATORIOS CINFA, S.A.&quot;</p></div>
  </text>
  <identifier>
    <use value="official"/>
    <system value="https://spor.ema.europa.eu/pmswi"/>
    <value value="67.068"/>
  </identifier>
  <subject>
    <reference value="MedicinalProductDefinition/f5505418-c7d5-435f-9e55-ac5f03fc6f7f"/>
  </subject>
  <type>
    <coding>
      <system value="https://spor.ema.europa.eu/rmswi"/>
      <code value="100000072062"/>
      <display value="Marketing Authorisation"/>
    </coding>
  </type>
  <region>
    <coding>
      <system value="urn:iso:std:iso:3166"/>
      <code value="ES"/>
      <display value="Spain"/>
    </coding>
  </region>
  <status>
    <coding>
      <system value="http://hl7.org/fhir/publication-status"/>
      <code value="active"/>
      <display value="Active"/>
    </coding>
  </status>
  <statusDate value="2021-01-01"/>
  <holder>
    <reference value="Organization/d298ea2e-3daa-4d96-94f9-14101207bf85"/>
  </holder>
</RegulatedAuthorization>