<?xml version="1.0" encoding="UTF-8"?>

<RegulatedAuthorization xmlns="http://hl7.org/fhir">
  <id value="4cb80895-d470-4fce-83dc-4b11158c1006"/>
  <meta>
    <profile value="http://hl7.org/fhir/uv/vulcan-eproduct-info/StructureDefinition/RegulatedAuthorization-uv-epi"/>
  </meta>
  <text>
    <status value="generated"/><div xmlns="http://www.w3.org/1999/xhtml"><p><b>Generated Narrative: RegulatedAuthorization</b><a name="4cb80895-d470-4fce-83dc-4b11158c1006"> </a></p><div style="display: inline-block; background-color: #d9e0e7; padding: 6px; margin: 4px; border: 1px solid #8da1b4; border-radius: 5px; line-height: 60%"><p style="margin-bottom: 0px">Resource RegulatedAuthorization &quot;4cb80895-d470-4fce-83dc-4b11158c1006&quot; </p><p style="margin-bottom: 0px">Profile: <a href="StructureDefinition-RegulatedAuthorization-uv-epi.html">RegulatedAuthorization (ePI)</a></p></div><p><b>identifier</b>: id: EU/1/16/1157/002 (use: OFFICIAL)</p><p><b>subject</b>: <a href="MedicinalProductDefinition-dcccd62b-c857-4504-ab19-7c8928d4a7a7.html">MedicinalProductDefinition/dcccd62b-c857-4504-ab19-7c8928d4a7a7</a></p><p><b>type</b>: Marketing Authorisation <span style="background: LightGoldenRodYellow; margin: 4px; border: 1px solid khaki"> (rmswi#100000072062)</span></p><p><b>region</b>: European Union <span style="background: LightGoldenRodYellow; margin: 4px; border: 1px solid khaki"> (<a href="http://terminology.hl7.org/5.0.0/CodeSystem-ISO3166Part1.html">ISO 3166-1 Codes for the representation of names of countries and their subdivisions — Part 1: Country code</a>#eu)</span></p><p><b>status</b>: Active <span style="background: LightGoldenRodYellow; margin: 4px; border: 1px solid khaki"> (<a href="http://build.fhir.org/codesystem-publication-status.html">PublicationStatus</a>#active)</span></p><p><b>statusDate</b>: 2017-01-11 01:28:17+0000</p><p><b>holder</b>: <a href="Organization-f17fe898-2e45-449e-9f4a-65083e5b2ed8.html">Organization/f17fe898-2e45-449e-9f4a-65083e5b2ed8</a> &quot;Sanofi-Aventis Groupe&quot;</p></div>
  </text>
  <identifier>
    <use value="official"/>
    <system value="https://spor.ema.europa.eu/pmswi"/>
    <value value="EU/1/16/1157/002"/>
  </identifier>
  <subject>
    <reference value="MedicinalProductDefinition/dcccd62b-c857-4504-ab19-7c8928d4a7a7"/>
  </subject>
  <type>
    <coding>
      <system value="https://spor.ema.europa.eu/rmswi"/>
      <code value="100000072062"/>
      <display value="Marketing Authorisation"/>
    </coding>
  </type>
  <region>
    <coding>
      <system value="urn:iso:std:iso:3166"/>
      <code value="eu"/>
      <display value="European Union"/>
    </coding>
  </region>
  <status>
    <coding>
      <system value="http://hl7.org/fhir/publication-status"/>
      <code value="active"/>
      <display value="Active"/>
    </coding>
  </status>
  <statusDate value="2017-01-11T13:28:17Z"/>
  <holder>
    <reference value="Organization/f17fe898-2e45-449e-9f4a-65083e5b2ed8"/>
  </holder>
</RegulatedAuthorization>