<?xml version="1.0" encoding="UTF-8"?>

<ValueSet xmlns="http://hl7.org/fhir">
  <id value="atcClassification"/>
  <text>
    <status value="generated"/><div xmlns="http://www.w3.org/1999/xhtml"><ul><li>Include all codes defined in <a href="http://www.whocc.no/atc"><code>http://www.whocc.no/atc</code></a></li></ul></div>
  </text>
  <url value="http://hl7.org/fhir/uv/emedicinal-product-info/ValueSet/atcClassification"/>
  <version value="1.0.0-ballot"/>
  <name value="VsAtcClassification"/>
  <title value="WHO ATC"/>
  <status value="active"/>
  <experimental value="false"/>
  <date value="2023-04-05T12:06:03+00:00"/>
  <contact>
    <name value="HL7 BR&amp;R"/>
    <telecom>
      <system value="url"/>
      <value value="http://www.hl7.org/Special/committees/rcrim"/>
    </telecom>
  </contact>
  <description value="World Health Organization Anatomical Therapeutic Chemical (ATC) classification system"/>
  <jurisdiction>
    <coding>
      <system value="http://unstats.un.org/unsd/methods/m49/m49.htm"/>
      <code value="001"/>
      <display value="World"/>
    </coding>
  </jurisdiction>
  <copyright value="This artifact includes content from Anatomical Therapeutic Chemical (ATC) classification system. ATC codes are copyright World Health Organization (WHO) Collaborating Centre for Drug Statistics Methodology. Terms &amp; Conditions in https://www.whocc.no/use_of_atc_ddd/"/>
  <compose>
    <include>
      <system value="http://www.whocc.no/atc"/>
    </include>
  </compose>
</ValueSet>