<?xml version="1.0" encoding="UTF-8"?>

<ValueSet xmlns="http://hl7.org/fhir">
  <id value="country"/>
  <text>
    <status value="generated"/><div xmlns="http://www.w3.org/1999/xhtml"><p>This value set includes codes based on the following rules:</p><ul><li>Import all the codes that are contained in <a href="http://terminology.hl7.org/5.0.0/ValueSet-v3-Country2.html">http://terminology.hl7.org/ValueSet/v3-Country2</a></li><li>Include these codes as defined in <a href="http://terminology.hl7.org/5.0.0/CodeSystem-ISO3166Part1.html"><code>urn:iso:std:iso:3166</code></a><table class="none"><tr><td style="white-space:nowrap"><b>Code</b></td><td><b>Display</b></td></tr><tr><td>EU</td><td>European Union</td></tr></table></li></ul></div>
  </text>
  <url value="http://hl7.org/fhir/uv/emedicinal-product-info/ValueSet/country"/>
  <version value="1.0.0-ballot"/>
  <name value="VsCountry"/>
  <title value="ISO Country two letter code"/>
  <status value="active"/>
  <experimental value="false"/>
  <date value="2023-01-14T01:22:25+00:00"/>
  <contact>
    <name value="HL7 BR&amp;R"/>
    <telecom>
      <system value="url"/>
      <value value="http://www.hl7.org/Special/committees/rcrim"/>
    </telecom>
  </contact>
  <description value="ISO Country two letter code"/>
  <jurisdiction>
    <coding>
      <system value="http://unstats.un.org/unsd/methods/m49/m49.htm"/>
      <code value="001"/>
      <display value="World"/>
    </coding>
  </jurisdiction>
  <compose>
    <include>
      <valueSet value="http://terminology.hl7.org/ValueSet/v3-Country2"/>
    </include>
    <include>
      <system value="urn:iso:std:iso:3166"/>
      <concept>
        <code value="EU"/>
        <display value="European Union"/>
      </concept>
    </include>
  </compose>
</ValueSet>