<?xml version="1.0" encoding="UTF-8"?><CodeSystem xmlns="http://hl7.org/fhir"><id value="CodeSystemUvEPIRpmswi"/><text><status value="generated"/><div xmlns="http://www.w3.org/1999/xhtml"><p>This code system <code>http://hl7.org/fhir/uv/emedicinal-product-info/CodeSystem/CodeSystemUvEPIRpmswi</code> defines the following codes:</p><table class="codes"><tr><td style="white-space:nowrap"><b>Code</b></td></tr><tr><td style="white-space:nowrap">1<a name="CodeSystemUvEPIRpmswi-1"> </a></td></tr><tr><td style="white-space:nowrap">2<a name="CodeSystemUvEPIRpmswi-2"> </a></td></tr></table></div></text><url value="http://hl7.org/fhir/uv/emedicinal-product-info/CodeSystem/CodeSystemUvEPIRpmswi"/><version value="1.0.0-ballot"/><name value="CodeSystemUvEPIRpmswi"/><title value="Products Management Services CodeSystem"/><status value="active"/><experimental value="false"/><date value="2022-12-14T14:15:20+00:00"/><contact><name value="HL7 BR&amp;R"/><telecom><system value="url"/><value value="http://www.hl7.org/Special/committees/rcrim"/></telecom></contact><description value="Items from https://spor.ema.europa.eu/pmswi"/><jurisdiction><coding><system value="http://unstats.un.org/unsd/methods/m49/m49.htm"/><code value="001"/><display value="World"/></coding></jurisdiction><caseSensitive value="false"/><content value="complete"/><count value="2"/><concept><code value="1"/></concept><concept><code value="2"/></concept></CodeSystem>