<?xml version="1.0" encoding="UTF-8"?><CodeSystem xmlns="http://hl7.org/fhir"><id value="epi-ig"/><text><status value="generated"/><div xmlns="http://www.w3.org/1999/xhtml"><p>This code system <code>http://hl7.org/fhir/uv/emedicinal-product-info/CodeSystem/epi-ig</code> defines the following codes:</p><table class="codes"><tr><td style="white-space:nowrap"><b>Code</b></td><td><b>Display</b></td><td><b>Definition</b></td></tr><tr><td style="white-space:nowrap">flavor<a name="epi-ig-flavor"> </a></td><td>Flavor</td><td>Placeholder for the Flavor concept</td></tr><tr><td style="white-space:nowrap">surfaceform<a name="epi-ig-surfaceform"> </a></td><td>Surface form</td><td>Placeholder for the Surface form concept</td></tr></table></div></text><url value="http://hl7.org/fhir/uv/emedicinal-product-info/CodeSystem/epi-ig"/><version value="1.0.0"/><name value="CodeSystemGravitate"/><title value="eMedicinal Product Information Code System"/><status value="active"/><experimental value="false"/><date value="2023-04-06T10:24:10+00:00"/><contact><name value="HL7 BR&amp;R"/><telecom><system value="url"/><value value="http://www.hl7.org/Special/committees/rcrim"/></telecom></contact><description value="eMedicinal Product Information Code System.&#xA;Coded concepts defined for ePI use only."/><jurisdiction><coding><system value="http://unstats.un.org/unsd/methods/m49/m49.htm"/><code value="001"/><display value="World"/></coding></jurisdiction><caseSensitive value="false"/><content value="complete"/><count value="2"/><concept><code value="flavor"/><display value="Flavor"/><definition value="Placeholder for the Flavor concept"/></concept><concept><code value="surfaceform"/><display value="Surface form"/><definition value="Placeholder for the Surface form concept"/></concept></CodeSystem>