<?xml version="1.0" encoding="UTF-8"?><ValueSet xmlns="http://hl7.org/fhir"><id value="dataCarrierIdSystem"/><text><status value="generated"/><div xmlns="http://www.w3.org/1999/xhtml"><ul><li>Include these codes as defined in <code>urn:ietf:rfc:3986</code><table class="none"><tr><td style="white-space:nowrap"><b>Code</b></td><td><b>Display</b></td></tr><tr><td>http://terminology.hl7.org/ValueSet/v3-RoleClassIngredientEntity</td><td/></tr></table></li></ul></div></text><url value="http://hl7.org/fhir/uv/emedicinal-product-info/ValueSet/dataCarrierIdSystem"/><version value="1.0.0-ballot"/><name value="VsDataCarrierIdSystem"/><title value="Data Carrier Identifiers"/><status value="active"/><experimental value="false"/><date value="2022-12-09T15:04:58+00:00"/><contact><name value="HL7 BR&amp;R"/><telecom><system value="url"/><value value="http://www.hl7.org/Special/committees/rcrim"/></telecom></contact><description value="Listing of identifiers for Data Carriers"/><jurisdiction><coding><system value="http://unstats.un.org/unsd/methods/m49/m49.htm"/><code value="001"/><display value="World"/></coding></jurisdiction><compose><include><system value="urn:ietf:rfc:3986"/><concept><code value="http://terminology.hl7.org/ValueSet/v3-RoleClassIngredientEntity"/></concept></include></compose></ValueSet>