<?xml version="1.0" encoding="UTF-8"?><ValueSet xmlns="http://hl7.org/fhir"><id value="strengthPart"/><text><status value="generated"/><div xmlns="http://www.w3.org/1999/xhtml"><p>This value set includes codes based on the following rules:</p><ul><li>Include these codes as defined in <code>urn:ietf:rfc:3986</code><table class="none"><tr><td style="white-space:nowrap"><b>Code</b></td><td><b>Display</b></td></tr><tr><td>https://placeholder.com</td><td/></tr></table></li><li>Include all codes defined in <code>https://spor.ema.europa.eu/rmswi</code></li></ul></div></text><url value="http://hl7.org/fhir/uv/emedicinal-product-info/ValueSet/strengthPart"/><version value="1.0.0-ballot"/><name value="VsStrengthPart"/><title value="Strength of the medicinal product name"/><status value="active"/><experimental value="false"/><date value="2022-12-17T12:06:32+00:00"/><contact><name value="HL7 BR&amp;R"/><telecom><system value="url"/><value value="http://www.hl7.org/Special/committees/rcrim"/></telecom></contact><description value="Strength of the medicinal product name"/><jurisdiction><coding><system value="http://unstats.un.org/unsd/methods/m49/m49.htm"/><code value="001"/><display value="World"/></coding></jurisdiction><compose><include><system value="urn:ietf:rfc:3986"/><concept><code value="https://placeholder.com"/></concept></include><include><system value="https://spor.ema.europa.eu/rmswi"/></include></compose></ValueSet>