<?xml version="1.0" encoding="UTF-8"?><ValueSet xmlns="http://hl7.org/fhir"><id value="exampleUseCodesForList"/><text><status value="generated"/><div xmlns="http://www.w3.org/1999/xhtml"><ul><li>Include these codes as defined in <code>urn:ietf:rfc:3986</code><table class="none"><tr><td style="white-space:nowrap"><b>Code</b></td><td><b>Display</b></td></tr><tr><td>http://hl7.org/fhir/ValueSet/list-example-codes</td><td>List Order Codes</td></tr></table></li></ul></div></text><url value="http://hl7.org/fhir/uv/emedicinal-product-info/ValueSet/exampleUseCodesForList"/><version value="1.0.0-ballot"/><name value="VsExampleUseCodesForList"/><title value="The topic of this list"/><status value="active"/><experimental value="false"/><date value="2022-12-17T12:06:32+00:00"/><contact><name value="HL7 BR&amp;R"/><telecom><system value="url"/><value value="http://www.hl7.org/Special/committees/rcrim"/></telecom></contact><description value="The topic of this list"/><jurisdiction><coding><system value="http://unstats.un.org/unsd/methods/m49/m49.htm"/><code value="001"/><display value="World"/></coding></jurisdiction><compose><include><system value="urn:ietf:rfc:3986"/><concept><code value="http://hl7.org/fhir/ValueSet/list-example-codes"/><display value="List Order Codes"/></concept></include></compose></ValueSet>