{"resourceType":"ValueSet","id":"packageType","text":{"status":"generated","div":"<div xmlns=\"http://www.w3.org/1999/xhtml\"><ul><li>Include all codes defined in <a href=\"http://hl7.org/fhir/5.0.0-snapshot3/codesystem-package-type.html\"><code>http://hl7.org/fhir/package-type</code></a></li></ul></div>"},"url":"http://hl7.org/fhir/uv/emedicinal-product-info/ValueSet/packageType","version":"1.0.0-ballot","name":"VsPackageType","title":"High level Pack Type","status":"active","experimental":false,"date":"2022-12-21T15:08:00+00:00","contact":[{"name":"HL7 BR&R","telecom":[{"system":"url","value":"http://www.hl7.org/Special/committees/rcrim"}]}],"description":"High level type of pack; e.g., medicinal product pack, sample pack, shipping container.","jurisdiction":[{"coding":[{"system":"http://unstats.un.org/unsd/methods/m49/m49.htm","code":"001","display":"World"}]}],"compose":{"include":[{"system":"http://hl7.org/fhir/package-type"}]}}