{"resourceType":"ValueSet","id":"PharmaceuticalDoseForm","text":{"status":"generated","div":"<div xmlns=\"http://www.w3.org/1999/xhtml\"><ul><li>Include all codes defined in <code>https://spor.ema.europa.eu/rmswi/200000000006</code></li></ul></div>"},"url":"http://hl7.org/fhir/uv/vulcan-eproduct-info/ValueSet/PharmaceuticalDoseForm","version":"1.0.0-Ballot","name":"VsPharmaceuticalDoseForm","title":"Combined Pharmaceutical Dose Form","status":"active","experimental":false,"date":"2022-11-25T11:57:58+00:00","contact":[{"name":"HL7 BR&R","telecom":[{"system":"url","value":"http://hl7.org/Special/committees/"}]}],"description":"Combined Pharmaceutical Dose Form","jurisdiction":[{"coding":[{"system":"http://unstats.un.org/unsd/methods/m49/m49.htm","code":"001","display":"World"}]}],"compose":{"include":[{"system":"https://spor.ema.europa.eu/rmswi/200000000006"}]}}