{"resourceType":"ValueSet","id":"dataCarrierIdSystem","text":{"status":"generated","div":"<div xmlns=\"http://www.w3.org/1999/xhtml\"><ul><li>Include these codes as defined in <code>urn:ietf:rfc:3986</code><table class=\"none\"><tr><td style=\"white-space:nowrap\"><b>Code</b></td><td><b>Display</b></td></tr><tr><td>http://terminology.hl7.org/ValueSet/v3-RoleClassIngredientEntity</td><td/></tr></table></li></ul></div>"},"url":"http://hl7.org/fhir/uv/vulcan-eproduct-info/ValueSet/dataCarrierIdSystem","version":"1.0.0-Ballot","name":"VsDataCarrierIdSystem","title":"Data Carrier Identifiers","status":"active","experimental":false,"date":"2022-11-28T11:42:39+00:00","contact":[{"name":"HL7 BR&R","telecom":[{"system":"url","value":"http://hl7.org/Special/committees/"}]}],"description":"Listing of identifiers for Data Carriers","jurisdiction":[{"coding":[{"system":"http://unstats.un.org/unsd/methods/m49/m49.htm","code":"001","display":"World"}]}],"compose":{"include":[{"system":"urn:ietf:rfc:3986","concept":[{"code":"http://terminology.hl7.org/ValueSet/v3-RoleClassIngredientEntity"}]}]}}