{
  "resourceType" : "ClinicalUseDefinition",
  "id" : "yy",
  "meta" : {
    "profile" : ["http://hl7.org/fhir/uv/emedicinal-product-info/StructureDefinition/ClinicalUseDefinition-indication-uv-epi"]
  },
  "text" : {
    "status" : "generated",
    "div" : "<div xmlns=\"http://www.w3.org/1999/xhtml\"><p><b>Generated Narrative: ClinicalUseDefinition</b><a name=\"yy\"> </a></p><div style=\"display: inline-block; background-color: #d9e0e7; padding: 6px; margin: 4px; border: 1px solid #8da1b4; border-radius: 5px; line-height: 60%\"><p style=\"margin-bottom: 0px\">Resource ClinicalUseDefinition &quot;yy&quot; </p><p style=\"margin-bottom: 0px\">Profile: <a href=\"StructureDefinition-ClinicalUseDefinition-indication-uv-epi.html\">ClinicalUseDefinition Indication (ePI)</a></p></div><p><b>identifier</b>: id: xx (use: OFFICIAL)</p><p><b>type</b>: indication</p><p><b>subject</b>: <a href=\"MedicinalProductDefinition-dd372066-5464-4c3e-b00e-9fe7da5c1b0d.html\">MedicinalProductDefinition/dd372066-5464-4c3e-b00e-9fe7da5c1b0d</a></p><blockquote><p><b>indication</b></p><h3>DiseaseSymptomProcedures</h3><table class=\"grid\"><tr><td>-</td><td><b>Concept</b></td></tr><tr><td>*</td><td>Hypertension <span style=\"background: LightGoldenRodYellow; margin: 4px; border: 1px solid khaki\"> (<a href=\"http://terminology.hl7.org/5.0.0/CodeSystem-mdr.html\">MedDRA</a>#10020772)</span></td></tr></table></blockquote></div>"
  },
  "identifier" : [{
    "use" : "official",
    "system" : "https://spor.ema.europa.eu/rmswi/#/",
    "value" : "xx"
  }],
  "type" : "indication",
  "subject" : [{
    "reference" : "MedicinalProductDefinition/dd372066-5464-4c3e-b00e-9fe7da5c1b0d"
  }],
  "indication" : {
    "diseaseSymptomProcedure" : {
      "concept" : {
        "coding" : [{
          "system" : "http://terminology.hl7.org/CodeSystem/mdr",
          "code" : "10020772",
          "display" : "Hypertension"
        }]
      }
    }
  }
}