{
  "resourceType": "ClinicalUseDefinition",
  "id": "ii",
  "meta": {
    "profile": [
      "http://hl7.org/fhir/uv/vulcan-eproduct-info/StructureDefinition/ClinicalUseDefinition-contraindication-uv-epi"
    ]
  },
  "text": {
    "status": "generated",
    "div": "<div xmlns=\"http://www.w3.org/1999/xhtml\"><p><b>Generated Narrative: ClinicalUseDefinition</b><a name=\"ii\"> </a></p><div style=\"display: inline-block; background-color: #d9e0e7; padding: 6px; margin: 4px; border: 1px solid #8da1b4; border-radius: 5px; line-height: 60%\"><p style=\"margin-bottom: 0px\">Resource ClinicalUseDefinition &quot;ii&quot; </p><p style=\"margin-bottom: 0px\">Profile: <a href=\"StructureDefinition-ClinicalUseDefinition-contraindication-uv-epi.html\">ClinicalUseDefinition Contraindication (ePI)</a></p></div><p><b>identifier</b>: id: xx (use: OFFICIAL)</p><p><b>type</b>: contraindication</p><p><b>subject</b>: <a href=\"MedicinalProductDefinition-557820eb-c339-4874-bbf8-36a4caf54695.html\">MedicinalProductDefinition/557820eb-c339-4874-bbf8-36a4caf54695</a></p><blockquote><p><b>contraindication</b></p><h3>DiseaseSymptomProcedures</h3><table class=\"grid\"><tr><td>-</td><td><b>Concept</b></td></tr><tr><td>*</td><td>Diabetis Mellitus <span style=\"background: LightGoldenRodYellow; margin: 4px; border: 1px solid khaki\"> (<a href=\"http://terminology.hl7.org/5.0.0/CodeSystem-mdr.html\">MedDRA</a>#10012601)</span></td></tr></table></blockquote></div>"
  },
  "identifier": [
    {
      "use": "official",
      "system": "https://spor.ema.europa.eu/rmswi/#/",
      "value": "xx"
    }
  ],
  "type": "contraindication",
  "subject": [
    {
      "reference": "MedicinalProductDefinition/557820eb-c339-4874-bbf8-36a4caf54695"
    }
  ],
  "contraindication": {
    "diseaseSymptomProcedure": {
      "concept": {
        "coding": [
          {
            "system": "http://terminology.hl7.org/CodeSystem/mdr",
            "code": "10012601",
            "display": "Diabetis Mellitus"
          }
        ]
      }
    }
  }
}