<?xml version="1.0" encoding="UTF-8"?>

<CodeSystem xmlns="http://hl7.org/fhir">
  <id value="gravitate"/>
  <text>
    <status value="generated"/><div xmlns="http://www.w3.org/1999/xhtml"><p>This code system <code>http://hl7.org/fhir/uv/vulcan-eproduct-info/CodeSystem/gravitate</code> defines the following codes:</p><table class="codes"><tr><td style="white-space:nowrap"><b>Code</b></td><td><b>Display</b></td><td><b>Definition</b></td></tr><tr><td style="white-space:nowrap">flavor<a name="gravitate-flavor"> </a></td><td>Flavor</td><td>Placeholder for the Flavor concept</td></tr><tr><td style="white-space:nowrap">surfaceform<a name="gravitate-surfaceform"> </a></td><td>Surface form</td><td>Placeholder for the Surface form concept</td></tr></table></div>
  </text>
  <url value="http://hl7.org/fhir/uv/vulcan-eproduct-info/CodeSystem/gravitate"/>
  <version value="1.0.0-Ballot"/>
  <name value="CodeSystemGravitate"/>
  <title value="Gravitate Health Project Code System"/>
  <status value="active"/>
  <experimental value="false"/>
  <date value="2022-11-25T11:53:22+00:00"/>
  <contact>
    <name value="HL7 BR&amp;R"/>
    <telecom>
      <system value="url"/>
      <value value="http://hl7.org/Special/committees/"/>
    </telecom>
  </contact>
  <description value="Gravitate Health Project Code System. Coded concepts defined for internal project use."/>
  <jurisdiction>
    <coding>
      <system value="http://unstats.un.org/unsd/methods/m49/m49.htm"/>
      <code value="001"/>
      <display value="World"/>
    </coding>
  </jurisdiction>
  <caseSensitive value="false"/>
  <content value="complete"/>
  <count value="2"/>
  <concept>
    <code value="flavor"/>
    <display value="Flavor"/>
    <definition value="Placeholder for the Flavor concept"/>
  </concept>
  <concept>
    <code value="surfaceform"/>
    <display value="Surface form"/>
    <definition value="Placeholder for the Surface form concept"/>
  </concept>
</CodeSystem>