<?xml version="1.0" encoding="UTF-8"?>

<Composition xmlns="http://hl7.org/fhir">
  <id value="cfsb1651234995610"/>
  <language value="es"/>
  <text>
    <status value="generated"/><div xmlns="http://www.w3.org/1999/xhtml" xml:lang="es" lang="es"><p><b>Generated Narrative: Composition</b><a name="cfsb1651234995610"> </a></p><div style="display: inline-block; background-color: #d9e0e7; padding: 6px; margin: 4px; border: 1px solid #8da1b4; border-radius: 5px; line-height: 60%"><p style="margin-bottom: 0px">Resource Composition &quot;cfsb1651234995610&quot;  (Language &quot;es&quot;) </p></div><p><b>status</b>: final</p><p><b>type</b>: Package Leaflet <span style="background: LightGoldenRodYellow; margin: 4px; border: 1px solid khaki"> (#100000155538)</span></p><p><b>date</b>: 2022-04-29 13:28:17+0000</p><p><b>author</b>: <a href="Organization-cfsb1651149636159.html">Organization/cfsb1651149636159</a> &quot;ViiV Healthcare BV&quot;</p><p><b>title</b>: TEST PURPOSES ONLY/EJEMPLO DE PRUEBAS - Dovato 50 mg/300 mg comprimidos recubiertos con película</p><h3>Attesters</h3><table class="grid"><tr><td>-</td><td><b>Mode</b></td><td><b>Time</b></td></tr><tr><td>*</td><td>Official <span style="background: LightGoldenRodYellow; margin: 4px; border: 1px solid khaki"> (<a href="http://hl7.org/fhir/5.0.0-snapshot3/codesystem-composition-attestation-mode.html">CompositionAttestationMode</a>#official)</span></td><td>2002-08-01 13:28:17+0000</td></tr></table></div>
  </text>
  <status value="final"/>
  <type>
    <coding>
      <system value="https://spor.ema.europa.eu/"/>
      <code value="100000155538"/>
    </coding>
    <text value="Package Leaflet"/>
  </type>
  <subject>
    <reference value="RegulatedAuthorization/cfsb1651148079894"/>
  </subject>
  <date value="2022-04-29T13:28:17Z"/>
  <author>
    <reference value="Organization/cfsb1651149636159"/>
  </author>
  <title value="TEST PURPOSES ONLY/EJEMPLO DE PRUEBAS - Dovato 50 mg/300 mg comprimidos recubiertos con película"/>
  <attester>
    <mode>
      <coding>
        <system value="http://hl7.org/fhir/composition-attestation-mode"/>
        <code value="official"/>
      </coding>
    </mode>
    <time value="2002-08-01T13:28:17Z"/>
  </attester>
  <section>
    <title value="Product Information"/>
    <code>
      <text value="Product Info"/>
    </code>
    <entry>
      <reference value="Ingredient/cfsb1651162710491"/>
    </entry>
    <entry>
      <reference value="Ingredient/cfsb1651164758053"/>
    </entry>
    <entry>
      <reference value="Ingredient/cfsb1651170791283"/>
    </entry>
    <entry>
      <reference value="Ingredient/cfsb1651229974487"/>
    </entry>
    <entry>
      <reference value="Ingredient/cfsb1651230170831"/>
    </entry>
    <entry>
      <reference value="Ingredient/cfsb1651230330246"/>
    </entry>
    <entry>
      <reference value="AdministrableProductDefinition/cfsb1650999516847"/>
    </entry>
    <entry>
      <reference value="RegulatedAuthorization/cfsb1651148079894"/>
    </entry>
    <entry>
      <reference value="Organization/cfsb1651149636159"/>
    </entry>
    <entry>
      <reference value="Organization/cfsb1651152112409"/>
    </entry>
    <entry>
      <reference value="ManufacturedItemDefinition/cfsb1650998521654"/>
    </entry>
    <entry>
      <reference value="Organization/cfsb1650997423990"/>
    </entry>
    <entry>
      <reference value="PackagedProductDefinition/cfsb1650995718524"/>
    </entry>
    <entry>
      <reference value="MedicinalProductDefinition/cfsb1650904258324"/>
    </entry>
    <entry>
      <reference value="ManufacturedItemDefinition/cfsb1650998521654"/>
    </entry>
  </section>
  <section>
    <title value="Narrative Text"/>
    <code>
      <text value="Narrative"/>
    </code>
    <section>
      <title value="B. Package Leaflet"/>
      <code>
        <coding>
          <system value="https://spor.ema.europa.eu/"/>
          <code value="100000155538"/>
        </coding>
        <text value="B. PACKAGE LEAFLET"/>
      </code>
      <text>
        <status value="additional"/><div xmlns="http://www.w3.org/1999/xhtml">Prospecto: información para el paciente Dovato 50 mg/300 mg comprimidos recubiertos con película dolutegravir/lamivudina <b>Lea todo el prospecto detenidamente antes de empezar a tomar este medicamento, porque contiene información importante para usted.</b><ul><li>Conserve este prospecto, ya que puede tener que volver a leerlo.</li><li>Si tiene alguna duda, consulte a su médico o farmacéutico.</li><li>Este medicamento se le ha recetado solamente a usted, y no debe dárselo a otras personas aunque tengan los mismos síntomas que usted, ya que puede perjudicarles.</li><li>Si experimenta efectos adversos, consulte a su médico o farmacéutico, incluso si se trata de efectos adversos que no aparecen en este prospecto. Ver sección 4.</li></ul></div>
      </text>
    </section>
    <section>
      <title value="What is in this leaflet"/>
      <code>
        <coding>
          <system value="https://spor.ema.europa.eu/"/>
          <code value="100000155538-0"/>
        </coding>
        <text value="B. PACKAGE LEAFLET"/>
      </code>
      <text>
        <status value="additional"/><div xmlns="http://www.w3.org/1999/xhtml">Contenido del prospecto<ol><li>Qué es Dovato y para qué se utiliza</li><li>Qué necesita saber antes de empezar a tomar Dovato</li><li>Cómo tomar Dovato</li><li>Posibles efectos adversos</li><li>Conservación de Dovato</li><li>Contenido del envase e información adicional</li></ol></div>
      </text>
    </section>
    <section>
      <title value="1. What Dovato is and what it is used for"/>
      <code>
        <coding>
          <system value="https://spor.ema.europa.eu/"/>
          <code value="100000155538-1"/>
        </coding>
        <text value="B. PACKAGE LEAFLET"/>
      </code>
      <text>
        <status value="additional"/><div xmlns="http://www.w3.org/1999/xhtml"><b>1. Qué es Dovato y para qué se utiliza</b> Dovato es un medicamento que contiene dos principios activos usados para tratar la infección por el virus de la inmunodeficiencia humana (VIH): dolutegravir y lamivudina. Dolutegravir pertenece al grupo de medicamentos antirretrovirales llamados inhibidores de la integrasa (INI) y lamivudina pertenece a un grupo de medicamentos antirretrovirales denominados inhibidores de la transcriptasa inversa análogos de nucleósido (ITIAN).</div>
      </text>
    </section>
    <section>
      <title value="2. What you need to know before you take Dovato"/>
      <code>
        <coding>
          <system value="https://spor.ema.europa.eu/"/>
          <code value="100000155538-2"/>
        </coding>
        <text value="B. PACKAGE LEAFLET"/>
      </code>
      <text>
        <status value="additional"/><div xmlns="http://www.w3.org/1999/xhtml"><b>2. Qué necesita saber antes de empezar a tomar Dovato</b> <b>No tome Dovato</b><ul><li>si es <b>alérgico</b> (hipersensible) a dolutegravir o lamivudina o a alguno de los demás componentes de este medicamento (incluidos en la sección 6)</li><li>si está tomando un medicamento llamado <b>fampridina</b> (también conocido como dalfampridina; utilizado para tratar la esclerosis múltiple).</li></ul></div>
      </text>
    </section>
    <section>
      <title value="3. How to take Dovato"/>
      <code>
        <coding>
          <system value="https://spor.ema.europa.eu/"/>
          <code value="100000155538-3"/>
        </coding>
        <text value="B. PACKAGE LEAFLET"/>
      </code>
      <text>
        <status value="additional"/><div xmlns="http://www.w3.org/1999/xhtml"><b>3. Cómo tomar Dovato</b><p>Siga exactamente las instrucciones de administración de este medicamento indicadas por su médico. En caso de duda, consulte de nuevo a su médico o farmacéutico.</p><ul><li>La dosis recomendada de Dovato es <b>un comprimido una vez al día.</b></li></ul><p>Trague el comprimido con un poco de líquido. Dovato se puede tomar con o sin alimentos.</p></div>
      </text>
    </section>
    <section>
      <title value="4. Possible side effects"/>
      <code>
        <coding>
          <system value="https://spor.ema.europa.eu/"/>
          <code value="100000155538-4"/>
        </coding>
        <text value="B. PACKAGE LEAFLET"/>
      </code>
      <text>
        <status value="additional"/><div xmlns="http://www.w3.org/1999/xhtml"><p><b>4. Posibles efectos adversos</b></p><p>Al igual que todos los medicamentos, este medicamento puede producir efectos adversos, aunque no todas las personas los sufran, <b>por lo que es muy importante que le comente a su médico cualquier cambio en su estado de salud.</b></p></div>
      </text>
    </section>
    <section>
      <title value="5. How to store Dovato"/>
      <code>
        <coding>
          <system value="https://spor.ema.europa.eu/"/>
          <code value="100000155538-5"/>
        </coding>
        <text value="B. PACKAGE LEAFLET"/>
      </code>
      <text>
        <status value="additional"/><div xmlns="http://www.w3.org/1999/xhtml"><b>5. Conservación de Dovato</b><p>Mantener este medicamento fuera de la vista y del alcance de los niños</p><p>No utilice este medicamento después de la fecha de caducidad que aparece en la caja y el frasco después de CAD. La fecha de caducidad es el último día del mes que se indica.</p><p>Este medicamento no requiere ninguna condición especial de conservación.</p><p>Los medicamentos no se deben tirar por los desagües ni a la basura. Pregunte a su farmacéutico cómo deshacerse de los envases y de los medicamentos que ya no necesita. De esta forma, ayudará a proteger el medio ambiente.</p></div>
      </text>
    </section>
    <section>
      <title value="6. Contents of the pack and other information"/>
      <code>
        <coding>
          <system value="https://spor.ema.europa.eu/"/>
          <code value="100000155538-6"/>
        </coding>
        <text value="B. PACKAGE LEAFLET"/>
      </code>
      <text>
        <status value="additional"/><div xmlns="http://www.w3.org/1999/xhtml"><b>6. Contenido del envase e información adicional</b> <b>Composición de Dovato</b><ul><li>Los principios activos son dolutegravir y lamivudina. Cada comprimido contiene dolutegravir sódico equivalente a 50 mg de dolutegravir y 300 mg de lamivudina.</li><li>Los demás componentes son celulosa microcristalina, carboximetilalmidón sódico, estearato de magnesio, manitol (E421), povidona (K29/32), fumarato estearilo de sodio, hipromelosa (E464), macrogol, dióxido de titanio (E171).</li><li>Este medicamento contiene menos de 1 mmol de sodio (23 mg) por comprimido; esto es, esencialmente “exento de sodio”.</li></ul></div>
      </text>
    </section>
  </section>
</Composition>