<?xml version="1.0" encoding="UTF-8"?>

<Ingredient xmlns="http://hl7.org/fhir">
  <id value="745c01bc-936e-45ca-9880-57e97608f43e"/>
  <meta>
    <profile value="http://hl7.org/fhir/uv/vulcan-eproduct-info/StructureDefinition/Ingredient-uv-epi"/>
  </meta>
  <text>
    <status value="generated"/><div xmlns="http://www.w3.org/1999/xhtml"><p><b>Generated Narrative: Ingredient</b><a name="745c01bc-936e-45ca-9880-57e97608f43e"> </a></p><div style="display: inline-block; background-color: #d9e0e7; padding: 6px; margin: 4px; border: 1px solid #8da1b4; border-radius: 5px; line-height: 60%"><p style="margin-bottom: 0px">Resource Ingredient &quot;745c01bc-936e-45ca-9880-57e97608f43e&quot; </p><p style="margin-bottom: 0px">Profile: <a href="StructureDefinition-Ingredient-uv-epi.html">Ingredient (ePI)</a></p></div><p><b>identifier</b>: id: J0E2756Z7N (use: OFFICIAL)</p><p><b>status</b>: active</p><p><b>for</b>: <a href="ManufacturedItemDefinition-3214f286-b8ec-4ef5-bc8d-0aec39d97468.html">ManufacturedItemDefinition/3214f286-b8ec-4ef5-bc8d-0aec39d97468</a></p><p><b>role</b>: active ingredient - basis of strength <span style="background: LightGoldenRodYellow; margin: 4px; border: 1px solid khaki"> (<a href="http://terminology.hl7.org/4.0.0/CodeSystem-v3-RoleClass.html">RoleClass</a>#ACTIB)</span></p><h3>Manufacturers</h3><table class="grid"><tr><td>-</td><td><b>Manufacturer</b></td></tr><tr><td>*</td><td><a href="Organization-d71bf884-90eb-47f9-81b7-fa81ecec7e75.html">Organization/d71bf884-90eb-47f9-81b7-fa81ecec7e75</a> &quot;Sanofi-Aventis Groupe&quot;</td></tr></table><blockquote><p><b>substance</b></p><h3>Codes</h3><table class="grid"><tr><td>-</td><td><b>Concept</b></td></tr><tr><td>*</td><td>irbesartan <span style="background: LightGoldenRodYellow; margin: 4px; border: 1px solid khaki"> (<a href="http://terminology.hl7.org/4.0.0/CodeSystem-UNII.html">Unique Ingredient Identifier (UNII)</a>#J0E2756Z7N)</span></td></tr></table><h3>Strengths</h3><table class="grid"><tr><td>-</td><td><b>Presentation[x]</b></td><td><b>Basis</b></td></tr><tr><td>*</td><td>75 mg</td><td>active ingredient - basis of strength <span style="background: LightGoldenRodYellow; margin: 4px; border: 1px solid khaki"> (<a href="http://terminology.hl7.org/4.0.0/CodeSystem-v3-RoleClass.html">RoleClass</a>#ACTIB)</span></td></tr></table></blockquote></div>
  </text>
  <identifier>
    <use value="official"/>
    <system value="http://fdasis.nlm.nih.gov"/>
    <value value="J0E2756Z7N"/>
  </identifier>
  <status value="active"/>
  <for>
    <reference value="ManufacturedItemDefinition/3214f286-b8ec-4ef5-bc8d-0aec39d97468"/>
  </for>
  <role>
    <coding>
      <system value="http://terminology.hl7.org/CodeSystem/v3-RoleClass"/>
      <code value="ACTIB"/>
    </coding>
    <text value="active ingredient - basis of strength"/>
  </role>
  <manufacturer>
    <manufacturer>
      <reference value="Organization/d71bf884-90eb-47f9-81b7-fa81ecec7e75"/>
    </manufacturer>
  </manufacturer>
  <substance>
    <code>
      <concept>
        <coding>
          <system value="http://fdasis.nlm.nih.gov"/>
          <code value="J0E2756Z7N"/>
          <display value="irbesartan"/>
        </coding>
      </concept>
    </code>
    <strength>
      <presentationQuantity>
        <value value="75"/>
        <unit value="mg"/>
      </presentationQuantity>
      <basis>
        <coding>
          <system value="http://terminology.hl7.org/CodeSystem/v3-RoleClass"/>
          <code value="ACTIB"/>
        </coding>
        <text value="active ingredient - basis of strength"/>
      </basis>
    </strength>
  </substance>
</Ingredient>