<?xml version="1.0" encoding="UTF-8"?>

<Ingredient xmlns="http://hl7.org/fhir">
  <id value="acdc4d6b-2f5e-4995-8960-fce1ad2d6ba6"/>
  <meta>
    <profile value="http://hl7.org/fhir/uv/emedicinal-product-info/StructureDefinition/Ingredient-uv-epi"/>
  </meta>
  <text>
    <status value="generated"/><div xmlns="http://www.w3.org/1999/xhtml"><p><b>Generated Narrative: Ingredient</b><a name="acdc4d6b-2f5e-4995-8960-fce1ad2d6ba6"> </a></p><div style="display: inline-block; background-color: #d9e0e7; padding: 6px; margin: 4px; border: 1px solid #8da1b4; border-radius: 5px; line-height: 60%"><p style="margin-bottom: 0px">Resource Ingredient &quot;acdc4d6b-2f5e-4995-8960-fce1ad2d6ba6&quot; </p><p style="margin-bottom: 0px">Profile: <a href="StructureDefinition-Ingredient-uv-epi.html">Ingredient (ePI)</a></p></div><p><b>identifier</b>: id: PDC6A3C0OX (use: OFFICIAL)</p><p><b>status</b>: active</p><p><b>for</b>: <a href="ManufacturedItemDefinition-83e2b095-1be1-4eea-87d6-b7ae5008f0b4.html">ManufacturedItemDefinition/83e2b095-1be1-4eea-87d6-b7ae5008f0b4</a></p><p><b>role</b>: Excipient <span style="background: LightGoldenRodYellow; margin: 4px; border: 1px solid khaki"> (rmswi#100000072082)</span></p><h3>Manufacturers</h3><table class="grid"><tr><td>-</td><td><b>Manufacturer</b></td></tr><tr><td>*</td><td><a href="Organization-898ff4b0-8754-4f50-a40f-417389803da1.html">Organization/898ff4b0-8754-4f50-a40f-417389803da1</a> &quot;Sanofi-Aventis Groupe&quot;</td></tr></table><blockquote><p><b>substance</b></p><h3>Codes</h3><table class="grid"><tr><td>-</td><td><b>Concept</b></td></tr><tr><td>*</td><td>GLYCEROL 85% [WHO-DD] <span style="background: LightGoldenRodYellow; margin: 4px; border: 1px solid khaki"> (<a href="http://terminology.hl7.org/5.0.0/CodeSystem-UNII.html">Unique Ingredient Identifier (UNII)</a>#PDC6A3C0OX)</span></td></tr></table></blockquote></div>
  </text>
  <identifier>
    <use value="official"/>
    <system value="http://fdasis.nlm.nih.gov"/>
    <value value="PDC6A3C0OX"/>
  </identifier>
  <status value="active"/>
  <for>
    <reference value="ManufacturedItemDefinition/83e2b095-1be1-4eea-87d6-b7ae5008f0b4"/>
  </for>
  <role>
    <coding>
      <system value="https://spor.ema.europa.eu/rmswi"/>
      <code value="100000072082"/>
      <display value="Excipient"/>
    </coding>
  </role>
  <manufacturer>
    <manufacturer>
      <reference value="Organization/898ff4b0-8754-4f50-a40f-417389803da1"/>
    </manufacturer>
  </manufacturer>
  <substance>
    <code>
      <concept>
        <coding>
          <system value="http://fdasis.nlm.nih.gov"/>
          <code value="PDC6A3C0OX"/>
          <display value="GLYCEROL 85% [WHO-DD]"/>
        </coding>
      </concept>
    </code>
  </substance>
</Ingredient>