<?xml version="1.0" encoding="UTF-8"?>

<MedicinalProductDefinition xmlns="http://hl7.org/fhir">
  <id value="a59f72e1-a5f4-4ce6-a673-5f44f8fe8df8"/>
  <meta>
    <profile value="http://hl7.org/fhir/uv/vulcan-eproduct-info/StructureDefinition/MedicinalProductDefinition-uv-epi"/>
  </meta>
  <text>
    <status value="generated"/><div xmlns="http://www.w3.org/1999/xhtml"><p><b>Generated Narrative: MedicinalProductDefinition</b><a name="a59f72e1-a5f4-4ce6-a673-5f44f8fe8df8"> </a></p><div style="display: inline-block; background-color: #d9e0e7; padding: 6px; margin: 4px; border: 1px solid #8da1b4; border-radius: 5px; line-height: 60%"><p style="margin-bottom: 0px">Resource MedicinalProductDefinition &quot;a59f72e1-a5f4-4ce6-a673-5f44f8fe8df8&quot; </p><p style="margin-bottom: 0px">Profile: <a href="StructureDefinition-MedicinalProductDefinition-uv-epi.html">MedicinalProductDefinition (ePI)</a></p></div><p><b>identifier</b>: id: EU/1/16/1157/002</p><p><b>type</b>: Medicinal Product <span style="background: LightGoldenRodYellow; margin: 4px; border: 1px solid khaki"> (<a href="http://build.fhir.org/codesystem-medicinal-product-type.html">MedicinalProductType</a>#MedicinalProduct)</span></p><p><b>domain</b>: Human use <span style="background: LightGoldenRodYellow; margin: 4px; border: 1px solid khaki"> (<a href="http://build.fhir.org/codesystem-medicinal-product-domain.html">MedicinalProductDomain</a>#Human)</span></p><p><b>status</b>: active <span style="background: LightGoldenRodYellow; margin: 4px; border: 1px solid khaki"> (<a href="http://build.fhir.org/codesystem-publication-status.html">PublicationStatus</a>#active)</span></p><p><b>indication</b>: Suliqua is indicated for the treatment of adults with insufficiently controlled type 2 diabetes mellitus to improve glycaemic control as an adjunct to diet and exercise in addition to metformin with or without SGLT-2 inhibitors.</p><p><b>legalStatusOfSupply</b>: Medicinal product subject to medical prescription <span style="background: LightGoldenRodYellow; margin: 4px; border: 1px solid khaki"> (rmswi#100000072084)</span></p><p><b>classification</b>: insulin glargine and lixisenatide <span style="background: LightGoldenRodYellow; margin: 4px; border: 1px solid khaki"> (#A10AE54)</span>, Diabetes mellitus inadequate control <span style="background: LightGoldenRodYellow; margin: 4px; border: 1px solid khaki"> (#/#100000019249)</span></p><blockquote><p><b>name</b></p><p><b>productName</b>: Suliqua 100 units/ml + 50 micrograms/ml solution for injection in a pre-filled pen</p><p><b>type</b>: Full name <span style="background: LightGoldenRodYellow; margin: 4px; border: 1px solid khaki"> (220000000000#220000000001)</span></p><blockquote><p><b>part</b></p><p><b>part</b>: Suliqua</p><p><b>type</b>: Invented name part <span style="background: LightGoldenRodYellow; margin: 4px; border: 1px solid khaki"> (220000000000#220000000002)</span></p></blockquote><blockquote><p><b>part</b></p><p><b>part</b>: Insulin glargine, Lixisenatide</p><p><b>type</b>: Scientific name part <span style="background: LightGoldenRodYellow; margin: 4px; border: 1px solid khaki"> (220000000000#220000000003)</span></p></blockquote><blockquote><p><b>part</b></p><p><b>part</b>: 100 units/ml + 50 ug/ml</p><p><b>type</b>: Strength part <span style="background: LightGoldenRodYellow; margin: 4px; border: 1px solid khaki"> (220000000000#220000000004)</span></p></blockquote><blockquote><p><b>part</b></p><p><b>part</b>: Solution for injection</p><p><b>type</b>: Pharmaceutical dose form part <span style="background: LightGoldenRodYellow; margin: 4px; border: 1px solid khaki"> (220000000000#220000000005)</span></p></blockquote><h3>Usages</h3><table class="grid"><tr><td>-</td><td><b>Country</b></td><td><b>Jurisdiction</b></td><td><b>Language</b></td></tr><tr><td>*</td><td>European Union <span style="background: LightGoldenRodYellow; margin: 4px; border: 1px solid khaki"> (<a href="http://terminology.hl7.org/5.0.0/CodeSystem-ISO3166Part1.html">ISO 3166-1 Codes for the representation of names of countries and their subdivisions — Part 1: Country code</a>#eu)</span></td><td>European Union <span style="background: LightGoldenRodYellow; margin: 4px; border: 1px solid khaki"> (<a href="http://terminology.hl7.org/5.0.0/CodeSystem-ISO3166Part1.html">ISO 3166-1 Codes for the representation of names of countries and their subdivisions — Part 1: Country code</a>#eu)</span></td><td>English <span style="background: LightGoldenRodYellow; margin: 4px; border: 1px solid khaki"> (<a href="http://terminology.hl7.org/5.0.0/CodeSystem-v3-ietf3066.html">Tags for the Identification of Languages</a>#en)</span></td></tr></table></blockquote></div>
  </text>
  <identifier>
    <system value="https://spor.ema.europa.eu/pmswi"/>
    <value value="EU/1/16/1157/002"/>
  </identifier>
  <type>
    <coding>
      <system value="http://hl7.org/fhir/medicinal-product-type"/>
      <code value="MedicinalProduct"/>
      <display value="Medicinal Product"/>
    </coding>
  </type>
  <domain>
    <coding>
      <system value="http://hl7.org/fhir/medicinal-product-domain"/>
      <code value="Human"/>
      <display value="Human use"/>
    </coding>
  </domain>
  <status>
    <coding>
      <system value="http://hl7.org/fhir/publication-status"/>
      <code value="active"/>
      <display value="active"/>
    </coding>
  </status>
  <indication value="Suliqua is indicated for the treatment of adults with insufficiently controlled type 2 diabetes mellitus to improve glycaemic control as an adjunct to diet and exercise in addition to metformin with or without SGLT-2 inhibitors."/>
  <legalStatusOfSupply>
    <coding>
      <system value="https://spor.ema.europa.eu/rmswi"/>
      <code value="100000072084"/>
      <display value="Medicinal product subject to medical prescription"/>
    </coding>
  </legalStatusOfSupply>
  <classification>
    <coding>
      <system value="https://www.whocc.no/atc_ddd_index/"/>
      <code value="A10AE54"/>
      <display value="insulin glargine and lixisenatide"/>
    </coding>
  </classification>
  <classification>
    <coding>
      <system value="https://spor.ema.europa.eu/rmswi/"/>
      <code value="/#100000019249"/>
      <display value="Diabetes mellitus inadequate control"/>
    </coding>
  </classification>
  <name>
    <productName value="Suliqua 100 units/ml + 50 micrograms/ml solution for injection in a pre-filled pen"/>
    <type>
      <coding>
        <system value="https://spor.ema.europa.eu/rmswi/220000000000"/>
        <code value="220000000001"/>
      </coding>
      <text value="Full name"/>
    </type>
    <part>
      <part value="Suliqua"/>
      <type>
        <coding>
          <system value="https://spor.ema.europa.eu/rmswi/220000000000"/>
          <code value="220000000002"/>
        </coding>
        <text value="Invented name part"/>
      </type>
    </part>
    <part>
      <part value="Insulin glargine, Lixisenatide"/>
      <type>
        <coding>
          <system value="https://spor.ema.europa.eu/rmswi/220000000000"/>
          <code value="220000000003"/>
        </coding>
        <text value="Scientific name part"/>
      </type>
    </part>
    <part>
      <part value="100 units/ml + 50 ug/ml"/>
      <type>
        <coding>
          <system value="https://spor.ema.europa.eu/rmswi/220000000000"/>
          <code value="220000000004"/>
        </coding>
        <text value="Strength part"/>
      </type>
    </part>
    <part>
      <part value="Solution for injection"/>
      <type>
        <coding>
          <system value="https://spor.ema.europa.eu/rmswi/220000000000"/>
          <code value="220000000005"/>
        </coding>
        <text value="Pharmaceutical dose form part"/>
      </type>
    </part>
    <usage>
      <country>
        <coding>
          <system value="urn:iso:std:iso:3166"/>
          <code value="eu"/>
          <display value="European Union"/>
        </coding>
      </country>
      <jurisdiction>
        <coding>
          <system value="urn:iso:std:iso:3166"/>
          <code value="eu"/>
          <display value="European Union"/>
        </coding>
      </jurisdiction>
      <language>
        <coding>
          <system value="urn:ietf:bcp:47"/>
          <code value="en"/>
          <display value="English"/>
        </coding>
      </language>
    </usage>
  </name>
</MedicinalProductDefinition>