{
  "resourceType" : "PackagedProductDefinition",
  "id" : "30c7a595-10ce-4270-8dfa-37db9d2c8613",
  "meta" : {
    "profile" : ["http://hl7.org/fhir/uv/emedicinal-product-info/StructureDefinition/PackagedProductDefinition-uv-epi"]
  },
  "text" : {
    "status" : "generated",
    "div" : "<div xmlns=\"http://www.w3.org/1999/xhtml\"><p><b>Generated Narrative: PackagedProductDefinition</b><a name=\"30c7a595-10ce-4270-8dfa-37db9d2c8613\"> </a></p><div style=\"display: inline-block; background-color: #d9e0e7; padding: 6px; margin: 4px; border: 1px solid #8da1b4; border-radius: 5px; line-height: 60%\"><p style=\"margin-bottom: 0px\">Resource PackagedProductDefinition &quot;30c7a595-10ce-4270-8dfa-37db9d2c8613&quot; </p><p style=\"margin-bottom: 0px\">Profile: <a href=\"StructureDefinition-PackagedProductDefinition-uv-epi.html\">PackagedProductDefinition (ePI)</a></p></div><p><b>identifier</b>: id: x (use: OFFICIAL)</p><p><b>name</b>: Pentasa Slow Release Tablets 1g</p><p><b>type</b>: Chemical Medicinal Prodcut <span style=\"background: LightGoldenRodYellow; margin: 4px; border: 1px solid khaki\"> (rmswi#100000155527)</span></p><p><b>packageFor</b>: <a href=\"MedicinalProductDefinition-7d2f8e3a-4618-4cb3-b296-e224070c2bc0.html\">MedicinalProductDefinition/7d2f8e3a-4618-4cb3-b296-e224070c2bc0</a></p><p><b>status</b>: active <span style=\"background: LightGoldenRodYellow; margin: 4px; border: 1px solid khaki\"> ([not stated]#active)</span></p><p><b>statusDate</b>: 2021-01-01</p><p><b>containedItemQuantity</b>: 1 g<span style=\"background: LightGoldenRodYellow\"> (Details: UCUM code g = 'g')</span></p><p><b>copackagedIndicator</b>: false</p><p><b>manufacturer</b>: <a href=\"Organization-3d5adfac-80d1-433a-a3e7-197e780ac68e.html\">Organization/3d5adfac-80d1-433a-a3e7-197e780ac68e</a> &quot;FERRING S.A.U.&quot;</p><h3>Packagings</h3><table class=\"grid\"><tr><td>-</td><td><b>Identifier</b></td><td><b>Type</b></td><td><b>Quantity</b></td><td><b>Material</b></td></tr><tr><td>*</td><td>id: 123456</td><td>Blister <span style=\"background: LightGoldenRodYellow; margin: 4px; border: 1px solid khaki\"> (rmswi#100000073496)</span></td><td>28</td><td>PolyVinyl Chloride <span style=\"background: LightGoldenRodYellow; margin: 4px; border: 1px solid khaki\"> (rmswi#200000003222)</span></td></tr></table></div>"
  },
  "identifier" : [{
    "use" : "official",
    "system" : "https://spor.ema.europa.eu/pmswi",
    "value" : "x"
  }],
  "name" : "Pentasa Slow Release Tablets 1g",
  "type" : {
    "coding" : [{
      "system" : "https://spor.ema.europa.eu/rmswi",
      "code" : "100000155527",
      "display" : "Chemical Medicinal Prodcut"
    }]
  },
  "packageFor" : [{
    "reference" : "MedicinalProductDefinition/7d2f8e3a-4618-4cb3-b296-e224070c2bc0"
  }],
  "status" : {
    "coding" : [{
      "code" : "active"
    }]
  },
  "statusDate" : "2021-01-01",
  "containedItemQuantity" : [{
    "value" : 1,
    "system" : "http://unitsofmeasure.org",
    "code" : "g"
  }],
  "copackagedIndicator" : false,
  "manufacturer" : [{
    "reference" : "Organization/3d5adfac-80d1-433a-a3e7-197e780ac68e"
  }],
  "packaging" : {
    "identifier" : [{
      "system" : "https://spor.ema.europa.eu/pmswi",
      "value" : "123456"
    }],
    "type" : {
      "coding" : [{
        "system" : "https://spor.ema.europa.eu/rmswi",
        "code" : "100000073496",
        "display" : "Blister"
      }]
    },
    "quantity" : 28,
    "material" : [{
      "coding" : [{
        "system" : "https://spor.ema.europa.eu/rmswi",
        "code" : "200000003222",
        "display" : "PolyVinyl Chloride"
      }]
    }]
  }
}