<?xml version="1.0" encoding="UTF-8"?>

<PackagedProductDefinition xmlns="http://hl7.org/fhir">
  <id value="5727f3a0-3d0c-489b-89db-503e36e2addc"/>
  <meta>
    <profile value="http://hl7.org/fhir/uv/emedicinal-product-info/StructureDefinition/PackagedProductDefinition-uv-epi"/>
  </meta>
  <text>
    <status value="generated"/><div xmlns="http://www.w3.org/1999/xhtml"><p><b>Generated Narrative: PackagedProductDefinition</b><a name="5727f3a0-3d0c-489b-89db-503e36e2addc"> </a></p><div style="display: inline-block; background-color: #d9e0e7; padding: 6px; margin: 4px; border: 1px solid #8da1b4; border-radius: 5px; line-height: 60%"><p style="margin-bottom: 0px">Resource PackagedProductDefinition &quot;5727f3a0-3d0c-489b-89db-503e36e2addc&quot; </p><p style="margin-bottom: 0px">Profile: <a href="StructureDefinition-PackagedProductDefinition-uv-epi.html">PackagedProductDefinition (ePI)</a></p></div><p><b>identifier</b>: id: 672669 (use: OFFICIAL)</p><p><b>name</b>: DOLOCATIL 1 g tablets, 20 tablets</p><p><b>type</b>: Chemical Medicinal Prodcut <span style="background: LightGoldenRodYellow; margin: 4px; border: 1px solid khaki"> (rmswi#100000155527)</span></p><p><b>packageFor</b>: <a href="MedicinalProductDefinition-2324b9bd-0fea-4fde-996e-4ed8a7f05a2d.html">MedicinalProductDefinition/2324b9bd-0fea-4fde-996e-4ed8a7f05a2d</a></p><p><b>status</b>: Active <span style="background: LightGoldenRodYellow; margin: 4px; border: 1px solid khaki"> (<a href="http://hl7.org/fhir/5.0.0-snapshot3/codesystem-publication-status.html">PublicationStatus</a>#active)</span></p><p><b>statusDate</b>: 2010-10-13</p><p><b>containedItemQuantity</b>: 1000 mg<span style="background: LightGoldenRodYellow"> (Details: UCUM code mg = 'mg')</span></p><p><b>manufacturer</b>: <a href="Organization-96c0e7ca-5fd8-470c-ba94-77743164529c.html">Organization/96c0e7ca-5fd8-470c-ba94-77743164529c</a> &quot;FERRER INTERNACIONAL, S.A.&quot;</p><h3>Packagings</h3><table class="grid"><tr><td>-</td><td><b>Identifier</b></td><td><b>Type</b></td><td><b>Quantity</b></td><td><b>Material</b></td></tr><tr><td>*</td><td>id: 123456</td><td>Blister <span style="background: LightGoldenRodYellow; margin: 4px; border: 1px solid khaki"> (rmswi#100000073496)</span></td><td>20</td><td>PolyVinyl Chloride <span style="background: LightGoldenRodYellow; margin: 4px; border: 1px solid khaki"> (rmswi#200000003222)</span></td></tr></table></div>
  </text>
  <identifier>
    <use value="official"/>
    <system value="https://spor.ema.europa.eu/pmswi"/>
    <value value="672669"/>
  </identifier>
  <name value="DOLOCATIL 1 g tablets, 20 tablets"/>
  <type>
    <coding>
      <system value="https://spor.ema.europa.eu/rmswi"/>
      <code value="100000155527"/>
      <display value="Chemical Medicinal Prodcut"/>
    </coding>
  </type>
  <packageFor>
    <reference value="MedicinalProductDefinition/2324b9bd-0fea-4fde-996e-4ed8a7f05a2d"/>
  </packageFor>
  <status>
    <coding>
      <system value="http://hl7.org/fhir/publication-status"/>
      <code value="active"/>
      <display value="Active"/>
    </coding>
  </status>
  <statusDate value="2010-10-13"/>
  <containedItemQuantity>
    <value value="1000"/>
    <system value="http://unitsofmeasure.org"/>
    <code value="mg"/>
  </containedItemQuantity>
  <manufacturer>
    <reference value="Organization/96c0e7ca-5fd8-470c-ba94-77743164529c"/>
  </manufacturer>
  <packaging>
    <identifier>
      <system value="https://spor.ema.europa.eu/pmswi"/>
      <value value="123456"/>
    </identifier>
    <type>
      <coding>
        <system value="https://spor.ema.europa.eu/rmswi"/>
        <code value="100000073496"/>
        <display value="Blister"/>
      </coding>
    </type>
    <quantity value="20"/>
    <material>
      <coding>
        <system value="https://spor.ema.europa.eu/rmswi"/>
        <code value="200000003222"/>
        <display value="PolyVinyl Chloride"/>
      </coding>
    </material>
  </packaging>
</PackagedProductDefinition>