{
  "resourceType" : "PackagedProductDefinition",
  "id" : "ba66035b-96a3-414d-8274-7640b5af8148",
  "meta" : {
    "profile" : ["http://hl7.org/fhir/uv/emedicinal-product-info/StructureDefinition/PackagedProductDefinition-uv-epi"]
  },
  "text" : {
    "status" : "generated",
    "div" : "<div xmlns=\"http://www.w3.org/1999/xhtml\"><p><b>Generated Narrative: PackagedProductDefinition</b><a name=\"ba66035b-96a3-414d-8274-7640b5af8148\"> </a></p><div style=\"display: inline-block; background-color: #d9e0e7; padding: 6px; margin: 4px; border: 1px solid #8da1b4; border-radius: 5px; line-height: 60%\"><p style=\"margin-bottom: 0px\">Resource PackagedProductDefinition &quot;ba66035b-96a3-414d-8274-7640b5af8148&quot; </p><p style=\"margin-bottom: 0px\">Profile: <a href=\"StructureDefinition-PackagedProductDefinition-uv-epi.html\">PackagedProductDefinition (ePI)</a></p></div><p><b>identifier</b>: id: EU/1/16/1157/002 (use: OFFICIAL)</p><p><b>name</b>: 3 ml cartridge (glass) in a pre-filled pen</p><p><b>type</b>: Chemical Medicinal Prodcut <span style=\"background: LightGoldenRodYellow; margin: 4px; border: 1px solid khaki\"> (rmswi#100000155527)</span></p><p><b>packageFor</b>: <a href=\"MedicinalProductDefinition-fb2a80e7-b5cb-4035-ac9c-2e655a9bb298.html\">MedicinalProductDefinition/fb2a80e7-b5cb-4035-ac9c-2e655a9bb298</a></p><p><b>status</b>: active <span style=\"background: LightGoldenRodYellow; margin: 4px; border: 1px solid khaki\"> ([not stated]#active)</span></p><p><b>statusDate</b>: 2015-02-07 13:28:17+0000</p><p><b>containedItemQuantity</b>: 3 ml<span style=\"background: LightGoldenRodYellow\"> (Details: UCUM code ml = 'ml')</span></p><p><b>description</b>: Type I colourless glass cartridge with a black plunger (bromobutyl rubber) and a flanged cap (aluminium) with inserted laminated sealing disks (bromobutyl rubber on the medicinal product side and polyisoprene on the outside) containing 3 ml of solution. Each cartridge is assembled into a disposable pen.</p><p><b>copackagedIndicator</b>: false</p><p><b>manufacturer</b>: <a href=\"Organization-36e7be59-db47-4e36-8fcf-8547ab0fd175.html\">Organization/36e7be59-db47-4e36-8fcf-8547ab0fd175</a> &quot;Sanofi-Aventis Groupe&quot;</p><h3>Packagings</h3><table class=\"grid\"><tr><td>-</td><td><b>Identifier</b></td><td><b>Type</b></td><td><b>Quantity</b></td><td><b>Material</b></td></tr><tr><td>*</td><td>id: EU/1/16/1157/002</td><td>Pre-filled pen <span style=\"background: LightGoldenRodYellow; margin: 4px; border: 1px solid khaki\"> (rmswi#100000073543)</span></td><td>5</td><td>Glass type 1 <span style=\"background: LightGoldenRodYellow; margin: 4px; border: 1px solid khaki\"> (rmswi#200000003204)</span></td></tr></table></div>"
  },
  "identifier" : [{
    "use" : "official",
    "system" : "https://spor.ema.europa.eu/pmswi",
    "value" : "EU/1/16/1157/002"
  }],
  "name" : "3 ml cartridge (glass) in a pre-filled pen",
  "type" : {
    "coding" : [{
      "system" : "https://spor.ema.europa.eu/rmswi",
      "code" : "100000155527",
      "display" : "Chemical Medicinal Prodcut"
    }]
  },
  "packageFor" : [{
    "reference" : "MedicinalProductDefinition/fb2a80e7-b5cb-4035-ac9c-2e655a9bb298"
  }],
  "status" : {
    "coding" : [{
      "code" : "active"
    }]
  },
  "statusDate" : "2015-02-07T13:28:17Z",
  "containedItemQuantity" : [{
    "value" : 3,
    "system" : "http://unitsofmeasure.org",
    "code" : "ml"
  }],
  "description" : "Type I colourless glass cartridge with a black plunger (bromobutyl rubber) and a flanged cap (aluminium) with inserted laminated sealing disks (bromobutyl rubber on the medicinal product side and polyisoprene on the outside) containing 3 ml of solution. Each cartridge is assembled into a disposable pen.",
  "copackagedIndicator" : false,
  "manufacturer" : [{
    "reference" : "Organization/36e7be59-db47-4e36-8fcf-8547ab0fd175"
  }],
  "packaging" : {
    "identifier" : [{
      "system" : "https://spor.ema.europa.eu/pmswi",
      "value" : "EU/1/16/1157/002"
    }],
    "type" : {
      "coding" : [{
        "system" : "https://spor.ema.europa.eu/rmswi",
        "code" : "100000073543",
        "display" : "Pre-filled pen"
      }]
    },
    "quantity" : 5,
    "material" : [{
      "coding" : [{
        "system" : "https://spor.ema.europa.eu/rmswi",
        "code" : "200000003204",
        "display" : "Glass type 1"
      }]
    }]
  }
}