{
  "resourceType" : "RegulatedAuthorization",
  "id" : "cfsb1651148079894",
  "text" : {
    "status" : "generated",
    "div" : "<div xmlns=\"http://www.w3.org/1999/xhtml\"><p><b>Generated Narrative: RegulatedAuthorization</b><a name=\"cfsb1651148079894\"> </a></p><div style=\"display: inline-block; background-color: #d9e0e7; padding: 6px; margin: 4px; border: 1px solid #8da1b4; border-radius: 5px; line-height: 60%\"><p style=\"margin-bottom: 0px\">Resource RegulatedAuthorization &quot;cfsb1651148079894&quot; </p></div><p><b>identifier</b>: id: EU/1/19/1370/001 (use: OFFICIAL)</p><p><b>subject</b>: <a href=\"MedicinalProductDefinition-cfsb1650904258324.html\">MedicinalProductDefinition/cfsb1650904258324</a></p><p><b>type</b>: Marketing Authorisation <span style=\"background: LightGoldenRodYellow; margin: 4px; border: 1px solid khaki\"> (rmswi#100000072062)</span></p><p><b>region</b>: European Union <span style=\"background: LightGoldenRodYellow; margin: 4px; border: 1px solid khaki\"> (<a href=\"http://terminology.hl7.org/5.0.0/CodeSystem-ISO3166Part1.html\">ISO 3166-1 Codes for the representation of names of countries and their subdivisions — Part 1: Country code</a>#eu)</span></p><p><b>status</b>: Active <span style=\"background: LightGoldenRodYellow; margin: 4px; border: 1px solid khaki\"> (<a href=\"http://hl7.org/fhir/5.0.0-snapshot3/codesystem-publication-status.html\">PublicationStatus</a>#active)</span></p><p><b>statusDate</b>: 2019-07-01 13:28:17+0000</p><p><b>holder</b>: <a href=\"Organization-cfsb1651149636159.html\">Organization/cfsb1651149636159</a> &quot;ViiV Healthcare BV&quot;</p><p><b>regulator</b>: <a href=\"Organization-cfsb1651152112409.html\">Organization/cfsb1651152112409</a> &quot;European Medicines Agency&quot;</p></div>"
  },
  "identifier" : [{
    "use" : "official",
    "system" : "https://spor.ema.europa.eu/pmswi",
    "value" : "EU/1/19/1370/001"
  }],
  "subject" : [{
    "reference" : "MedicinalProductDefinition/cfsb1650904258324"
  }],
  "type" : {
    "coding" : [{
      "system" : "https://spor.ema.europa.eu/rmswi",
      "code" : "100000072062"
    }],
    "text" : "Marketing Authorisation"
  },
  "region" : [{
    "coding" : [{
      "system" : "urn:iso:std:iso:3166",
      "code" : "eu"
    }],
    "text" : "European Union"
  }],
  "status" : {
    "coding" : [{
      "system" : "http://hl7.org/fhir/publication-status",
      "code" : "active"
    }],
    "text" : "Active"
  },
  "statusDate" : "2019-07-01T13:28:17Z",
  "holder" : {
    "reference" : "Organization/cfsb1651149636159"
  },
  "regulator" : {
    "reference" : "Organization/cfsb1651152112409"
  }
}