{"resourceType":"ValueSet","id":"additionalMonitoringIndicator","text":{"status":"generated","div":"<div xmlns=\"http://www.w3.org/1999/xhtml\"><ul><li>Include all codes defined in <code>http://example.org</code></li></ul></div>"},"url":"http://hl7.org/fhir/uv/vulcan-eproduct-info/ValueSet/additionalMonitoringIndicator","version":"1.0.0-Ballot","name":"VsAdditionalMonitoringIndicator","title":"Additional Monitoring Indicator","status":"active","experimental":false,"date":"2022-11-28T13:54:36+00:00","contact":[{"name":"HL7 BR&R","telecom":[{"system":"url","value":"http://hl7.org/Special/committees/"}]}],"description":"Additional Monitoring Indicator","jurisdiction":[{"coding":[{"system":"http://unstats.un.org/unsd/methods/m49/m49.htm","code":"001","display":"World"}]}],"compose":{"include":[{"system":"http://example.org"}]}}