{"resourceType":"ValueSet","id":"propertyScore","text":{"status":"generated","div":"<div xmlns=\"http://www.w3.org/1999/xhtml\"><ul><li>Include these codes as defined in <code>urn:ietf:rfc:3986</code><table class=\"none\"><tr><td style=\"white-space:nowrap\"><b>Code</b></td><td><b>Display</b></td></tr><tr><td>https://placeholder.com</td><td/></tr></table></li></ul></div>"},"url":"http://hl7.org/fhir/uv/vulcan-eproduct-info/ValueSet/propertyScore","version":"1.0.0-Ballot","name":"VsPropertyScore","title":"Score on the product","status":"active","experimental":false,"date":"2022-11-28T10:19:29+00:00","contact":[{"name":"HL7 BR&R","telecom":[{"system":"url","value":"http://hl7.org/Special/committees/"}]}],"description":"Score on the product","jurisdiction":[{"coding":[{"system":"http://unstats.un.org/unsd/methods/m49/m49.htm","code":"001","display":"World"}]}],"compose":{"include":[{"system":"urn:ietf:rfc:3986","concept":[{"code":"https://placeholder.com"}]}]}}