{
  "resourceType" : "AdministrableProductDefinition",
  "id" : "d869a593-3dfb-49c4-a79c-52f4ca959e8c",
  "meta" : {
    "profile" : ["http://hl7.org/fhir/uv/emedicinal-product-info/StructureDefinition/AdministrableProductDefinition-uv-epi"]
  },
  "text" : {
    "status" : "generated",
    "div" : "<div xmlns=\"http://www.w3.org/1999/xhtml\"><p><b>Generated Narrative: AdministrableProductDefinition</b><a name=\"d869a593-3dfb-49c4-a79c-52f4ca959e8c\"> </a></p><div style=\"display: inline-block; background-color: #d9e0e7; padding: 6px; margin: 4px; border: 1px solid #8da1b4; border-radius: 5px; line-height: 60%\"><p style=\"margin-bottom: 0px\">Resource AdministrableProductDefinition &quot;d869a593-3dfb-49c4-a79c-52f4ca959e8c&quot; </p><p style=\"margin-bottom: 0px\">Profile: <a href=\"StructureDefinition-AdministrableProductDefinition-uv-epi.html\">AdministrableProductDefinition (ePI)</a></p></div><p><b>identifier</b>: id: xx</p><p><b>status</b>: active</p><p><b>formOf</b>: <a href=\"MedicinalProductDefinition-7d2f8e3a-4618-4cb3-b296-e224070c2bc0.html\">MedicinalProductDefinition/7d2f8e3a-4618-4cb3-b296-e224070c2bc0</a></p><p><b>administrableDoseForm</b>: Prolonged-release tablet <span style=\"background: LightGoldenRodYellow; margin: 4px; border: 1px solid khaki\"> (rmswi#10226000)</span></p><p><b>unitOfPresentation</b>: tablet <span style=\"background: LightGoldenRodYellow; margin: 4px; border: 1px solid khaki\"> (rmswi#200000002152)</span></p><p><b>producedFrom</b>: <a href=\"ManufacturedItemDefinition-f8ae9a23-8840-43f5-98e3-a10f45a5b02c.html\">ManufacturedItemDefinition/f8ae9a23-8840-43f5-98e3-a10f45a5b02c</a></p><blockquote><p><b>routeOfAdministration</b></p><p><b>code</b>: Oral use <span style=\"background: LightGoldenRodYellow; margin: 4px; border: 1px solid khaki\"> (rmswi#100000073619)</span></p><h3>TargetSpecies</h3><table class=\"grid\"><tr><td>-</td><td><b>Code</b></td></tr><tr><td>*</td><td>Human <span style=\"background: LightGoldenRodYellow; margin: 4px; border: 1px solid khaki\"> (rmswi#100000109093)</span></td></tr></table></blockquote></div>"
  },
  "identifier" : [{
    "system" : "https://www.who-umc.org/phpid",
    "value" : "xx"
  }],
  "status" : "active",
  "formOf" : [{
    "reference" : "MedicinalProductDefinition/7d2f8e3a-4618-4cb3-b296-e224070c2bc0"
  }],
  "administrableDoseForm" : {
    "coding" : [{
      "system" : "https://spor.ema.europa.eu/rmswi",
      "code" : "10226000",
      "display" : "Prolonged-release tablet"
    }]
  },
  "unitOfPresentation" : {
    "coding" : [{
      "system" : "https://spor.ema.europa.eu/rmswi",
      "code" : "200000002152",
      "display" : "tablet"
    }]
  },
  "producedFrom" : [{
    "reference" : "ManufacturedItemDefinition/f8ae9a23-8840-43f5-98e3-a10f45a5b02c"
  }],
  "routeOfAdministration" : [{
    "code" : {
      "coding" : [{
        "system" : "https://spor.ema.europa.eu/rmswi",
        "code" : "100000073619",
        "display" : "Oral use"
      }]
    },
    "targetSpecies" : [{
      "code" : {
        "coding" : [{
          "system" : "https://spor.ema.europa.eu/rmswi",
          "code" : "100000109093",
          "display" : "Human"
        }]
      }
    }]
  }]
}