{
  "resourceType" : "AdministrableProductDefinition",
  "id" : "e9373bed-7b73-4ff5-95e8-dd77c417f0fe",
  "meta" : {
    "profile" : ["http://hl7.org/fhir/uv/emedicinal-product-info/StructureDefinition/AdministrableProductDefinition-uv-epi"]
  },
  "text" : {
    "status" : "generated",
    "div" : "<div xmlns=\"http://www.w3.org/1999/xhtml\"><p><b>Generated Narrative: AdministrableProductDefinition</b><a name=\"e9373bed-7b73-4ff5-95e8-dd77c417f0fe\"> </a></p><div style=\"display: inline-block; background-color: #d9e0e7; padding: 6px; margin: 4px; border: 1px solid #8da1b4; border-radius: 5px; line-height: 60%\"><p style=\"margin-bottom: 0px\">Resource AdministrableProductDefinition &quot;e9373bed-7b73-4ff5-95e8-dd77c417f0fe&quot; </p><p style=\"margin-bottom: 0px\">Profile: <a href=\"StructureDefinition-AdministrableProductDefinition-uv-epi.html\">AdministrableProductDefinition (ePI)</a></p></div><p><b>identifier</b>: id: nan</p><p><b>status</b>: active</p><p><b>formOf</b>: <a href=\"MedicinalProductDefinition-249e972f-cffb-4878-bc98-f1b619fcb528.html\">MedicinalProductDefinition/249e972f-cffb-4878-bc98-f1b619fcb528</a></p><p><b>administrableDoseForm</b>: Solution for injection <span style=\"background: LightGoldenRodYellow; margin: 4px; border: 1px solid khaki\"> (rmswi#11201000)</span></p><p><b>unitOfPresentation</b>: Syringe <span style=\"background: LightGoldenRodYellow; margin: 4px; border: 1px solid khaki\"> (rmswi#15052000)</span></p><p><b>producedFrom</b>: <a href=\"ManufacturedItemDefinition-7bdc1153-37b8-486f-8886-a9d4f101f125.html\">ManufacturedItemDefinition/7bdc1153-37b8-486f-8886-a9d4f101f125</a></p><blockquote><p><b>routeOfAdministration</b></p><p><b>code</b>: Subcutaneous use <span style=\"background: LightGoldenRodYellow; margin: 4px; border: 1px solid khaki\"> (rmswi#20066000)</span></p><h3>TargetSpecies</h3><table class=\"grid\"><tr><td>-</td><td><b>Code</b></td></tr><tr><td>*</td><td>Human <span style=\"background: LightGoldenRodYellow; margin: 4px; border: 1px solid khaki\"> (rmswi#100000109093)</span></td></tr></table></blockquote></div>"
  },
  "identifier" : [{
    "system" : "https://www.who-umc.org/phpid",
    "value" : "nan"
  }],
  "status" : "active",
  "formOf" : [{
    "reference" : "MedicinalProductDefinition/249e972f-cffb-4878-bc98-f1b619fcb528"
  }],
  "administrableDoseForm" : {
    "coding" : [{
      "system" : "https://spor.ema.europa.eu/rmswi",
      "code" : "11201000",
      "display" : "Solution for injection"
    }]
  },
  "unitOfPresentation" : {
    "coding" : [{
      "system" : "https://spor.ema.europa.eu/rmswi",
      "code" : "15052000",
      "display" : "Syringe"
    }]
  },
  "producedFrom" : [{
    "reference" : "ManufacturedItemDefinition/7bdc1153-37b8-486f-8886-a9d4f101f125"
  }],
  "routeOfAdministration" : [{
    "code" : {
      "coding" : [{
        "system" : "https://spor.ema.europa.eu/rmswi",
        "code" : "20066000",
        "display" : "Subcutaneous use"
      }]
    },
    "targetSpecies" : [{
      "code" : {
        "coding" : [{
          "system" : "https://spor.ema.europa.eu/rmswi",
          "code" : "100000109093",
          "display" : "Human"
        }]
      }
    }]
  }]
}