{
  "resourceType": "AdministrableProductDefinition",
  "id": "xxxxx",
  "meta": {
    "profile": [
      "http://hl7.org/fhir/uv/vulcan-eproduct-info/StructureDefinition/AdministrableProductDefinition-uv-epi"
    ]
  },
  "text": {
    "status": "generated",
    "div": "<div xmlns=\"http://www.w3.org/1999/xhtml\"><p><b>Generated Narrative: AdministrableProductDefinition</b><a name=\"xxxxx\"> </a></p><div style=\"display: inline-block; background-color: #d9e0e7; padding: 6px; margin: 4px; border: 1px solid #8da1b4; border-radius: 5px; line-height: 60%\"><p style=\"margin-bottom: 0px\">Resource AdministrableProductDefinition &quot;xxxxx&quot; </p><p style=\"margin-bottom: 0px\">Profile: <a href=\"StructureDefinition-AdministrableProductDefinition-uv-epi.html\">AdministrableProductDefinition (ePI)</a></p></div><p><b>identifier</b>: id: 0x073AF2E5B92AE19E8B67635AFFB3D6CA</p><p><b>status</b>: active</p><p><b>formOf</b>: <a href=\"MedicinalProductDefinition-164e9629-3831-419a-b7fc-284c4f7d3997.html\">MedicinalProductDefinition/164e9629-3831-419a-b7fc-284c4f7d3997</a></p><p><b>administrableDoseForm</b>: Suspension for injection <span style=\"background: LightGoldenRodYellow; margin: 4px; border: 1px solid khaki\"> (rmswi#100000073864)</span></p><p><b>unitOfPresentation</b>: Pen <span style=\"background: LightGoldenRodYellow; margin: 4px; border: 1px solid khaki\"> (rmswi#200000002135)</span></p><p><b>producedFrom</b>: <a href=\"ManufacturedItemDefinition-bee84dd2-a5f5-437f-9739-bb108235e2c9.html\">ManufacturedItemDefinition/bee84dd2-a5f5-437f-9739-bb108235e2c9</a></p><blockquote><p><b>routeOfAdministration</b></p><p><b>code</b>: Subcutaneous use <span style=\"background: LightGoldenRodYellow; margin: 4px; border: 1px solid khaki\"> (rmswi#100000073633)</span></p><h3>TargetSpecies</h3><table class=\"grid\"><tr><td>-</td><td><b>Code</b></td></tr><tr><td>*</td><td>Human <span style=\"background: LightGoldenRodYellow; margin: 4px; border: 1px solid khaki\"> (rmswi#100000109093)</span></td></tr></table></blockquote></div>"
  },
  "identifier": [
    {
      "system": "https://www.who-umc.org/phpid",
      "value": "0x073AF2E5B92AE19E8B67635AFFB3D6CA"
    }
  ],
  "status": "active",
  "formOf": [
    {
      "reference": "MedicinalProductDefinition/164e9629-3831-419a-b7fc-284c4f7d3997"
    }
  ],
  "administrableDoseForm": {
    "coding": [
      {
        "system": "https://spor.ema.europa.eu/rmswi",
        "code": "100000073864",
        "display": "Suspension for injection"
      }
    ]
  },
  "unitOfPresentation": {
    "coding": [
      {
        "system": "https://spor.ema.europa.eu/rmswi",
        "code": "200000002135",
        "display": "Pen"
      }
    ]
  },
  "producedFrom": [
    {
      "reference": "ManufacturedItemDefinition/bee84dd2-a5f5-437f-9739-bb108235e2c9"
    }
  ],
  "routeOfAdministration": [
    {
      "code": {
        "coding": [
          {
            "system": "https://spor.ema.europa.eu/rmswi",
            "code": "100000073633",
            "display": "Subcutaneous use"
          }
        ]
      },
      "targetSpecies": [
        {
          "code": {
            "coding": [
              {
                "system": "https://spor.ema.europa.eu/rmswi",
                "code": "100000109093",
                "display": "Human"
              }
            ]
          }
        }
      ]
    }
  ]
}