{
  "resourceType" : "Composition",
  "id" : "composition50a5afca79d8be359ec08791f767639f",
  "meta" : {
    "profile" : ["http://hl7.org/fhir/uv/emedicinal-product-info/StructureDefinition/Composition-uv-epi"]
  },
  "text" : {
    "status" : "generated",
    "div" : "<div xmlns=\"http://www.w3.org/1999/xhtml\"><p><b>Generated Narrative: Composition</b><a name=\"composition50a5afca79d8be359ec08791f767639f\"> </a></p><div style=\"display: inline-block; background-color: #d9e0e7; padding: 6px; margin: 4px; border: 1px solid #8da1b4; border-radius: 5px; line-height: 60%\"><p style=\"margin-bottom: 0px\">Resource Composition &quot;composition50a5afca79d8be359ec08791f767639f&quot; </p><p style=\"margin-bottom: 0px\">Profile: <a href=\"StructureDefinition-Composition-uv-epi.html\">Composition (ePI)</a></p></div><p><b>identifier</b>: id:\u00a0yy</p><p><b>status</b>: final</p><p><b>type</b>: Package Leaflet <span style=\"background: LightGoldenRodYellow; margin: 4px; border: 1px solid khaki\"> (#100000155538)</span></p><p><b>date</b>: 2022-04-29 13:28:17+0000</p><p><b>author</b>: <a href=\"Organization-org-173fde4cb6b1018cb7ec8ab708d3961c.html\">Organization/org-173fde4cb6b1018cb7ec8ab708d3961c</a> &quot;GLAXO WELLCOME, S.A.&quot;</p><p><b>title</b>: TEST PURPOSES ONLY - Prospecto Dovato 50 mg/300 mg comprimidos recubiertos con película</p></div>"
  },
  "identifier" : [{
    "system" : "https://spor.ema.europa.eu/rmswi/",
    "value" : "yy"
  }],
  "status" : "final",
  "type" : {
    "coding" : [{
      "system" : "https://spor.ema.europa.eu/rmswi/",
      "code" : "100000155538"
    }],
    "text" : "Package Leaflet"
  },
  "subject" : [{
    "reference" : "MedicinalProductDefinition/mp16598f252d07b4784b82ba43cf9e847e"
  }],
  "date" : "2022-04-29T13:28:17Z",
  "author" : [{
    "reference" : "Organization/org-173fde4cb6b1018cb7ec8ab708d3961c"
  }],
  "title" : "TEST PURPOSES ONLY - Prospecto Dovato 50 mg/300 mg comprimidos recubiertos con película",
  "section" : [{
    "title" : "B. Package Leaflet",
    "code" : {
      "coding" : [{
        "system" : "https://spor.ema.europa.eu/rmswi/",
        "code" : "100000155538"
      }],
      "text" : "B. PACKAGE LEAFLET"
    },
    "text" : {
      "status" : "additional",
      "div" : "<div xmlns=\"http://www.w3.org/1999/xhtml\">unavailable</div>"
    },
    "emptyReason" : {
      "coding" : [{
        "system" : "http://terminology.hl7.org/CodeSystem/list-empty-reason",
        "code" : "unavailable"
      }]
    },
    "section" : [{
      "title" : "Package leaflet: Information for the user",
      "code" : {
        "coding" : [{
          "system" : "https://spor.ema.europa.eu/rmswi/",
          "code" : "100000155538"
        }],
        "text" : "Package leaflet: Information for the user"
      },
      "text" : {
        "status" : "additional",
        "div" : "<div xmlns=\"http://www.w3.org/1999/xhtml\">Prospecto: información para el paciente Dovato 50 mg/300 mg comprimidos recubiertos con película dolutegravir/lamivudina <b>Lea todo el prospecto detenidamente antes de empezar a tomar este medicamento, porque contiene información importante para usted.</b><ul><li>Conserve este prospecto, ya que puede tener que volver a leerlo.</li><li>Si tiene alguna duda, consulte a su médico o farmacéutico.</li><li>Este medicamento se le ha recetado solamente a usted, y no debe dárselo a otras personas aunque tengan los mismos síntomas que usted, ya que puede perjudicarles.</li><li>Si experimenta efectos adversos, consulte a su médico o farmacéutico, incluso si se trata de efectos adversos que no aparecen en este prospecto. Ver sección 4.</li></ul></div>"
      }
    },
    {
      "title" : "What is in this leaflet",
      "code" : {
        "coding" : [{
          "system" : "https://spor.ema.europa.eu/rmswi/",
          "code" : "100000155538"
        }],
        "text" : "What is in this leaflet"
      },
      "text" : {
        "status" : "additional",
        "div" : "<div xmlns=\"http://www.w3.org/1999/xhtml\">Contenido del prospecto<ol><li>Qué es Dovato y para qué se utiliza</li><li>Qué necesita saber antes de empezar a tomar Dovato</li><li>Cómo tomar Dovato</li><li>Posibles efectos adversos</li><li>Conservación de Dovato</li><li>Contenido del envase e información adicional</li></ol></div>"
      }
    },
    {
      "title" : "1. What Prospecto Dovato 50 mg/300 mg comprimidos recubiertos con película is and what it is used for",
      "code" : {
        "coding" : [{
          "system" : "https://spor.ema.europa.eu/rmswi/",
          "code" : "100000155538"
        }],
        "text" : "1. What Prospecto Dovato 50 mg/300 mg comprimidos recubiertos con película is and what it is used for"
      },
      "text" : {
        "status" : "additional",
        "div" : "<div xmlns=\"http://www.w3.org/1999/xhtml\"><b>1. Qué es Dovato y para qué se utiliza</b> Dovato es un medicamento que contiene dos principios activos usados para tratar la infección por el virus de la inmunodeficiencia humana (VIH): dolutegravir y lamivudina. Dolutegravir pertenece al grupo de medicamentos antirretrovirales llamados inhibidores de la integrasa (INI) y lamivudina pertenece a un grupo de medicamentos antirretrovirales denominados inhibidores de la transcriptasa inversa análogos de nucleósido (ITIAN).</div>"
      }
    },
    {
      "title" : "2. What you need to know before you take Prospecto Dovato 50 mg/300 mg comprimidos recubiertos con película",
      "code" : {
        "coding" : [{
          "system" : "https://spor.ema.europa.eu/rmswi/",
          "code" : "100000155538"
        }],
        "text" : "2. What you need to know before you take Prospecto Dovato 50 mg/300 mg comprimidos recubiertos con película"
      },
      "text" : {
        "status" : "additional",
        "div" : "<div xmlns=\"http://www.w3.org/1999/xhtml\"><b>2. Qué necesita saber antes de empezar a tomar Dovato</b> <b>No tome Dovato</b><ul><li>si es <b>alérgico</b> (hipersensible) a dolutegravir o lamivudina o a alguno de los demás componentes de este medicamento (incluidos en la sección 6)</li><li>si está tomando un medicamento llamado <b>fampridina</b> (también conocido como dalfampridina; utilizado para tratar la esclerosis múltiple).</li></ul></div>"
      }
    },
    {
      "title" : "3. How to take Prospecto Dovato 50 mg/300 mg comprimidos recubiertos con película",
      "code" : {
        "coding" : [{
          "system" : "https://spor.ema.europa.eu/rmswi/",
          "code" : "100000155538"
        }],
        "text" : "3. How to take Prospecto Dovato 50 mg/300 mg comprimidos recubiertos con película"
      },
      "text" : {
        "status" : "additional",
        "div" : "<div xmlns=\"http://www.w3.org/1999/xhtml\"><b>3. Cómo tomar Dovato</b><p>Siga exactamente las instrucciones de administración de este medicamento indicadas por su médico. En caso de duda, consulte de nuevo a su médico o farmacéutico.</p><ul><li>La dosis recomendada de Dovato es <b>un comprimido una vez al día.</b></li></ul><p>Trague el comprimido con un poco de líquido. Dovato se puede tomar con o sin alimentos.</p></div>"
      }
    },
    {
      "title" : "4. Possible side effects",
      "code" : {
        "coding" : [{
          "system" : "https://spor.ema.europa.eu/rmswi/",
          "code" : "100000155538"
        }],
        "text" : "4. Possible side effects"
      },
      "text" : {
        "status" : "additional",
        "div" : "<div xmlns=\"http://www.w3.org/1999/xhtml\"><p><b>4. Posibles efectos adversos</b></p><p>Al igual que todos los medicamentos, este medicamento puede producir efectos adversos, aunque no todas las personas los sufran, <b>por lo que es muy importante que le comente a su médico cualquier cambio en su estado de salud.</b></p></div>"
      }
    },
    {
      "title" : "5. How to store Prospecto Dovato 50 mg/300 mg comprimidos recubiertos con película",
      "code" : {
        "coding" : [{
          "system" : "https://spor.ema.europa.eu/rmswi/",
          "code" : "100000155538"
        }],
        "text" : "5. How to store Prospecto Dovato 50 mg/300 mg comprimidos recubiertos con película"
      },
      "text" : {
        "status" : "additional",
        "div" : "<div xmlns=\"http://www.w3.org/1999/xhtml\"><b>5. Conservación de Dovato</b><p>Mantener este medicamento fuera de la vista y del alcance de los niños</p><p>No utilice este medicamento después de la fecha de caducidad que aparece en la caja y el frasco después de CAD. La fecha de caducidad es el último día del mes que se indica.</p><p>Este medicamento no requiere ninguna condición especial de conservación.</p><p>Los medicamentos no se deben tirar por los desagües ni a la basura. Pregunte a su farmacéutico cómo deshacerse de los envases y de los medicamentos que ya no necesita. De esta forma, ayudará a proteger el medio ambiente.</p></div>"
      }
    },
    {
      "title" : "6. Contents of the pack and other information",
      "code" : {
        "coding" : [{
          "system" : "https://spor.ema.europa.eu/rmswi/",
          "code" : "100000155538"
        }],
        "text" : "6. Contents of the pack and other information"
      },
      "text" : {
        "status" : "additional",
        "div" : "<div xmlns=\"http://www.w3.org/1999/xhtml\"><b>6. Contenido del envase e información adicional</b> <b>Composición de Dovato</b><ul><li>Los principios activos son dolutegravir y lamivudina. Cada comprimido contiene dolutegravir sódico equivalente a 50 mg de dolutegravir y 300 mg de lamivudina.</li><li>Los demás componentes son celulosa microcristalina, carboximetilalmidón sódico, estearato de magnesio, manitol (E421), povidona (K29/32), fumarato estearilo de sodio, hipromelosa (E464), macrogol, dióxido de titanio (E171).</li><li>Este medicamento contiene menos de 1 mmol de sodio (23 mg) por comprimido; esto es, esencialmente “exento de sodio”.</li></ul></div>"
      }
    }]
  }]
}