{
  "resourceType" : "ManufacturedItemDefinition",
  "id" : "mid-9b5b17469311c2ea4d1d08419748b4fb",
  "meta" : {
    "profile" : ["http://hl7.org/fhir/uv/emedicinal-product-info/StructureDefinition/ManufacturedItemDefinition-uv-epi"]
  },
  "text" : {
    "status" : "generated",
    "div" : "<div xmlns=\"http://www.w3.org/1999/xhtml\"><p><b>Generated Narrative: ManufacturedItemDefinition</b><a name=\"mid-9b5b17469311c2ea4d1d08419748b4fb\"> </a></p><div style=\"display: inline-block; background-color: #d9e0e7; padding: 6px; margin: 4px; border: 1px solid #8da1b4; border-radius: 5px; line-height: 60%\"><p style=\"margin-bottom: 0px\">Resource ManufacturedItemDefinition &quot;mid-9b5b17469311c2ea4d1d08419748b4fb&quot; </p><p style=\"margin-bottom: 0px\">Profile: <a href=\"StructureDefinition-ManufacturedItemDefinition-uv-epi.html\">ManufacturedItemDefinition (ePI)</a></p></div><p><b>identifier</b>: id:\u00a0EU/1/03/256/001\u00a0(use:\u00a0OFFICIAL)</p><p><b>status</b>: active</p><p><b>manufacturedDoseForm</b>: Solution for injection <span style=\"background: LightGoldenRodYellow; margin: 4px; border: 1px solid khaki\"> (#11201000)</span></p><p><b>unitOfPresentation</b>: Syringe <span style=\"background: LightGoldenRodYellow; margin: 4px; border: 1px solid khaki\"> (rmswi#15052000)</span></p><p><b>manufacturer</b>: <a href=\"Organization-org-fda7514c0dcb7b5f0176cb5af274235f.html\">Organization/org-fda7514c0dcb7b5f0176cb5af274235f</a> &quot;AbbVie Deutschland GmbH Co. KG&quot;</p></div>"
  },
  "identifier" : [{
    "use" : "official",
    "system" : "https://spor.ema.europa.eu/pmswi/#/",
    "value" : "EU/1/03/256/001"
  }],
  "status" : "active",
  "manufacturedDoseForm" : {
    "coding" : [{
      "system" : "https://spor.ema.europa.eu/rmswi/",
      "code" : "11201000",
      "display" : "Solution for injection"
    }]
  },
  "unitOfPresentation" : {
    "coding" : [{
      "system" : "https://spor.ema.europa.eu/rmswi",
      "code" : "15052000",
      "display" : "Syringe"
    }]
  },
  "manufacturer" : [{
    "reference" : "Organization/org-fda7514c0dcb7b5f0176cb5af274235f"
  }]
}