{
  "resourceType": "ManufacturedItemDefinition",
  "id": "bee84dd2-a5f5-437f-9739-bb108235e2c9",
  "meta": {
    "profile": [
      "http://hl7.org/fhir/uv/vulcan-eproduct-info/StructureDefinition/ManufacturedItemDefinition-uv-epi"
    ]
  },
  "text": {
    "status": "generated",
    "div": "<div xmlns=\"http://www.w3.org/1999/xhtml\"><p><b>Generated Narrative: ManufacturedItemDefinition</b><a name=\"bee84dd2-a5f5-437f-9739-bb108235e2c9\"> </a></p><div style=\"display: inline-block; background-color: #d9e0e7; padding: 6px; margin: 4px; border: 1px solid #8da1b4; border-radius: 5px; line-height: 60%\"><p style=\"margin-bottom: 0px\">Resource ManufacturedItemDefinition &quot;bee84dd2-a5f5-437f-9739-bb108235e2c9&quot; </p><p style=\"margin-bottom: 0px\">Profile: <a href=\"StructureDefinition-ManufacturedItemDefinition-uv-epi.html\">ManufacturedItemDefinition (ePI)</a></p></div><p><b>identifier</b>: id: EU/1/96/007/035 (use: OFFICIAL)</p><p><b>status</b>: active</p><p><b>manufacturedDoseForm</b>: Suspension for injection <span style=\"background: LightGoldenRodYellow; margin: 4px; border: 1px solid khaki\"> (#100000073864)</span></p><p><b>unitOfPresentation</b>: Pen <span style=\"background: LightGoldenRodYellow; margin: 4px; border: 1px solid khaki\"> (rmswi#200000002135)</span></p><p><b>manufacturer</b>: <a href=\"Organization-4128611d-15a4-47c3-8bec-cde2fae84429.html\">Organization/4128611d-15a4-47c3-8bec-cde2fae84429</a> &quot;Eli Lilly Nederland B.V.&quot;</p></div>"
  },
  "identifier": [
    {
      "use": "official",
      "system": "https://spor.ema.europa.eu/pmswi/#/",
      "value": "EU/1/96/007/035"
    }
  ],
  "status": "active",
  "manufacturedDoseForm": {
    "coding": [
      {
        "system": "https://spor.ema.europa.eu/rmswi/",
        "code": "100000073864",
        "display": "Suspension for injection"
      }
    ]
  },
  "unitOfPresentation": {
    "coding": [
      {
        "system": "https://spor.ema.europa.eu/rmswi",
        "code": "200000002135",
        "display": "Pen"
      }
    ]
  },
  "manufacturer": [
    {
      "reference": "Organization/4128611d-15a4-47c3-8bec-cde2fae84429"
    }
  ]
}