{
  "resourceType" : "ManufacturedItemDefinition",
  "id" : "cfsb1667576759979",
  "text" : {
    "status" : "generated",
    "div" : "<div xmlns=\"http://www.w3.org/1999/xhtml\"><p><b>Generated Narrative: ManufacturedItemDefinition</b><a name=\"cfsb1667576759979\"> </a></p><div style=\"display: inline-block; background-color: #d9e0e7; padding: 6px; margin: 4px; border: 1px solid #8da1b4; border-radius: 5px; line-height: 60%\"><p style=\"margin-bottom: 0px\">Resource ManufacturedItemDefinition &quot;cfsb1667576759979&quot; </p></div><p><b>identifier</b>: id: 54347 (use: OFFICIAL)</p><p><b>status</b>: active</p><p><b>manufacturedDoseForm</b>: tablet <span style=\"background: LightGoldenRodYellow; margin: 4px; border: 1px solid khaki\"> (#100000073664)</span></p><p><b>unitOfPresentation</b>: Tablet <span style=\"background: LightGoldenRodYellow; margin: 4px; border: 1px solid khaki\"> (rmswi#200000002152)</span></p><p><b>manufacturer</b>: <a href=\"Organization-cfsb1667579389819.html\">Organization/cfsb1667579389819</a> &quot;Laboratorios Vicks S.L.&quot;</p></div>"
  },
  "identifier" : [{
    "use" : "official",
    "system" : "https://AEMPS.ES",
    "value" : "54347"
  }],
  "status" : "active",
  "manufacturedDoseForm" : {
    "coding" : [{
      "system" : "https://spor.ema.europa.eu/rmswi/",
      "code" : "100000073664"
    }],
    "text" : "tablet"
  },
  "unitOfPresentation" : {
    "coding" : [{
      "system" : "https://spor.ema.europa.eu/rmswi",
      "code" : "200000002152"
    }],
    "text" : "Tablet"
  },
  "manufacturer" : [{
    "reference" : "Organization/cfsb1667579389819"
  }]
}