{
  "resourceType" : "ManufacturedItemDefinition",
  "id" : "df08f8ed-f66c-4445-8783-84bb22dc1ffa",
  "meta" : {
    "profile" : ["http://hl7.org/fhir/uv/emedicinal-product-info/StructureDefinition/ManufacturedItemDefinition-uv-epi"]
  },
  "text" : {
    "status" : "generated",
    "div" : "<div xmlns=\"http://www.w3.org/1999/xhtml\"><p><b>Generated Narrative: ManufacturedItemDefinition</b><a name=\"df08f8ed-f66c-4445-8783-84bb22dc1ffa\"> </a></p><div style=\"display: inline-block; background-color: #d9e0e7; padding: 6px; margin: 4px; border: 1px solid #8da1b4; border-radius: 5px; line-height: 60%\"><p style=\"margin-bottom: 0px\">Resource ManufacturedItemDefinition &quot;df08f8ed-f66c-4445-8783-84bb22dc1ffa&quot; </p><p style=\"margin-bottom: 0px\">Profile: <a href=\"StructureDefinition-ManufacturedItemDefinition-uv-epi.html\">ManufacturedItemDefinition (ePI)</a></p></div><p><b>identifier</b>: id: EU/1/96/007/035 (use: OFFICIAL)</p><p><b>status</b>: active</p><p><b>manufacturedDoseForm</b>: tablet <span style=\"background: LightGoldenRodYellow; margin: 4px; border: 1px solid khaki\"> (#100000073864)</span></p><p><b>unitOfPresentation</b>: Tablet <span style=\"background: LightGoldenRodYellow; margin: 4px; border: 1px solid khaki\"> (rmswi#200000002152)</span></p><p><b>manufacturer</b>: <a href=\"Organization-e3b6f94b-3aab-4dba-8156-c70f3810f3b2.html\">Organization/e3b6f94b-3aab-4dba-8156-c70f3810f3b2</a> &quot;ACME industry&quot;</p></div>"
  },
  "identifier" : [{
    "use" : "official",
    "system" : "https://spor.ema.europa.eu/pmswi/#/",
    "value" : "EU/1/96/007/035"
  }],
  "status" : "active",
  "manufacturedDoseForm" : {
    "coding" : [{
      "system" : "https://spor.ema.europa.eu/rmswi/",
      "code" : "100000073864",
      "display" : "tablet"
    }]
  },
  "unitOfPresentation" : {
    "coding" : [{
      "system" : "https://spor.ema.europa.eu/rmswi",
      "code" : "200000002152",
      "display" : "Tablet"
    }]
  },
  "manufacturer" : [{
    "reference" : "Organization/e3b6f94b-3aab-4dba-8156-c70f3810f3b2"
  }]
}