{
  "resourceType" : "Organization",
  "id" : "3b287ca1-fc56-4693-a686-158564044971",
  "meta" : {
    "profile" : ["http://hl7.org/fhir/uv/emedicinal-product-info/StructureDefinition/Organization-uv-epi"]
  },
  "text" : {
    "status" : "generated",
    "div" : "<div xmlns=\"http://www.w3.org/1999/xhtml\"><p><b>Generated Narrative: Organization</b><a name=\"3b287ca1-fc56-4693-a686-158564044971\"> </a></p><div style=\"display: inline-block; background-color: #d9e0e7; padding: 6px; margin: 4px; border: 1px solid #8da1b4; border-radius: 5px; line-height: 60%\"><p style=\"margin-bottom: 0px\">Resource Organization &quot;3b287ca1-fc56-4693-a686-158564044971&quot; </p><p style=\"margin-bottom: 0px\">Profile: <a href=\"StructureDefinition-Organization-uv-epi.html\">Organization (ePI)</a></p></div><p><b>identifier</b>: id: ORG-100000156 (use: OFFICIAL)</p><p><b>active</b>: true</p><p><b>type</b>: Manufacturer API <span style=\"background: LightGoldenRodYellow; margin: 4px; border: 1px solid khaki\"> (rmswi#220000000033)</span></p><p><b>name</b>: Eli Lilly and Company</p><h3>Contacts</h3><table class=\"grid\"><tr><td>-</td><td><b>Address</b></td></tr><tr><td>*</td><td>Lilly Technology Center Building 333 and 324, Indianapolis, Indiana, USA Indianapolis US (WORK)</td></tr></table></div>"
  },
  "identifier" : [{
    "use" : "official",
    "system" : "https://spor.ema.europa.eu/omswi",
    "value" : "ORG-100000156"
  }],
  "active" : true,
  "type" : [{
    "coding" : [{
      "system" : "https://spor.ema.europa.eu/rmswi",
      "code" : "220000000033",
      "display" : "Manufacturer API"
    }],
    "text" : "Manufacturer API"
  }],
  "name" : "Eli Lilly and Company",
  "contact" : [{
    "address" : {
      "use" : "work",
      "type" : "physical",
      "text" : "Lilly Technology Center Building 333 and 324, Indianapolis, Indiana, USA Indianapolis US ",
      "line" : ["Lilly Technology Center Building 333 and 324, Indianapolis, Indiana, USA"],
      "city" : "Indianapolis",
      "country" : "US"
    }
  }]
}