{
  "resourceType" : "Organization",
  "id" : "cbad4846-33b0-4e0f-ab68-09edb4e57ff4",
  "meta" : {
    "profile" : ["http://hl7.org/fhir/uv/emedicinal-product-info/StructureDefinition/Organization-uv-epi"]
  },
  "text" : {
    "status" : "generated",
    "div" : "<div xmlns=\"http://www.w3.org/1999/xhtml\"><p><b>Generated Narrative: Organization</b><a name=\"cbad4846-33b0-4e0f-ab68-09edb4e57ff4\"> </a></p><div style=\"display: inline-block; background-color: #d9e0e7; padding: 6px; margin: 4px; border: 1px solid #8da1b4; border-radius: 5px; line-height: 60%\"><p style=\"margin-bottom: 0px\">Resource Organization &quot;cbad4846-33b0-4e0f-ab68-09edb4e57ff4&quot; </p><p style=\"margin-bottom: 0px\">Profile: <a href=\"StructureDefinition-Organization-uv-epi.html\">Organization (ePI)</a></p></div><p><b>identifier</b>: id: ORG-100000621 (use: OFFICIAL)</p><p><b>active</b>: true</p><p><b>type</b>: Marketing authorisation holder <span style=\"background: LightGoldenRodYellow; margin: 4px; border: 1px solid khaki\"> (rmswi#220000000034)</span></p><p><b>name</b>: FERRING S.A.U.</p><h3>Contacts</h3><table class=\"grid\"><tr><td>-</td><td><b>Address</b></td></tr><tr><td>*</td><td>C/ del Arquitecto Sánchez Arcas nº 3, 1º Madrid ES (WORK)</td></tr></table></div>"
  },
  "identifier" : [{
    "use" : "official",
    "system" : "https://spor.ema.europa.eu/omswi",
    "value" : "ORG-100000621"
  }],
  "active" : true,
  "type" : [{
    "coding" : [{
      "system" : "https://spor.ema.europa.eu/rmswi",
      "code" : "220000000034",
      "display" : "Marketing authorisation holder"
    }],
    "text" : "Marketing authorisation holder"
  }],
  "name" : "FERRING S.A.U.",
  "contact" : [{
    "address" : {
      "use" : "work",
      "type" : "physical",
      "text" : "C/ del Arquitecto Sánchez Arcas nº 3, 1º Madrid ES ",
      "line" : ["C/ del Arquitecto Sánchez Arcas nº 3, 1º"],
      "city" : "Madrid",
      "postalCode" : "28040",
      "country" : "ES"
    }
  }]
}