{
  "resourceType" : "Organization",
  "id" : "org-fda7514c0dcb7b5f0176cb5af274235f",
  "meta" : {
    "profile" : ["http://hl7.org/fhir/uv/emedicinal-product-info/StructureDefinition/Organization-uv-epi"]
  },
  "text" : {
    "status" : "generated",
    "div" : "<div xmlns=\"http://www.w3.org/1999/xhtml\"><p><b>Generated Narrative: Organization</b><a name=\"org-fda7514c0dcb7b5f0176cb5af274235f\"> </a></p><div style=\"display: inline-block; background-color: #d9e0e7; padding: 6px; margin: 4px; border: 1px solid #8da1b4; border-radius: 5px; line-height: 60%\"><p style=\"margin-bottom: 0px\">Resource Organization &quot;org-fda7514c0dcb7b5f0176cb5af274235f&quot; </p><p style=\"margin-bottom: 0px\">Profile: <a href=\"StructureDefinition-Organization-uv-epi.html\">Organization (ePI)</a></p></div><p><b>identifier</b>: id:\u00a0ORG-100008684\u00a0(use:\u00a0OFFICIAL)</p><p><b>active</b>: true</p><p><b>type</b>: Marketing authorisation holder <span style=\"background: LightGoldenRodYellow; margin: 4px; border: 1px solid khaki\"> (rmswi#220000000034)</span></p><p><b>name</b>: AbbVie Deutschland GmbH Co. KG</p><h3>Contacts</h3><table class=\"grid\"><tr><td>-</td><td><b>Address</b></td></tr><tr><td>*</td><td>Knollstrasse Ludwigshafen Am Rhein Germany(WORK)</td></tr></table></div>"
  },
  "identifier" : [{
    "use" : "official",
    "system" : "https://spor.ema.europa.eu/omswi",
    "value" : "ORG-100008684"
  }],
  "active" : true,
  "type" : [{
    "coding" : [{
      "system" : "https://spor.ema.europa.eu/rmswi",
      "code" : "220000000034",
      "display" : "Marketing authorisation holder"
    }],
    "text" : "Marketing authorisation holder"
  }],
  "name" : "AbbVie Deutschland GmbH Co. KG",
  "contact" : [{
    "address" : {
      "use" : "work",
      "type" : "physical",
      "text" : "Knollstrasse Ludwigshafen Am Rhein Germany",
      "line" : ["Knollstrasse"],
      "city" : "Ludwigshafen Am Rhein",
      "postalCode" : "67061",
      "country" : "Germany"
    }
  }]
}