{
  "resourceType" : "Organization",
  "id" : "afacd2ff-936b-4281-81d6-ef4dd38d5e7f",
  "meta" : {
    "profile" : ["http://hl7.org/fhir/uv/emedicinal-product-info/StructureDefinition/Organization-uv-epi"]
  },
  "text" : {
    "status" : "generated",
    "div" : "<div xmlns=\"http://www.w3.org/1999/xhtml\"><p><b>Generated Narrative: Organization</b><a name=\"afacd2ff-936b-4281-81d6-ef4dd38d5e7f\"> </a></p><div style=\"display: inline-block; background-color: #d9e0e7; padding: 6px; margin: 4px; border: 1px solid #8da1b4; border-radius: 5px; line-height: 60%\"><p style=\"margin-bottom: 0px\">Resource Organization &quot;afacd2ff-936b-4281-81d6-ef4dd38d5e7f&quot; </p><p style=\"margin-bottom: 0px\">Profile: <a href=\"StructureDefinition-Organization-uv-epi.html\">Organization (ePI)</a></p></div><p><b>identifier</b>: id: ORG-100013412 (use: OFFICIAL)</p><p><b>active</b>: true</p><p><b>type</b>: Medicines Regulatory Authority <span style=\"background: LightGoldenRodYellow; margin: 4px; border: 1px solid khaki\"> (rmswi#220000000033)</span></p><p><b>name</b>: European Medicines Agency</p><h3>Contacts</h3><table class=\"grid\"><tr><td>-</td><td><b>Address</b></td></tr><tr><td>*</td><td>Carretera De Martorell 41 61, Poligono Industrial Nord-Est Amsterdam nl (WORK)</td></tr></table></div>"
  },
  "identifier" : [{
    "use" : "official",
    "system" : "https://spor.ema.europa.eu/omswi",
    "value" : "ORG-100013412"
  }],
  "active" : true,
  "type" : [{
    "coding" : [{
      "system" : "https://spor.ema.europa.eu/rmswi",
      "code" : "220000000033",
      "display" : "Medicines Regulatory Authority"
    }],
    "text" : "Medicines Regulatory Authority"
  }],
  "name" : "European Medicines Agency",
  "contact" : [{
    "address" : {
      "use" : "work",
      "type" : "physical",
      "text" : "Carretera De Martorell 41 61, Poligono Industrial Nord-Est Amsterdam nl ",
      "line" : ["Carretera De Martorell 41 61, Poligono Industrial Nord-Est"],
      "city" : "Amsterdam",
      "postalCode" : "1083 HS",
      "country" : "nl"
    }
  }]
}