{
  "resourceType": "Organization",
  "id": "7cb3034f-3619-45c5-a794-8f1cf858ccd1",
  "meta": {
    "profile": [
      "http://hl7.org/fhir/uv/vulcan-eproduct-info/StructureDefinition/Organization-uv-epi"
    ]
  },
  "text": {
    "status": "generated",
    "div": "<div xmlns=\"http://www.w3.org/1999/xhtml\"><p><b>Generated Narrative: Organization</b><a name=\"7cb3034f-3619-45c5-a794-8f1cf858ccd1\"> </a></p><div style=\"display: inline-block; background-color: #d9e0e7; padding: 6px; margin: 4px; border: 1px solid #8da1b4; border-radius: 5px; line-height: 60%\"><p style=\"margin-bottom: 0px\">Resource Organization &quot;7cb3034f-3619-45c5-a794-8f1cf858ccd1&quot; </p><p style=\"margin-bottom: 0px\">Profile: <a href=\"StructureDefinition-Organization-uv-epi.html\">Organization (ePI)</a></p></div><p><b>identifier</b>: id: ORG-100003996 (use: OFFICIAL)</p><p><b>active</b>: true</p><p><b>type</b>: Manufacturer <span style=\"background: LightGoldenRodYellow; margin: 4px; border: 1px solid khaki\"> (rmswi#220000000033)</span></p><p><b>name</b>: Lilly S.A.</p><h3>Contacts</h3><table class=\"grid\"><tr><td>-</td><td><b>Address</b></td></tr><tr><td>*</td><td>Avenida de la Industria 30(WORK)</td></tr></table></div>"
  },
  "identifier": [
    {
      "use": "official",
      "system": "https://spor.ema.europa.eu/omswi",
      "value": "ORG-100003996"
    }
  ],
  "active": true,
  "type": [
    {
      "coding": [
        {
          "system": "https://spor.ema.europa.eu/rmswi",
          "code": "220000000033",
          "display": "Manufacturer"
        }
      ],
      "text": "Manufacturer"
    }
  ],
  "name": "Lilly S.A.",
  "contact": [
    {
      "address": {
        "use": "work",
        "type": "physical",
        "text": "Avenida de la Industria 30",
        "line": [
          "Avenida de la Industria 30, 28108 Alcobendas, Madrid, Spain"
        ],
        "city": "Alcobendas",
        "postalCode": "",
        "country": "ES"
      }
    }
  ]
}