{
  "resourceType" : "Organization",
  "id" : "6dd8c3dd-a60f-4f90-955f-392d1540e0ea",
  "meta" : {
    "profile" : ["http://hl7.org/fhir/uv/emedicinal-product-info/StructureDefinition/Organization-uv-epi"]
  },
  "text" : {
    "status" : "generated",
    "div" : "<div xmlns=\"http://www.w3.org/1999/xhtml\"><p><b>Generated Narrative: Organization</b><a name=\"6dd8c3dd-a60f-4f90-955f-392d1540e0ea\"> </a></p><div style=\"display: inline-block; background-color: #d9e0e7; padding: 6px; margin: 4px; border: 1px solid #8da1b4; border-radius: 5px; line-height: 60%\"><p style=\"margin-bottom: 0px\">Resource Organization &quot;6dd8c3dd-a60f-4f90-955f-392d1540e0ea&quot; </p><p style=\"margin-bottom: 0px\">Profile: <a href=\"StructureDefinition-Organization-uv-epi.html\">Organization (ePI)</a></p></div><p><b>identifier</b>: id: ORG-100003791 (use: OFFICIAL)</p><p><b>active</b>: true</p><p><b>type</b>: Marketing authorisation holder <span style=\"background: LightGoldenRodYellow; margin: 4px; border: 1px solid khaki\"> (rmswi#220000000034)</span></p><p><b>name</b>: LABORATORIOS CINFA, S.A.</p><h3>Contacts</h3><table class=\"grid\"><tr><td>-</td><td><b>Address</b></td></tr><tr><td>*</td><td>Carretera Olaz-Chipi, 10. Polígono Industrial Areta Huarte ES(WORK)</td></tr></table></div>"
  },
  "identifier" : [{
    "use" : "official",
    "system" : "https://spor.ema.europa.eu/omswi",
    "value" : "ORG-100003791"
  }],
  "active" : true,
  "type" : [{
    "coding" : [{
      "system" : "https://spor.ema.europa.eu/rmswi",
      "code" : "220000000034",
      "display" : "Marketing authorisation holder"
    }],
    "text" : "Marketing authorisation holder"
  }],
  "name" : "LABORATORIOS CINFA, S.A.",
  "contact" : [{
    "address" : {
      "use" : "work",
      "type" : "physical",
      "text" : "Carretera Olaz-Chipi, 10. Polígono Industrial Areta Huarte ES",
      "line" : ["Carretera Olaz-Chipi, 10. Polígono Industrial Areta"],
      "city" : "Huarte",
      "postalCode" : "31620",
      "country" : "ES"
    }
  }]
}