{
  "resourceType": "PackagedProductDefinition",
  "id": "835a07ad-61ff-4d4c-bb2a-04d024359332",
  "meta": {
    "profile": [
      "http://hl7.org/fhir/uv/vulcan-eproduct-info/StructureDefinition/PackagedProductDefinition-uv-epi"
    ]
  },
  "text": {
    "status": "generated",
    "div": "<div xmlns=\"http://www.w3.org/1999/xhtml\"><p><b>Generated Narrative: PackagedProductDefinition</b><a name=\"835a07ad-61ff-4d4c-bb2a-04d024359332\"> </a></p><div style=\"display: inline-block; background-color: #d9e0e7; padding: 6px; margin: 4px; border: 1px solid #8da1b4; border-radius: 5px; line-height: 60%\"><p style=\"margin-bottom: 0px\">Resource PackagedProductDefinition &quot;835a07ad-61ff-4d4c-bb2a-04d024359332&quot; </p><p style=\"margin-bottom: 0px\">Profile: <a href=\"StructureDefinition-PackagedProductDefinition-uv-epi.html\">PackagedProductDefinition (ePI)</a></p></div><p><b>identifier</b>: id: EU/1/96/007/035 (use: OFFICIAL)</p><p><b>name</b>: Humalog 100 units/ml KwikPen solution for injection in a pre-filled pen</p><p><b>type</b>: Chemical Medicinal Prodcut <span style=\"background: LightGoldenRodYellow; margin: 4px; border: 1px solid khaki\"> (rmswi#100000155527)</span></p><p><b>packageFor</b>: <a href=\"MedicinalProductDefinition-303c1ef5-3e72-4ce9-8c27-997fe07b14bd.html\">MedicinalProductDefinition/303c1ef5-3e72-4ce9-8c27-997fe07b14bd</a></p><p><b>status</b>: active <span style=\"background: LightGoldenRodYellow; margin: 4px; border: 1px solid khaki\"> ([not stated]#active)</span></p><p><b>statusDate</b>: 2015-02-07 01:28:17+0000</p><p><b>containedItemQuantity</b>: 3 ml<span style=\"background: LightGoldenRodYellow\"> (Details: UCUM code ml = 'ml')</span></p><p><b>manufacturer</b>: <a href=\"Organization-3599ec0f-5617-4122-8544-a3af708827c5.html\">Organization/3599ec0f-5617-4122-8544-a3af708827c5</a> &quot;Eli Lilly Nederland B.V.&quot;</p><h3>Packagings</h3><table class=\"grid\"><tr><td>-</td><td><b>Identifier</b></td><td><b>Type</b></td><td><b>Quantity</b></td><td><b>Material</b></td></tr><tr><td>*</td><td>id: 123456</td><td>Pre-filled pen <span style=\"background: LightGoldenRodYellow; margin: 4px; border: 1px solid khaki\"> (rmswi#100000073543)</span></td><td>5</td><td>Glass type 1 <span style=\"background: LightGoldenRodYellow; margin: 4px; border: 1px solid khaki\"> (rmswi#200000003204)</span></td></tr></table></div>"
  },
  "identifier": [
    {
      "use": "official",
      "system": "https://spor.ema.europa.eu/pmswi",
      "value": "EU/1/96/007/035"
    }
  ],
  "name": "Humalog 100 units/ml KwikPen solution for injection in a pre-filled pen",
  "type": {
    "coding": [
      {
        "system": "https://spor.ema.europa.eu/rmswi",
        "code": "100000155527",
        "display": "Chemical Medicinal Prodcut"
      }
    ]
  },
  "packageFor": [
    {
      "reference": "MedicinalProductDefinition/303c1ef5-3e72-4ce9-8c27-997fe07b14bd"
    }
  ],
  "status": {
    "coding": [
      {
        "code": "active"
      }
    ]
  },
  "statusDate": "2015-02-07T13:28:17Z",
  "containedItemQuantity": [
    {
      "value": 3,
      "system": "http://unitsofmeasure.org",
      "code": "ml"
    }
  ],
  "manufacturer": [
    {
      "reference": "Organization/3599ec0f-5617-4122-8544-a3af708827c5"
    }
  ],
  "packaging": {
    "identifier": [
      {
        "system": "https://spor.ema.europa.eu/pmswi",
        "value": "123456"
      }
    ],
    "type": {
      "coding": [
        {
          "system": "https://spor.ema.europa.eu/rmswi",
          "code": "100000073543",
          "display": "Pre-filled pen"
        }
      ]
    },
    "quantity": 5,
    "material": [
      {
        "coding": [
          {
            "system": "https://spor.ema.europa.eu/rmswi",
            "code": "200000003204",
            "display": "Glass type 1"
          }
        ]
      }
    ]
  }
}