{
  "resourceType" : "PackagedProductDefinition",
  "id" : "cfsb1667580056388",
  "text" : {
    "status" : "generated",
    "div" : "<div xmlns=\"http://www.w3.org/1999/xhtml\"><p><b>Generated Narrative: PackagedProductDefinition</b><a name=\"cfsb1667580056388\"> </a></p><div style=\"display: inline-block; background-color: #d9e0e7; padding: 6px; margin: 4px; border: 1px solid #8da1b4; border-radius: 5px; line-height: 60%\"><p style=\"margin-bottom: 0px\">Resource PackagedProductDefinition &quot;cfsb1667580056388&quot; </p></div><p><b>identifier</b>: id: 54347 (use: OFFICIAL)</p><p><b>name</b>: Magnesioboi 48,62 mg comprimidos</p><p><b>type</b>: Chemical Medicinal Prodcut <span style=\"background: LightGoldenRodYellow; margin: 4px; border: 1px solid khaki\"> (rmswi#100000155527)</span></p><p><b>packageFor</b>: <a href=\"MedicinalProductDefinition-cfsb1665505881364.html\">MedicinalProductDefinition/cfsb1665505881364</a></p><p><b>status</b>: Active <span style=\"background: LightGoldenRodYellow; margin: 4px; border: 1px solid khaki\"> (<a href=\"http://hl7.org/fhir/5.0.0-snapshot3/codesystem-publication-status.html\">PublicationStatus</a>#active)</span></p><p><b>statusDate</b>: 2012-02-07 13:28:17+0000</p><p><b>containedItemQuantity</b>: 50 tablets</p><p><b>manufacturer</b>: <a href=\"Organization-cfsb1667579389819.html\">Organization/cfsb1667579389819</a> &quot;Laboratorios Vicks S.L.&quot;</p><h3>Packagings</h3><table class=\"grid\"><tr><td>-</td><td><b>Identifier</b></td><td><b>Type</b></td><td><b>Quantity</b></td><td><b>Material</b></td></tr><tr><td>*</td><td>id: 654321</td><td>Child-resistant closure <span style=\"background: LightGoldenRodYellow; margin: 4px; border: 1px solid khaki\"> (rmswi#100000073504)</span></td><td>1</td><td>Cardboard <span style=\"background: LightGoldenRodYellow; margin: 4px; border: 1px solid khaki\"> (rmswi#200000003529)</span></td></tr></table></div>"
  },
  "identifier" : [{
    "use" : "official",
    "system" : "https://AEMPS.ES",
    "value" : "54347"
  }],
  "name" : "Magnesioboi 48,62 mg comprimidos",
  "type" : {
    "coding" : [{
      "system" : "https://spor.ema.europa.eu/rmswi",
      "code" : "100000155527"
    }],
    "text" : "Chemical Medicinal Prodcut"
  },
  "packageFor" : [{
    "reference" : "MedicinalProductDefinition/cfsb1665505881364"
  }],
  "status" : {
    "coding" : [{
      "system" : "http://hl7.org/fhir/publication-status",
      "code" : "active",
      "display" : "Active"
    }]
  },
  "statusDate" : "2012-02-07T13:28:17Z",
  "containedItemQuantity" : [{
    "value" : 50,
    "unit" : "tablets"
  }],
  "manufacturer" : [{
    "reference" : "Organization/cfsb1667579389819"
  }],
  "packaging" : {
    "identifier" : [{
      "system" : "https://spor.ema.europa.eu/pmswi",
      "value" : "654321"
    }],
    "type" : {
      "coding" : [{
        "system" : "https://spor.ema.europa.eu/rmswi",
        "code" : "100000073504",
        "display" : "Child-resistant closure"
      }]
    },
    "quantity" : 1,
    "material" : [{
      "coding" : [{
        "system" : "https://spor.ema.europa.eu/rmswi",
        "code" : "200000003529",
        "display" : "Cardboard"
      }]
    }]
  }
}