{
  "resourceType" : "PackagedProductDefinition",
  "id" : "ff25c58d-c4ec-4760-8987-54616ee5cffb",
  "meta" : {
    "profile" : ["http://hl7.org/fhir/uv/emedicinal-product-info/StructureDefinition/PackagedProductDefinition-uv-epi"]
  },
  "text" : {
    "status" : "generated",
    "div" : "<div xmlns=\"http://www.w3.org/1999/xhtml\"><p><b>Generated Narrative: PackagedProductDefinition</b><a name=\"ff25c58d-c4ec-4760-8987-54616ee5cffb\"> </a></p><div style=\"display: inline-block; background-color: #d9e0e7; padding: 6px; margin: 4px; border: 1px solid #8da1b4; border-radius: 5px; line-height: 60%\"><p style=\"margin-bottom: 0px\">Resource PackagedProductDefinition &quot;ff25c58d-c4ec-4760-8987-54616ee5cffb&quot; </p><p style=\"margin-bottom: 0px\">Profile: <a href=\"StructureDefinition-PackagedProductDefinition-uv-epi.html\">PackagedProductDefinition (ePI)</a></p></div><p><b>identifier</b>: id: nan (use: OFFICIAL)</p><p><b>name</b>: MIRTAZAPINA CINFA 30 mg Coated Tablet, 30 tablets</p><p><b>type</b>: Chemical Medicinal Prodcut <span style=\"background: LightGoldenRodYellow; margin: 4px; border: 1px solid khaki\"> (rmswi#100000155527)</span></p><p><b>packageFor</b>: <a href=\"MedicinalProductDefinition-99bbe90e-27c6-4540-ab50-84da6d807256.html\">MedicinalProductDefinition/99bbe90e-27c6-4540-ab50-84da6d807256</a></p><p><b>status</b>: Active <span style=\"background: LightGoldenRodYellow; margin: 4px; border: 1px solid khaki\"> (<a href=\"http://hl7.org/fhir/5.0.0-snapshot3/codesystem-publication-status.html\">PublicationStatus</a>#active)</span></p><p><b>statusDate</b>: 2021-09-01</p><p><b>containedItemQuantity</b>: 30 mg<span style=\"background: LightGoldenRodYellow\"> (Details: UCUM code mg = 'mg')</span></p><p><b>manufacturer</b>: <a href=\"Organization-90f4c2e6-b927-4995-9aa0-3e70d5e96132.html\">Organization/90f4c2e6-b927-4995-9aa0-3e70d5e96132</a> &quot;LABORATORIOS CINFA, S.A.&quot;</p><h3>Packagings</h3><table class=\"grid\"><tr><td>-</td><td><b>Identifier</b></td><td><b>Type</b></td><td><b>Quantity</b></td><td><b>Material</b></td></tr><tr><td>*</td><td>id: 123456</td><td>Blister <span style=\"background: LightGoldenRodYellow; margin: 4px; border: 1px solid khaki\"> (rmswi#100000073496)</span></td><td>30</td><td>PolyVinyl Chloride <span style=\"background: LightGoldenRodYellow; margin: 4px; border: 1px solid khaki\"> (rmswi#200000003222)</span></td></tr></table></div>"
  },
  "identifier" : [{
    "use" : "official",
    "system" : "https://spor.ema.europa.eu/pmswi",
    "value" : "nan"
  }],
  "name" : "MIRTAZAPINA CINFA 30 mg Coated Tablet, 30 tablets",
  "type" : {
    "coding" : [{
      "system" : "https://spor.ema.europa.eu/rmswi",
      "code" : "100000155527",
      "display" : "Chemical Medicinal Prodcut"
    }]
  },
  "packageFor" : [{
    "reference" : "MedicinalProductDefinition/99bbe90e-27c6-4540-ab50-84da6d807256"
  }],
  "status" : {
    "coding" : [{
      "system" : "http://hl7.org/fhir/publication-status",
      "code" : "active",
      "display" : "Active"
    }]
  },
  "statusDate" : "2021-09-01",
  "containedItemQuantity" : [{
    "value" : 30,
    "system" : "http://unitsofmeasure.org",
    "code" : "mg"
  }],
  "manufacturer" : [{
    "reference" : "Organization/90f4c2e6-b927-4995-9aa0-3e70d5e96132"
  }],
  "packaging" : {
    "identifier" : [{
      "system" : "https://spor.ema.europa.eu/pmswi",
      "value" : "123456"
    }],
    "type" : {
      "coding" : [{
        "system" : "https://spor.ema.europa.eu/rmswi",
        "code" : "100000073496",
        "display" : "Blister"
      }]
    },
    "quantity" : 30,
    "material" : [{
      "coding" : [{
        "system" : "https://spor.ema.europa.eu/rmswi",
        "code" : "200000003222",
        "display" : "PolyVinyl Chloride"
      }]
    }]
  }
}