{
  "resourceType" : "PackagedProductDefinition",
  "id" : "ppd-8ff6c02459d9a66f4d9a3db864bd78f6",
  "meta" : {
    "profile" : ["http://hl7.org/fhir/uv/emedicinal-product-info/StructureDefinition/PackagedProductDefinition-uv-epi"]
  },
  "text" : {
    "status" : "generated",
    "div" : "<div xmlns=\"http://www.w3.org/1999/xhtml\"><p><b>Generated Narrative: PackagedProductDefinition</b><a name=\"ppd-8ff6c02459d9a66f4d9a3db864bd78f6\"> </a></p><div style=\"display: inline-block; background-color: #d9e0e7; padding: 6px; margin: 4px; border: 1px solid #8da1b4; border-radius: 5px; line-height: 60%\"><p style=\"margin-bottom: 0px\">Resource PackagedProductDefinition &quot;ppd-8ff6c02459d9a66f4d9a3db864bd78f6&quot; </p><p style=\"margin-bottom: 0px\">Profile: <a href=\"StructureDefinition-PackagedProductDefinition-uv-epi.html\">PackagedProductDefinition (ePI)</a></p></div><p><b>identifier</b>: id: nan (use: OFFICIAL)</p><p><b>name</b>: Humira 40 mg solution for injection in pre-filled syringe 2 pre-filled syringes + 2 alcohol pads</p><p><b>type</b>: 100000155527 <span style=\"background: LightGoldenRodYellow; margin: 4px; border: 1px solid khaki\"> (rmswi#100000155527)</span></p><p><b>packageFor</b>: <a href=\"MedicinalProductDefinition-mpf97db27e6330f77484eb8425ad2913cd.html\">MedicinalProductDefinition/mpf97db27e6330f77484eb8425ad2913cd</a></p><p><b>status</b>: Active <span style=\"background: LightGoldenRodYellow; margin: 4px; border: 1px solid khaki\"> (<a href=\"http://hl7.org/fhir/5.0.0-snapshot3/codesystem-publication-status.html\">PublicationStatus</a>#active)</span></p><p><b>statusDate</b>: 2008-09-08</p><p><b>containedItemQuantity</b>: 40 mg<span style=\"background: LightGoldenRodYellow\"> (Details: UCUM code mg = 'mg')</span></p><p><b>copackagedIndicator</b>: true</p><p><b>manufacturer</b>: <a href=\"Organization-org-fda7514c0dcb7b5f0176cb5af274235f.html\">Organization/org-fda7514c0dcb7b5f0176cb5af274235f</a> &quot;AbbVie Deutschland GmbH Co. KG&quot;</p><blockquote><p><b>packaging</b></p><p><b>identifier</b>: id: xxxx</p><p><b>type</b>: 100000073498 <span style=\"background: LightGoldenRodYellow; margin: 4px; border: 1px solid khaki\"> (rmswi#100000073498)</span></p><p><b>quantity</b>: 1</p><p><b>material</b>: Cardboard <span style=\"background: LightGoldenRodYellow; margin: 4px; border: 1px solid khaki\"> (rmswi#200000003529)</span></p><h3>Packagings</h3><table class=\"grid\"><tr><td>-</td><td><b>Type</b></td><td><b>Quantity</b></td><td><b>Material</b></td></tr><tr><td>*</td><td>Pre-filled syringe <span style=\"background: LightGoldenRodYellow; margin: 4px; border: 1px solid khaki\"> (rmswi#30051000)</span></td><td>2</td><td>Glass type I <span style=\"background: LightGoldenRodYellow; margin: 4px; border: 1px solid khaki\"> (rmswi#200000003204)</span></td></tr></table></blockquote></div>"
  },
  "identifier" : [{
    "use" : "official",
    "system" : "https://spor.ema.europa.eu/pmswi",
    "value" : "nan"
  }],
  "name" : "Humira 40 mg solution for injection in pre-filled syringe 2 pre-filled syringes + 2 alcohol pads",
  "type" : {
    "coding" : [{
      "system" : "https://spor.ema.europa.eu/rmswi",
      "code" : "100000155527"
    }]
  },
  "packageFor" : [{
    "reference" : "MedicinalProductDefinition/mpf97db27e6330f77484eb8425ad2913cd"
  }],
  "status" : {
    "coding" : [{
      "system" : "http://hl7.org/fhir/publication-status",
      "code" : "active",
      "display" : "Active"
    }]
  },
  "statusDate" : "2008-09-08",
  "containedItemQuantity" : [{
    "value" : 40,
    "system" : "http://unitsofmeasure.org",
    "code" : "mg"
  }],
  "copackagedIndicator" : true,
  "manufacturer" : [{
    "reference" : "Organization/org-fda7514c0dcb7b5f0176cb5af274235f"
  }],
  "packaging" : {
    "identifier" : [{
      "system" : "https://spor.ema.europa.eu/pmswi",
      "value" : "xxxx"
    }],
    "type" : {
      "coding" : [{
        "system" : "https://spor.ema.europa.eu/rmswi",
        "code" : "100000073498",
        "display" : "100000073498"
      }]
    },
    "quantity" : 1,
    "material" : [{
      "coding" : [{
        "system" : "https://spor.ema.europa.eu/rmswi",
        "code" : "200000003529",
        "display" : "Cardboard"
      }]
    }],
    "packaging" : [{
      "type" : {
        "coding" : [{
          "system" : "https://spor.ema.europa.eu/rmswi",
          "code" : "30051000",
          "display" : "Pre-filled syringe"
        }]
      },
      "quantity" : 2,
      "material" : [{
        "coding" : [{
          "system" : "https://spor.ema.europa.eu/rmswi",
          "code" : "200000003204",
          "display" : "Glass type I"
        }]
      }]
    }]
  }
}