{
  "resourceType": "PackagedProductDefinition",
  "id": "aa0614ce-c6c4-4347-ab01-e74863a62af3",
  "meta": {
    "profile": [
      "http://hl7.org/fhir/uv/vulcan-eproduct-info/StructureDefinition/PackagedProductDefinition-uv-epi"
    ]
  },
  "text": {
    "status": "generated",
    "div": "<div xmlns=\"http://www.w3.org/1999/xhtml\"><p><b>Generated Narrative: PackagedProductDefinition</b><a name=\"aa0614ce-c6c4-4347-ab01-e74863a62af3\"> </a></p><div style=\"display: inline-block; background-color: #d9e0e7; padding: 6px; margin: 4px; border: 1px solid #8da1b4; border-radius: 5px; line-height: 60%\"><p style=\"margin-bottom: 0px\">Resource PackagedProductDefinition &quot;aa0614ce-c6c4-4347-ab01-e74863a62af3&quot; </p><p style=\"margin-bottom: 0px\">Profile: <a href=\"StructureDefinition-PackagedProductDefinition-uv-epi.html\">PackagedProductDefinition (ePI)</a></p></div><p><b>identifier</b>: id: EU/1/97/049/001 (use: OFFICIAL)</p><p><b>name</b>: Karvea 75 mg tablet blister x28 tablets</p><p><b>type</b>: Chemical Medicinal Prodcut <span style=\"background: LightGoldenRodYellow; margin: 4px; border: 1px solid khaki\"> (rmswi#100000155527)</span></p><p><b>packageFor</b>: <a href=\"MedicinalProductDefinition-faa28e90-61d7-42d5-a5b0-e2c487946b24.html\">MedicinalProductDefinition/faa28e90-61d7-42d5-a5b0-e2c487946b24</a></p><p><b>status</b>: active <span style=\"background: LightGoldenRodYellow; margin: 4px; border: 1px solid khaki\"> ([not stated]#active)</span></p><p><b>statusDate</b>: 2015-02-07 01:28:17+0000</p><p><b>containedItemQuantity</b>: 75 mg<span style=\"background: LightGoldenRodYellow\"> (Details: UCUM code mg = 'mg')</span></p><p><b>manufacturer</b>: <a href=\"Organization-5eaeea10-382e-4765-a30c-9cea53e0d83e.html\">Organization/5eaeea10-382e-4765-a30c-9cea53e0d83e</a> &quot;Sanofi-Aventis Groupe&quot;</p><h3>Packagings</h3><table class=\"grid\"><tr><td>-</td><td><b>Identifier</b></td><td><b>Type</b></td><td><b>Quantity</b></td><td><b>Material</b></td></tr><tr><td>*</td><td>id: 123456</td><td>Blister <span style=\"background: LightGoldenRodYellow; margin: 4px; border: 1px solid khaki\"> (rmswi#100000073496)</span></td><td>28</td><td>PolyVinyl Chloride <span style=\"background: LightGoldenRodYellow; margin: 4px; border: 1px solid khaki\"> (rmswi#200000003222)</span></td></tr></table></div>"
  },
  "identifier": [
    {
      "use": "official",
      "system": "https://spor.ema.europa.eu/pmswi",
      "value": "EU/1/97/049/001"
    }
  ],
  "name": "Karvea 75 mg tablet blister x28 tablets",
  "type": {
    "coding": [
      {
        "system": "https://spor.ema.europa.eu/rmswi",
        "code": "100000155527",
        "display": "Chemical Medicinal Prodcut"
      }
    ]
  },
  "packageFor": [
    {
      "reference": "MedicinalProductDefinition/faa28e90-61d7-42d5-a5b0-e2c487946b24"
    }
  ],
  "status": {
    "coding": [
      {
        "code": "active"
      }
    ]
  },
  "statusDate": "2015-02-07T13:28:17Z",
  "containedItemQuantity": [
    {
      "value": 75,
      "system": "http://unitsofmeasure.org",
      "code": "mg"
    }
  ],
  "manufacturer": [
    {
      "reference": "Organization/5eaeea10-382e-4765-a30c-9cea53e0d83e"
    }
  ],
  "packaging": {
    "identifier": [
      {
        "system": "https://spor.ema.europa.eu/pmswi",
        "value": "123456"
      }
    ],
    "type": {
      "coding": [
        {
          "system": "https://spor.ema.europa.eu/rmswi",
          "code": "100000073496",
          "display": "Blister"
        }
      ]
    },
    "quantity": 28,
    "material": [
      {
        "coding": [
          {
            "system": "https://spor.ema.europa.eu/rmswi",
            "code": "200000003222",
            "display": "PolyVinyl Chloride"
          }
        ]
      }
    ]
  }
}