{
  "resourceType" : "PackagedProductDefinition",
  "id" : "ppd-925dad38f0afbba36223a82b3a766438",
  "meta" : {
    "profile" : ["http://hl7.org/fhir/uv/emedicinal-product-info/StructureDefinition/PackagedProductDefinition-uv-epi"]
  },
  "text" : {
    "status" : "generated",
    "div" : "<div xmlns=\"http://www.w3.org/1999/xhtml\"><p><b>Generated Narrative: PackagedProductDefinition</b><a name=\"ppd-925dad38f0afbba36223a82b3a766438\"> </a></p><div style=\"display: inline-block; background-color: #d9e0e7; padding: 6px; margin: 4px; border: 1px solid #8da1b4; border-radius: 5px; line-height: 60%\"><p style=\"margin-bottom: 0px\">Resource PackagedProductDefinition &quot;ppd-925dad38f0afbba36223a82b3a766438&quot; </p><p style=\"margin-bottom: 0px\">Profile: <a href=\"StructureDefinition-PackagedProductDefinition-uv-epi.html\">PackagedProductDefinition (ePI)</a></p></div><p><b>identifier</b>: id:\u00a0x\u00a0(use:\u00a0OFFICIAL)</p><p><b>name</b>: Calcio/Vitamina D3 ROVI 1000 mg / 880 UI comprimidos efervescentes</p><p><b>type</b>: Chemical Medicinal Prodcut <span style=\"background: LightGoldenRodYellow; margin: 4px; border: 1px solid khaki\"> (rmswi#100000155527)</span></p><p><b>packageFor</b>: <a href=\"MedicinalProductDefinition-mpd4bcbbaec04bf6aceb2f71162205967e.html\">MedicinalProductDefinition/mpd4bcbbaec04bf6aceb2f71162205967e</a></p><p><b>status</b>: Active <span style=\"background: LightGoldenRodYellow; margin: 4px; border: 1px solid khaki\"> (<a href=\"http://hl7.org/fhir/R5/codesystem-publication-status.html\">PublicationStatus</a>#active)</span></p><p><b>statusDate</b>: 2012-01-03</p><p><b>containedItemQuantity</b>: 2500 mg<span style=\"background: LightGoldenRodYellow\"> (Details: UCUM code mg = 'mg')</span></p><p><b>copackagedIndicator</b>: false</p><p><b>manufacturer</b>: <a href=\"Organization-org-b7afabe350ac415f70e662ba6c703030.html\">Organization/org-b7afabe350ac415f70e662ba6c703030</a> &quot;Laboratorios Farmacéuticos ROVI, S.A.&quot;</p><h3>Packagings</h3><table class=\"grid\"><tr><td>-</td><td><b>Identifier</b></td><td><b>Type</b></td><td><b>Quantity</b></td><td><b>Material</b></td></tr><tr><td>*</td><td>id:\u00a0123456</td><td>Blister <span style=\"background: LightGoldenRodYellow; margin: 4px; border: 1px solid khaki\"> (rmswi#100000073496)</span></td><td>30</td><td>cardboard <span style=\"background: LightGoldenRodYellow; margin: 4px; border: 1px solid khaki\"> (rmswi#xxx)</span></td></tr></table></div>"
  },
  "identifier" : [{
    "use" : "official",
    "system" : "https://spor.ema.europa.eu/pmswi",
    "value" : "x"
  }],
  "name" : "Calcio/Vitamina D3 ROVI 1000 mg / 880 UI comprimidos efervescentes",
  "type" : {
    "coding" : [{
      "system" : "https://spor.ema.europa.eu/rmswi",
      "code" : "100000155527",
      "display" : "Chemical Medicinal Prodcut"
    }]
  },
  "packageFor" : [{
    "reference" : "MedicinalProductDefinition/mpd4bcbbaec04bf6aceb2f71162205967e"
  }],
  "status" : {
    "coding" : [{
      "system" : "http://hl7.org/fhir/publication-status",
      "code" : "active",
      "display" : "Active"
    }]
  },
  "statusDate" : "2012-01-03",
  "containedItemQuantity" : [{
    "value" : 2500,
    "system" : "http://unitsofmeasure.org",
    "code" : "mg"
  }],
  "copackagedIndicator" : false,
  "manufacturer" : [{
    "reference" : "Organization/org-b7afabe350ac415f70e662ba6c703030"
  }],
  "packaging" : {
    "identifier" : [{
      "system" : "https://spor.ema.europa.eu/pmswi",
      "value" : "123456"
    }],
    "type" : {
      "coding" : [{
        "system" : "https://spor.ema.europa.eu/rmswi",
        "code" : "100000073496",
        "display" : "Blister"
      }]
    },
    "quantity" : 30,
    "material" : [{
      "coding" : [{
        "system" : "https://spor.ema.europa.eu/rmswi",
        "code" : "xxx",
        "display" : "cardboard"
      }]
    }]
  }
}