{
  "resourceType": "RegulatedAuthorization",
  "id": "cfaef28d-506d-410d-b689-8796b7a4d8c3",
  "meta": {
    "profile": [
      "http://hl7.org/fhir/uv/vulcan-eproduct-info/StructureDefinition/RegulatedAuthorization-uv-epi"
    ]
  },
  "text": {
    "status": "generated",
    "div": "<div xmlns=\"http://www.w3.org/1999/xhtml\"><p><b>Generated Narrative: RegulatedAuthorization</b><a name=\"cfaef28d-506d-410d-b689-8796b7a4d8c3\"> </a></p><div style=\"display: inline-block; background-color: #d9e0e7; padding: 6px; margin: 4px; border: 1px solid #8da1b4; border-radius: 5px; line-height: 60%\"><p style=\"margin-bottom: 0px\">Resource RegulatedAuthorization &quot;cfaef28d-506d-410d-b689-8796b7a4d8c3&quot; </p><p style=\"margin-bottom: 0px\">Profile: <a href=\"StructureDefinition-RegulatedAuthorization-uv-epi.html\">RegulatedAuthorization (ePI)</a></p></div><p><b>identifier</b>: id: EU/1/96/007/035 (use: OFFICIAL)</p><p><b>subject</b>: <a href=\"MedicinalProductDefinition-164e9629-3831-419a-b7fc-284c4f7d3997.html\">MedicinalProductDefinition/164e9629-3831-419a-b7fc-284c4f7d3997</a></p><p><b>type</b>: Marketing Authorisation <span style=\"background: LightGoldenRodYellow; margin: 4px; border: 1px solid khaki\"> (rmswi#100000072062)</span></p><p><b>region</b>: European Union <span style=\"background: LightGoldenRodYellow; margin: 4px; border: 1px solid khaki\"> (<a href=\"http://terminology.hl7.org/5.0.0/CodeSystem-ISO3166Part1.html\">ISO 3166-1 Codes for the representation of names of countries and their subdivisions — Part 1: Country code</a>#eu)</span></p><p><b>status</b>: Active <span style=\"background: LightGoldenRodYellow; margin: 4px; border: 1px solid khaki\"> (<a href=\"http://build.fhir.org/codesystem-publication-status.html\">PublicationStatus</a>#active)</span></p><p><b>statusDate</b>: 2015-02-07 01:28:17+0000</p><p><b>holder</b>: <a href=\"Organization-4128611d-15a4-47c3-8bec-cde2fae84429.html\">Organization/4128611d-15a4-47c3-8bec-cde2fae84429</a> &quot;Eli Lilly Nederland B.V.&quot;</p></div>"
  },
  "identifier": [
    {
      "use": "official",
      "system": "https://spor.ema.europa.eu/pmswi",
      "value": "EU/1/96/007/035"
    }
  ],
  "subject": [
    {
      "reference": "MedicinalProductDefinition/164e9629-3831-419a-b7fc-284c4f7d3997"
    }
  ],
  "type": {
    "coding": [
      {
        "system": "https://spor.ema.europa.eu/rmswi",
        "code": "100000072062",
        "display": "Marketing Authorisation"
      }
    ]
  },
  "region": [
    {
      "coding": [
        {
          "system": "urn:iso:std:iso:3166",
          "code": "eu",
          "display": "European Union"
        }
      ]
    }
  ],
  "status": {
    "coding": [
      {
        "system": "http://hl7.org/fhir/publication-status",
        "code": "active",
        "display": "Active"
      }
    ]
  },
  "statusDate": "2015-02-07T13:28:17Z",
  "holder": {
    "reference": "Organization/4128611d-15a4-47c3-8bec-cde2fae84429"
  }
}