{
  "resourceType" : "RegulatedAuthorization",
  "id" : "3b47ef8b-ee04-43c4-be51-ebfbc376a1e7",
  "meta" : {
    "profile" : ["http://hl7.org/fhir/uv/emedicinal-product-info/StructureDefinition/RegulatedAuthorization-uv-epi"]
  },
  "text" : {
    "status" : "generated",
    "div" : "<div xmlns=\"http://www.w3.org/1999/xhtml\"><p><b>Generated Narrative: RegulatedAuthorization</b><a name=\"3b47ef8b-ee04-43c4-be51-ebfbc376a1e7\"> </a></p><div style=\"display: inline-block; background-color: #d9e0e7; padding: 6px; margin: 4px; border: 1px solid #8da1b4; border-radius: 5px; line-height: 60%\"><p style=\"margin-bottom: 0px\">Resource RegulatedAuthorization &quot;3b47ef8b-ee04-43c4-be51-ebfbc376a1e7&quot; </p><p style=\"margin-bottom: 0px\">Profile: <a href=\"StructureDefinition-RegulatedAuthorization-uv-epi.html\">RegulatedAuthorization (ePI)</a></p></div><p><b>identifier</b>: id: EU/1/96/007/035 (use: OFFICIAL)</p><p><b>subject</b>: <a href=\"MedicinalProductDefinition-bbb0e905-112e-45ac-8a84-c5dcc42b97c5.html\">MedicinalProductDefinition/bbb0e905-112e-45ac-8a84-c5dcc42b97c5</a></p><p><b>type</b>: Marketing Authorisation <span style=\"background: LightGoldenRodYellow; margin: 4px; border: 1px solid khaki\"> (rmswi#100000072062)</span></p><p><b>region</b>: Denmark <span style=\"background: LightGoldenRodYellow; margin: 4px; border: 1px solid khaki\"> (<a href=\"http://terminology.hl7.org/5.0.0/CodeSystem-ISO3166Part1.html\">ISO 3166-1 Codes for the representation of names of countries and their subdivisions — Part 1: Country code</a>#DK)</span></p><p><b>status</b>: Active <span style=\"background: LightGoldenRodYellow; margin: 4px; border: 1px solid khaki\"> (<a href=\"http://hl7.org/fhir/5.0.0-snapshot3/codesystem-publication-status.html\">PublicationStatus</a>#active)</span></p><p><b>statusDate</b>: 2015-02-07 13:28:17+0000</p><p><b>holder</b>: <a href=\"Organization-07e1e5d6-0f65-4c18-a8e5-902ecee4ac6d.html\">Organization/07e1e5d6-0f65-4c18-a8e5-902ecee4ac6d</a> &quot;Eli Lilly Nederland B.V.&quot;</p></div>"
  },
  "identifier" : [{
    "use" : "official",
    "system" : "https://spor.ema.europa.eu/pmswi",
    "value" : "EU/1/96/007/035"
  }],
  "subject" : [{
    "reference" : "MedicinalProductDefinition/bbb0e905-112e-45ac-8a84-c5dcc42b97c5"
  }],
  "type" : {
    "coding" : [{
      "system" : "https://spor.ema.europa.eu/rmswi",
      "code" : "100000072062",
      "display" : "Marketing Authorisation"
    }]
  },
  "region" : [{
    "coding" : [{
      "system" : "urn:iso:std:iso:3166",
      "code" : "DK",
      "display" : "Denmark"
    }]
  }],
  "status" : {
    "coding" : [{
      "system" : "http://hl7.org/fhir/publication-status",
      "code" : "active",
      "display" : "Active"
    }]
  },
  "statusDate" : "2015-02-07T13:28:17Z",
  "holder" : {
    "reference" : "Organization/07e1e5d6-0f65-4c18-a8e5-902ecee4ac6d"
  }
}