{
  "resourceType" : "RegulatedAuthorization",
  "id" : "authorization4c6fd7bcbb34ab6e64e45a5035e4e5f4",
  "meta" : {
    "profile" : ["http://hl7.org/fhir/uv/emedicinal-product-info/StructureDefinition/RegulatedAuthorization-uv-epi"]
  },
  "text" : {
    "status" : "generated",
    "div" : "<div xmlns=\"http://www.w3.org/1999/xhtml\"><p><b>Generated Narrative: RegulatedAuthorization</b><a name=\"authorization4c6fd7bcbb34ab6e64e45a5035e4e5f4\"> </a></p><div style=\"display: inline-block; background-color: #d9e0e7; padding: 6px; margin: 4px; border: 1px solid #8da1b4; border-radius: 5px; line-height: 60%\"><p style=\"margin-bottom: 0px\">Resource RegulatedAuthorization &quot;authorization4c6fd7bcbb34ab6e64e45a5035e4e5f4&quot; </p><p style=\"margin-bottom: 0px\">Profile: <a href=\"StructureDefinition-RegulatedAuthorization-uv-epi.html\">RegulatedAuthorization (ePI)</a></p></div><p><b>identifier</b>: id: 77022 (use: OFFICIAL)</p><p><b>subject</b>: <a href=\"MedicinalProductDefinition-mpb3a8d58c709a2281d8ad2a590fe81663.html\">MedicinalProductDefinition/mpb3a8d58c709a2281d8ad2a590fe81663</a></p><p><b>type</b>: Marketing Authorisation <span style=\"background: LightGoldenRodYellow; margin: 4px; border: 1px solid khaki\"> (rmswi#100000072062)</span></p><p><b>region</b>: Spain <span style=\"background: LightGoldenRodYellow; margin: 4px; border: 1px solid khaki\"> (<a href=\"http://terminology.hl7.org/5.0.0/CodeSystem-ISO3166Part1.html\">ISO 3166-1 Codes for the representation of names of countries and their subdivisions — Part 1: Country code</a>#ES)</span></p><p><b>status</b>: Active <span style=\"background: LightGoldenRodYellow; margin: 4px; border: 1px solid khaki\"> (<a href=\"http://hl7.org/fhir/5.0.0-snapshot3/codesystem-publication-status.html\">PublicationStatus</a>#active)</span></p><p><b>statusDate</b>: 2021-01-01</p><p><b>holder</b>: <a href=\"Organization-org-6ade044addd6563de0baefebb1cceb8e.html\">Organization/org-6ade044addd6563de0baefebb1cceb8e</a> &quot;FERRING S.A.U.&quot;</p></div>"
  },
  "identifier" : [{
    "use" : "official",
    "system" : "https://spor.ema.europa.eu/pmswi",
    "value" : "77022"
  }],
  "subject" : [{
    "reference" : "MedicinalProductDefinition/mpb3a8d58c709a2281d8ad2a590fe81663"
  }],
  "type" : {
    "coding" : [{
      "system" : "https://spor.ema.europa.eu/rmswi",
      "code" : "100000072062",
      "display" : "Marketing Authorisation"
    }]
  },
  "region" : [{
    "coding" : [{
      "system" : "urn:iso:std:iso:3166",
      "code" : "ES",
      "display" : "Spain"
    }]
  }],
  "status" : {
    "coding" : [{
      "system" : "http://hl7.org/fhir/publication-status",
      "code" : "active",
      "display" : "Active"
    }]
  },
  "statusDate" : "2021-01-01",
  "holder" : {
    "reference" : "Organization/org-6ade044addd6563de0baefebb1cceb8e"
  }
}