{
  "resourceType" : "RegulatedAuthorization",
  "id" : "authorization816b7da4abc60b3e9ae3b37146463f8a",
  "meta" : {
    "profile" : ["http://hl7.org/fhir/uv/emedicinal-product-info/StructureDefinition/RegulatedAuthorization-uv-epi"]
  },
  "text" : {
    "status" : "generated",
    "div" : "<div xmlns=\"http://www.w3.org/1999/xhtml\"><p><b>Generated Narrative: RegulatedAuthorization</b><a name=\"authorization816b7da4abc60b3e9ae3b37146463f8a\"> </a></p><div style=\"display: inline-block; background-color: #d9e0e7; padding: 6px; margin: 4px; border: 1px solid #8da1b4; border-radius: 5px; line-height: 60%\"><p style=\"margin-bottom: 0px\">Resource RegulatedAuthorization &quot;authorization816b7da4abc60b3e9ae3b37146463f8a&quot; </p><p style=\"margin-bottom: 0px\">Profile: <a href=\"StructureDefinition-RegulatedAuthorization-uv-epi.html\">RegulatedAuthorization (ePI)</a></p></div><p><b>identifier</b>: id: EU/1/03/256/022 (use: OFFICIAL)</p><p><b>subject</b>: <a href=\"MedicinalProductDefinition-mpf97db27e6330f77484eb8425ad2913cd.html\">MedicinalProductDefinition/mpf97db27e6330f77484eb8425ad2913cd</a></p><p><b>type</b>: Marketing Authorisation <span style=\"background: LightGoldenRodYellow; margin: 4px; border: 1px solid khaki\"> (rmswi#100000072062)</span></p><p><b>region</b>: European Union <span style=\"background: LightGoldenRodYellow; margin: 4px; border: 1px solid khaki\"> (<a href=\"http://terminology.hl7.org/5.0.0/CodeSystem-ISO3166Part1.html\">ISO 3166-1 Codes for the representation of names of countries and their subdivisions — Part 1: Country code</a>#EU)</span></p><p><b>status</b>: Active <span style=\"background: LightGoldenRodYellow; margin: 4px; border: 1px solid khaki\"> (<a href=\"http://hl7.org/fhir/5.0.0-snapshot3/codesystem-publication-status.html\">PublicationStatus</a>#active)</span></p><p><b>statusDate</b>: 2008-09-08</p><p><b>holder</b>: <a href=\"Organization-org-fda7514c0dcb7b5f0176cb5af274235f.html\">Organization/org-fda7514c0dcb7b5f0176cb5af274235f</a> &quot;AbbVie Deutschland GmbH Co. KG&quot;</p></div>"
  },
  "identifier" : [{
    "use" : "official",
    "system" : "https://spor.ema.europa.eu/pmswi",
    "value" : "EU/1/03/256/022"
  }],
  "subject" : [{
    "reference" : "MedicinalProductDefinition/mpf97db27e6330f77484eb8425ad2913cd"
  }],
  "type" : {
    "coding" : [{
      "system" : "https://spor.ema.europa.eu/rmswi",
      "code" : "100000072062",
      "display" : "Marketing Authorisation"
    }]
  },
  "region" : [{
    "coding" : [{
      "system" : "urn:iso:std:iso:3166",
      "code" : "EU",
      "display" : "European Union"
    }]
  }],
  "status" : {
    "coding" : [{
      "system" : "http://hl7.org/fhir/publication-status",
      "code" : "active",
      "display" : "Active"
    }]
  },
  "statusDate" : "2008-09-08",
  "holder" : {
    "reference" : "Organization/org-fda7514c0dcb7b5f0176cb5af274235f"
  }
}