{
  "resourceType" : "SubstanceDefinition",
  "id" : "8bc132b8-063e-42d9-9c9c-1b5443c728f7",
  "meta" : {
    "profile" : ["http://hl7.org/fhir/uv/emedicinal-product-info/StructureDefinition/SubstanceDefinition-uv-epi"]
  },
  "text" : {
    "status" : "generated",
    "div" : "<div xmlns=\"http://www.w3.org/1999/xhtml\"><p><b>Generated Narrative: SubstanceDefinition</b><a name=\"8bc132b8-063e-42d9-9c9c-1b5443c728f7\"> </a></p><div style=\"display: inline-block; background-color: #d9e0e7; padding: 6px; margin: 4px; border: 1px solid #8da1b4; border-radius: 5px; line-height: 60%\"><p style=\"margin-bottom: 0px\">Resource SubstanceDefinition &quot;8bc132b8-063e-42d9-9c9c-1b5443c728f7&quot; </p><p style=\"margin-bottom: 0px\">Profile: <a href=\"StructureDefinition-SubstanceDefinition-uv-epi.html\">SubstanceDefinition (ePI)</a></p></div><p><b>identifier</b>: id: R8I97I2L24 (use: OFFICIAL)</p><p><b>version</b>: 1</p><p><b>status</b>: Validated (UNII) <span style=\"background: LightGoldenRodYellow; margin: 4px; border: 1px solid khaki\"> (#1)</span></p><p><b>manufacturer</b>: <a href=\"Organization-7b101af7-41a9-4566-af03-098059fe3f3d.html\">Organization/7b101af7-41a9-4566-af03-098059fe3f3d</a> &quot;Lacer, S.A. - Boters, 5&quot;</p><h3>MolecularWeights</h3><table class=\"grid\"><tr><td>-</td><td><b>Type</b></td><td><b>Amount</b></td></tr><tr><td>*</td><td>exact <span style=\"background: LightGoldenRodYellow; margin: 4px; border: 1px solid khaki\"> ()</span></td><td>402.49</td></tr></table><h3>Structures</h3><table class=\"grid\"><tr><td>-</td><td><b>MolecularFormula</b></td></tr><tr><td>*</td><td>C21H30N4O4</td></tr></table><h3>Names</h3><table class=\"grid\"><tr><td>-</td><td><b>Name</b></td><td><b>Type</b></td></tr><tr><td>*</td><td>4-amino-N-{1-[(cyclohex-3-en-1-yl)methyl]piperidin-4-yl}-2-ethoxy-5-nitrobenzamide</td><td>Chemical Name <span style=\"background: LightGoldenRodYellow; margin: 4px; border: 1px solid khaki\"> (#x)</span></td></tr></table></div>"
  },
  "identifier" : [{
    "use" : "official",
    "system" : "https://gsrs.ncats.nih.gov/ginas/app/beta/",
    "value" : "R8I97I2L24"
  }],
  "version" : "1",
  "status" : {
    "coding" : [{
      "system" : "https://gsrs.ncats.nih.gov/ginas/app/beta/",
      "code" : "1",
      "display" : "Validated (UNII)"
    }]
  },
  "manufacturer" : [{
    "reference" : "Organization/7b101af7-41a9-4566-af03-098059fe3f3d"
  }],
  "molecularWeight" : [{
    "type" : {
      "text" : "exact"
    },
    "amount" : {
      "value" : 402.49
    }
  }],
  "structure" : {
    "molecularFormula" : "C21H30N4O4"
  },
  "name" : [{
    "name" : "4-amino-N-{1-[(cyclohex-3-en-1-yl)methyl]piperidin-4-yl}-2-ethoxy-5-nitrobenzamide",
    "type" : {
      "coding" : [{
        "system" : "https://gsrs.ncats.nih.gov/ginas/app/beta/",
        "code" : "x",
        "display" : "Chemical Name"
      }]
    }
  }]
}