{
  "resourceType" : "ValueSet",
  "id" : "secondaryPrimaryPackType",
  "text" : {
    "status" : "generated",
    "div" : "<div xmlns=\"http://www.w3.org/1999/xhtml\"><ul><li>Include all codes defined in <code>http://example.org</code></li></ul></div>"
  },
  "url" : "http://hl7.org/fhir/uv/emedicinal-product-info/ValueSet/secondaryPrimaryPackType",
  "version" : "1.0.0-ballot",
  "name" : "VsSecondaryPrimaryPackType",
  "title" : "Pack Type",
  "status" : "active",
  "experimental" : false,
  "date" : "2023-01-14T01:22:25+00:00",
  "contact" : [{
    "name" : "HL7 BR&R",
    "telecom" : [{
      "system" : "url",
      "value" : "http://www.hl7.org/Special/committees/rcrim"
    }]
  }],
  "description" : "Pack Type",
  "jurisdiction" : [{
    "coding" : [{
      "system" : "http://unstats.un.org/unsd/methods/m49/m49.htm",
      "code" : "001",
      "display" : "World"
    }]
  }],
  "compose" : {
    "include" : [{
      "system" : "http://example.org"
    }]
  }
}