{
  "resourceType" : "ValueSet",
  "id" : "propertyFlavor",
  "text" : {
    "status" : "generated",
    "div" : "<div xmlns=\"http://www.w3.org/1999/xhtml\"><ul><li>Include these codes as defined in <code>urn:ietf:rfc:3986</code><table class=\"none\"><tr><td style=\"white-space:nowrap\"><b>Code</b></td><td><b>Display</b></td></tr><tr><td>https://ncithesaurus.nci.nih.gov/ncitbrowser/ConceptReport.jsp?dictionary=NCI_Thesaurus&amp;ns=ncit&amp;code=C73339</td><td/></tr></table></li></ul></div>"
  },
  "url" : "http://hl7.org/fhir/uv/emedicinal-product-info/ValueSet/propertyFlavor",
  "version" : "1.0.0-ballot",
  "name" : "VsPropertyFlavor",
  "title" : "Flavor of the product",
  "status" : "active",
  "experimental" : false,
  "date" : "2022-12-16T11:20:12+00:00",
  "contact" : [{
    "name" : "HL7 BR&R",
    "telecom" : [{
      "system" : "url",
      "value" : "http://www.hl7.org/Special/committees/rcrim"
    }]
  }],
  "description" : "Flavor of the product",
  "jurisdiction" : [{
    "coding" : [{
      "system" : "http://unstats.un.org/unsd/methods/m49/m49.htm",
      "code" : "001",
      "display" : "World"
    }]
  }],
  "compose" : {
    "include" : [{
      "system" : "urn:ietf:rfc:3986",
      "concept" : [{
        "code" : "https://ncithesaurus.nci.nih.gov/ncitbrowser/ConceptReport.jsp?dictionary=NCI_Thesaurus&ns=ncit&code=C73339"
      }]
    }]
  }
}